Accession,BioSample,Organism_Name,Species,Isolate,Segment,GenBank_Title,Length,Nuc_Completeness,Geo_Location,Country,Host,Collection_Date,Component,Isolate_Clean,Isolate_Pair_Core,Pair_Key
NC_001467.1,,Begomovirus manihotis,Begomovirus manihotis,West Kenyan 844,DNA A,"African cassava mosaic virus isolate West Kenyan 844 segment DNA1, complete sequence",2779,complete,,,Manihot esculenta,,A,west kenyan 844,west kenyan 844, || begomovirus manihotis || begomovirus manihotis || complete ||  ||  || manihot esculenta ||  || west kenyan 844
NC_001468.1,,Begomovirus manihotis,Begomovirus manihotis,West Kenyan 844,DNA B,"African cassava mosaic virus isolate West Kenyan 844 segment DNA2, complete sequence",2724,complete,,,Manihot esculenta,,B,west kenyan 844,west kenyan 844, || begomovirus manihotis || begomovirus manihotis || complete ||  ||  || manihot esculenta ||  || west kenyan 844
PV297817.1,,Begomovirus manihotis,Begomovirus manihotis,ACMV-B[CI:Abeng:CI51:20],DNA-B,"Begomovirus manihotis isolate ACMV-B[CI:Abeng:CI51:20] segment DNA-B, complete sequence",2724,complete,Cote d'Ivoire,Cote d'Ivoire,Manihot esculenta,2020-08-28,B,acmv-b[ci:abeng:ci51:20],acmv-b[ci:abeng:ci51:20], || begomovirus manihotis || begomovirus manihotis || complete || cote d'ivoire || cote d'ivoire || manihot esculenta || 2020-08-28 || acmv-b[ci:abeng:ci51:20]
PV297818.1,,Begomovirus manihotis,Begomovirus manihotis,ACMV-B[CI:Abeng:CI55:20],DNA-B,"Begomovirus manihotis isolate ACMV-B[CI:Abeng:CI55:20] segment DNA-B, complete sequence",2726,complete,Cote d'Ivoire,Cote d'Ivoire,Manihot esculenta,2020-08-29,B,acmv-b[ci:abeng:ci55:20],acmv-b[ci:abeng:ci55:20], || begomovirus manihotis || begomovirus manihotis || complete || cote d'ivoire || cote d'ivoire || manihot esculenta || 2020-08-29 || acmv-b[ci:abeng:ci55:20]
PV297819.1,,Begomovirus manihotis,Begomovirus manihotis,ACMV-B[CI:Abidj:CI6:20],DNA-B,"Begomovirus manihotis isolate ACMV-B[CI:Abidj:CI6:20] segment DNA-B, complete sequence",2723,complete,Cote d'Ivoire,Cote d'Ivoire,Manihot esculenta,2020-08-29,B,acmv-b[ci:abidj:ci6:20],acmv-b[ci:abidj:ci6:20], || begomovirus manihotis || begomovirus manihotis || complete || cote d'ivoire || cote d'ivoire || manihot esculenta || 2020-08-29 || acmv-b[ci:abidj:ci6:20]
PV297820.1,,Begomovirus manihotis,Begomovirus manihotis,ACMV-B[CI:Abidj:CI92:20],DNA-B,"Begomovirus manihotis isolate ACMV-B[CI:Abidj:CI92:20] segment DNA-B, complete sequence",2729,complete,Cote d'Ivoire,Cote d'Ivoire,Manihot esculenta,2020-08-29,B,acmv-b[ci:abidj:ci92:20],acmv-b[ci:abidj:ci92:20], || begomovirus manihotis || begomovirus manihotis || complete || cote d'ivoire || cote d'ivoire || manihot esculenta || 2020-08-29 || acmv-b[ci:abidj:ci92:20]
PV297821.1,,Begomovirus manihotis,Begomovirus manihotis,ACMV-B[CI:Abidj:CI99:20],DNA-B,"Begomovirus manihotis isolate ACMV-B[CI:Abidj:CI99:20] segment DNA-B, complete sequence",2720,complete,Cote d'Ivoire,Cote d'Ivoire,Manihot esculenta,2020-08-29,B,acmv-b[ci:abidj:ci99:20],acmv-b[ci:abidj:ci99:20], || begomovirus manihotis || begomovirus manihotis || complete || cote d'ivoire || cote d'ivoire || manihot esculenta || 2020-08-29 || acmv-b[ci:abidj:ci99:20]
PV297822.1,,Begomovirus manihotis,Begomovirus manihotis,ACMV-B[CI:Abois:CI10:20],DNA-B,"Begomovirus manihotis isolate ACMV-B[CI:Abois:CI10:20] segment DNA-B, complete sequence",2727,complete,Cote d'Ivoire,Cote d'Ivoire,Manihot esculenta,2020-07-30,B,acmv-b[ci:abois:ci10:20],acmv-b[ci:abois:ci10:20], || begomovirus manihotis || begomovirus manihotis || complete || cote d'ivoire || cote d'ivoire || manihot esculenta || 2020-07-30 || acmv-b[ci:abois:ci10:20]
PV297823.1,,Begomovirus manihotis,Begomovirus manihotis,ACMV-B[CI:Abois:CI36:20],DNA-B,"Begomovirus manihotis isolate ACMV-B[CI:Abois:CI36:20] segment DNA-B, complete sequence",2727,complete,Cote d'Ivoire,Cote d'Ivoire,Manihot esculenta,2020-07-30,B,acmv-b[ci:abois:ci36:20],acmv-b[ci:abois:ci36:20], || begomovirus manihotis || begomovirus manihotis || complete || cote d'ivoire || cote d'ivoire || manihot esculenta || 2020-07-30 || acmv-b[ci:abois:ci36:20]
PV297824.1,,Begomovirus manihotis,Begomovirus manihotis,ACMV-B[CI:Adzop:CI57:20],DNA-B,"Begomovirus manihotis isolate ACMV-B[CI:Adzop:CI57:20] segment DNA-B, complete sequence",2724,complete,Cote d'Ivoire,Cote d'Ivoire,Manihot esculenta,2020-07-30,B,acmv-b[ci:adzop:ci57:20],acmv-b[ci:adzop:ci57:20], || begomovirus manihotis || begomovirus manihotis || complete || cote d'ivoire || cote d'ivoire || manihot esculenta || 2020-07-30 || acmv-b[ci:adzop:ci57:20]
PV297825.1,,Begomovirus manihotis,Begomovirus manihotis,ACMV-B[CI:Adzop:CI284:20],DNA-B,"Begomovirus manihotis isolate ACMV-B[CI:Adzop:CI284:20] segment DNA-B, complete sequence",2723,complete,Cote d'Ivoire,Cote d'Ivoire,Manihot esculenta,2020-07-30,B,acmv-b[ci:adzop:ci284:20],acmv-b[ci:adzop:ci284:20], || begomovirus manihotis || begomovirus manihotis || complete || cote d'ivoire || cote d'ivoire || manihot esculenta || 2020-07-30 || acmv-b[ci:adzop:ci284:20]
PV297826.1,,Begomovirus manihotis,Begomovirus manihotis,ACMV-B[CI:Alepe:CI16:20],DNA-B,"Begomovirus manihotis isolate ACMV-B[CI:Alepe:CI16:20] segment DNA-B, complete sequence",2727,complete,Cote d'Ivoire,Cote d'Ivoire,Manihot esculenta,2020-08-29,B,acmv-b[ci:alepe:ci16:20],acmv-b[ci:alepe:ci16:20], || begomovirus manihotis || begomovirus manihotis || complete || cote d'ivoire || cote d'ivoire || manihot esculenta || 2020-08-29 || acmv-b[ci:alepe:ci16:20]
PV297827.1,,Begomovirus manihotis,Begomovirus manihotis,ACMV-B[CI:Anyam:CI275:20],DNA-B,"Begomovirus manihotis isolate ACMV-B[CI:Anyam:CI275:20] segment DNA-B, complete sequence",2724,complete,Cote d'Ivoire,Cote d'Ivoire,Manihot esculenta,2020-07-30,B,acmv-b[ci:anyam:ci275:20],acmv-b[ci:anyam:ci275:20], || begomovirus manihotis || begomovirus manihotis || complete || cote d'ivoire || cote d'ivoire || manihot esculenta || 2020-07-30 || acmv-b[ci:anyam:ci275:20]
PV297828.1,,Begomovirus manihotis,Begomovirus manihotis,ACMV-B[CI:Azag:CI277:20],DNA-B,"Begomovirus manihotis isolate ACMV-B[CI:Azag:CI277:20] segment DNA-B, complete sequence",2726,complete,Cote d'Ivoire,Cote d'Ivoire,Manihot esculenta,2020-07-28,B,acmv-b[ci:azag:ci277:20],acmv-b[ci:azag:ci277:20], || begomovirus manihotis || begomovirus manihotis || complete || cote d'ivoire || cote d'ivoire || manihot esculenta || 2020-07-28 || acmv-b[ci:azag:ci277:20]
PV297829.1,,Begomovirus manihotis,Begomovirus manihotis,ACMV-B[CI:Bass:CI1:20],DNA-B,"Begomovirus manihotis isolate ACMV-B[CI:Bass:CI1:20] segment DNA-B, complete sequence",2727,complete,Cote d'Ivoire,Cote d'Ivoire,Manihot esculenta,2020-09-01,B,acmv-b[ci:bass:ci1:20],acmv-b[ci:bass:ci1:20], || begomovirus manihotis || begomovirus manihotis || complete || cote d'ivoire || cote d'ivoire || manihot esculenta || 2020-09-01 || acmv-b[ci:bass:ci1:20]
PV297830.1,,Begomovirus manihotis,Begomovirus manihotis,ACMV-B[CI:Bondou:CI329:20],DNA-B,"Begomovirus manihotis isolate ACMV-B[CI:Bondou:CI329:20] segment DNA-B, complete sequence",2725,complete,Cote d'Ivoire,Cote d'Ivoire,Manihot esculenta,2020-09-01,B,acmv-b[ci:bondou:ci329:20],acmv-b[ci:bondou:ci329:20], || begomovirus manihotis || begomovirus manihotis || complete || cote d'ivoire || cote d'ivoire || manihot esculenta || 2020-09-01 || acmv-b[ci:bondou:ci329:20]
PV297831.1,,Begomovirus manihotis,Begomovirus manihotis,ACMV-B[CI:Bondou:CI339:20],DNA-B,"Begomovirus manihotis isolate ACMV-B[CI:Bondou:CI339:20] segment DNA-B, complete sequence",2724,complete,Cote d'Ivoire,Cote d'Ivoire,Manihot esculenta,2020-09-01,B,acmv-b[ci:bondou:ci339:20],acmv-b[ci:bondou:ci339:20], || begomovirus manihotis || begomovirus manihotis || complete || cote d'ivoire || cote d'ivoire || manihot esculenta || 2020-09-01 || acmv-b[ci:bondou:ci339:20]
PV297832.1,,Begomovirus manihotis,Begomovirus manihotis,ACMV-B[CI:Bongou:CI109:20],DNA-B,"Begomovirus manihotis isolate ACMV-B[CI:Bongou:CI109:20] segment DNA-B, complete sequence",2726,complete,Cote d'Ivoire,Cote d'Ivoire,Manihot esculenta,2020-09-01,B,acmv-b[ci:bongou:ci109:20],acmv-b[ci:bongou:ci109:20], || begomovirus manihotis || begomovirus manihotis || complete || cote d'ivoire || cote d'ivoire || manihot esculenta || 2020-09-01 || acmv-b[ci:bongou:ci109:20]
PV297833.1,,Begomovirus manihotis,Begomovirus manihotis,ACMV-B[CI:Bonou:CI11:20],DNA-B,"Begomovirus manihotis isolate ACMV-B[CI:Bonou:CI11:20] segment DNA-B, complete sequence",2726,complete,Cote d'Ivoire,Cote d'Ivoire,Manihot esculenta,2020-08-22,B,acmv-b[ci:bonou:ci11:20],acmv-b[ci:bonou:ci11:20], || begomovirus manihotis || begomovirus manihotis || complete || cote d'ivoire || cote d'ivoire || manihot esculenta || 2020-08-22 || acmv-b[ci:bonou:ci11:20]
PV297834.1,,Begomovirus manihotis,Begomovirus manihotis,ACMV-B[CI:Daloa:CI152:20],DNA-B,"Begomovirus manihotis isolate ACMV-B[CI:Daloa:CI152:20] segment DNA-B, complete sequence",2725,complete,Cote d'Ivoire,Cote d'Ivoire,Manihot esculenta,2020-08-22,B,acmv-b[ci:daloa:ci152:20],acmv-b[ci:daloa:ci152:20], || begomovirus manihotis || begomovirus manihotis || complete || cote d'ivoire || cote d'ivoire || manihot esculenta || 2020-08-22 || acmv-b[ci:daloa:ci152:20]
PV297835.1,,Begomovirus manihotis,Begomovirus manihotis,ACMV-B[CI:Daouk:CI113:20],DNA-B,"Begomovirus manihotis isolate ACMV-B[CI:Daouk:CI113:20] segment DNA-B, complete sequence",2724,complete,Cote d'Ivoire,Cote d'Ivoire,Manihot esculenta,2020-08-22,B,acmv-b[ci:daouk:ci113:20],acmv-b[ci:daouk:ci113:20], || begomovirus manihotis || begomovirus manihotis || complete || cote d'ivoire || cote d'ivoire || manihot esculenta || 2020-08-22 || acmv-b[ci:daouk:ci113:20]
PV297836.1,,Begomovirus manihotis,Begomovirus manihotis,ACMV-B[CI:Duek:CI167:20],DNA-B,"Begomovirus manihotis isolate ACMV-B[CI:Duek:CI167:20] segment DNA-B, complete sequence",2725,complete,Cote d'Ivoire,Cote d'Ivoire,Manihot esculenta,2020-08-22,B,acmv-b[ci:duek:ci167:20],acmv-b[ci:duek:ci167:20], || begomovirus manihotis || begomovirus manihotis || complete || cote d'ivoire || cote d'ivoire || manihot esculenta || 2020-08-22 || acmv-b[ci:duek:ci167:20]
PV297837.1,,Begomovirus manihotis,Begomovirus manihotis,ACMV-B[CI:Ferke:CI277:20],DNA-B,"Begomovirus manihotis isolate ACMV-B[CI:Ferke:CI277:20] segment DNA-B, complete sequence",2727,complete,Cote d'Ivoire,Cote d'Ivoire,Manihot esculenta,2020-08-22,B,acmv-b[ci:ferke:ci277:20],acmv-b[ci:ferke:ci277:20], || begomovirus manihotis || begomovirus manihotis || complete || cote d'ivoire || cote d'ivoire || manihot esculenta || 2020-08-22 || acmv-b[ci:ferke:ci277:20]
PV297838.1,,Begomovirus manihotis,Begomovirus manihotis,ACMV-B[CI:Guig:CI244:20],DNA-B,"Begomovirus manihotis isolate ACMV-B[CI:Guig:CI244:20] segment DNA-B, complete sequence",2727,complete,Cote d'Ivoire,Cote d'Ivoire,Manihot esculenta,2020-08-22,B,acmv-b[ci:guig:ci244:20],acmv-b[ci:guig:ci244:20], || begomovirus manihotis || begomovirus manihotis || complete || cote d'ivoire || cote d'ivoire || manihot esculenta || 2020-08-22 || acmv-b[ci:guig:ci244:20]
PV297839.1,,Begomovirus manihotis,Begomovirus manihotis,ACMV-B[CI:KounF:CI311:20],DNA-B,"Begomovirus manihotis isolate ACMV-B[CI:KounF:CI311:20] segment DNA-B, complete sequence",2725,complete,Cote d'Ivoire,Cote d'Ivoire,Manihot esculenta,2020-08-22,B,acmv-b[ci:kounf:ci311:20],acmv-b[ci:kounf:ci311:20], || begomovirus manihotis || begomovirus manihotis || complete || cote d'ivoire || cote d'ivoire || manihot esculenta || 2020-08-22 || acmv-b[ci:kounf:ci311:20]
PV297840.1,,Begomovirus manihotis,Begomovirus manihotis,ACMV-B[CI:KounF:CI313:20],DNA-B,"Begomovirus manihotis isolate ACMV-B[CI:KounF:CI313:20] segment DNA-B, complete sequence",2726,complete,Cote d'Ivoire,Cote d'Ivoire,Manihot esculenta,2020-08-22,B,acmv-b[ci:kounf:ci313:20],acmv-b[ci:kounf:ci313:20], || begomovirus manihotis || begomovirus manihotis || complete || cote d'ivoire || cote d'ivoire || manihot esculenta || 2020-08-22 || acmv-b[ci:kounf:ci313:20]
PV297841.1,,Begomovirus manihotis,Begomovirus manihotis,ACMV-B[CI:Logoua:CI170:20],DNA-B,"Begomovirus manihotis isolate ACMV-B[CI:Logoua:CI170:20] segment DNA-B, complete sequence",2725,complete,Cote d'Ivoire,Cote d'Ivoire,Manihot esculenta,2020-08-22,B,acmv-b[ci:logoua:ci170:20],acmv-b[ci:logoua:ci170:20], || begomovirus manihotis || begomovirus manihotis || complete || cote d'ivoire || cote d'ivoire || manihot esculenta || 2020-08-22 || acmv-b[ci:logoua:ci170:20]
PV297842.1,,Begomovirus manihotis,Begomovirus manihotis,ACMV-B[CI:Manko:CI383:20],DNA-B,"Begomovirus manihotis isolate ACMV-B[CI:Manko:CI383:20] segment DNA-B, complete sequence",2727,complete,Cote d'Ivoire,Cote d'Ivoire,Manihot esculenta,2020-08-22,B,acmv-b[ci:manko:ci383:20],acmv-b[ci:manko:ci383:20], || begomovirus manihotis || begomovirus manihotis || complete || cote d'ivoire || cote d'ivoire || manihot esculenta || 2020-08-22 || acmv-b[ci:manko:ci383:20]
PV297843.1,,Begomovirus manihotis,Begomovirus manihotis,ACMV-B[CI:Odien:CI247:20],DNA-B,"Begomovirus manihotis isolate ACMV-B[CI:Odien:CI247:20] segment DNA-B, complete sequence",2727,complete,Cote d'Ivoire,Cote d'Ivoire,Manihot esculenta,2020-08-22,B,acmv-b[ci:odien:ci247:20],acmv-b[ci:odien:ci247:20], || begomovirus manihotis || begomovirus manihotis || complete || cote d'ivoire || cote d'ivoire || manihot esculenta || 2020-08-22 || acmv-b[ci:odien:ci247:20]
PV297844.1,,Begomovirus manihotis,Begomovirus manihotis,ACMV-B[CI:Saiou:CI258:20],DNA-B,"Begomovirus manihotis isolate ACMV-B[CI:Saiou:CI258:20] segment DNA-B, complete sequence",2725,complete,Cote d'Ivoire,Cote d'Ivoire,Manihot esculenta,2020-08-22,B,acmv-b[ci:saiou:ci258:20],acmv-b[ci:saiou:ci258:20], || begomovirus manihotis || begomovirus manihotis || complete || cote d'ivoire || cote d'ivoire || manihot esculenta || 2020-08-22 || acmv-b[ci:saiou:ci258:20]
PV297845.1,,Begomovirus manihotis,Begomovirus manihotis,ACMV-B[CI:Sassan:CI81:20],DNA-B,"Begomovirus manihotis isolate ACMV-B[CI:Sassan:CI81:20] segment DNA-B, complete sequence",2722,complete,Cote d'Ivoire,Cote d'Ivoire,Manihot esculenta,2020-08-22,B,acmv-b[ci:sassan:ci81:20],acmv-b[ci:sassan:ci81:20], || begomovirus manihotis || begomovirus manihotis || complete || cote d'ivoire || cote d'ivoire || manihot esculenta || 2020-08-22 || acmv-b[ci:sassan:ci81:20]
PV297846.1,,Begomovirus manihotis,Begomovirus manihotis,ACMV-B[CI:Sassan:CI83:20],DNA-B,"Begomovirus manihotis isolate ACMV-B[CI:Sassan:CI83:20] segment DNA-B, complete sequence",2723,complete,Cote d'Ivoire,Cote d'Ivoire,Manihot esculenta,2020-08-22,B,acmv-b[ci:sassan:ci83:20],acmv-b[ci:sassan:ci83:20], || begomovirus manihotis || begomovirus manihotis || complete || cote d'ivoire || cote d'ivoire || manihot esculenta || 2020-08-22 || acmv-b[ci:sassan:ci83:20]
PV297847.1,,Begomovirus manihotis,Begomovirus manihotis,ACMV-B[CI:Sassan:CI191:20],DNA-B,"Begomovirus manihotis isolate ACMV-B[CI:Sassan:CI191:20] segment DNA-B, complete sequence",2723,complete,Cote d'Ivoire,Cote d'Ivoire,Manihot esculenta,2020-08-22,B,acmv-b[ci:sassan:ci191:20],acmv-b[ci:sassan:ci191:20], || begomovirus manihotis || begomovirus manihotis || complete || cote d'ivoire || cote d'ivoire || manihot esculenta || 2020-08-22 || acmv-b[ci:sassan:ci191:20]
PV297848.1,,Begomovirus manihotis,Begomovirus manihotis,ACMV-B[CI:Segue:CI349:20],DNA-B,"Begomovirus manihotis isolate ACMV-B[CI:Segue:CI349:20] segment DNA-B, complete sequence",2727,complete,Cote d'Ivoire,Cote d'Ivoire,Manihot esculenta,2020-08-29,B,acmv-b[ci:segue:ci349:20],acmv-b[ci:segue:ci349:20], || begomovirus manihotis || begomovirus manihotis || complete || cote d'ivoire || cote d'ivoire || manihot esculenta || 2020-08-29 || acmv-b[ci:segue:ci349:20]
PV297849.1,,Begomovirus manihotis,Begomovirus manihotis,ACMV-B[CI:Segue:CI372:20],DNA-B,"Begomovirus manihotis isolate ACMV-B[CI:Segue:CI372:20] segment DNA-B, complete sequence",2727,complete,Cote d'Ivoire,Cote d'Ivoire,Manihot esculenta,2020-08-29,B,acmv-b[ci:segue:ci372:20],acmv-b[ci:segue:ci372:20], || begomovirus manihotis || begomovirus manihotis || complete || cote d'ivoire || cote d'ivoire || manihot esculenta || 2020-08-29 || acmv-b[ci:segue:ci372:20]
PV297850.1,,Begomovirus manihotis,Begomovirus manihotis,ACMV-B[CI:Tingr:CI279:20],DNA-B,"Begomovirus manihotis isolate ACMV-B[CI:Tingr:CI279:20] segment DNA-B, complete sequence",2727,complete,Cote d'Ivoire,Cote d'Ivoire,Manihot esculenta,2020-08-29,B,acmv-b[ci:tingr:ci279:20],acmv-b[ci:tingr:ci279:20], || begomovirus manihotis || begomovirus manihotis || complete || cote d'ivoire || cote d'ivoire || manihot esculenta || 2020-08-29 || acmv-b[ci:tingr:ci279:20]
PV297851.1,,Begomovirus manihotis,Begomovirus manihotis,ACMV-B[CI:Touba:CI240:20],DNA-B,"Begomovirus manihotis isolate ACMV-B[CI:Touba:CI240:20] segment DNA-B, complete sequence",2725,complete,Cote d'Ivoire,Cote d'Ivoire,Manihot esculenta,2020-08-29,B,acmv-b[ci:touba:ci240:20],acmv-b[ci:touba:ci240:20], || begomovirus manihotis || begomovirus manihotis || complete || cote d'ivoire || cote d'ivoire || manihot esculenta || 2020-08-29 || acmv-b[ci:touba:ci240:20]
PQ261058.1,,Begomovirus manihotis,Begomovirus manihotis,ACMV-A-CI008-2-22,DNA-A,"Begomovirus manihotis isolate ACMV-A-CI008-2-22 segment DNA-A, complete sequence",2784,complete,Cote d'Ivoire,Cote d'Ivoire,Manihot esculenta,2022-01-18,A,acmv-a-ci008-2-22,acmv-ci008-2-22, || begomovirus manihotis || begomovirus manihotis || complete || cote d'ivoire || cote d'ivoire || manihot esculenta || 2022-01-18 || acmv-ci008-2-22
PQ261059.1,,Begomovirus manihotis,Begomovirus manihotis,ACMV-A-CI008-2-9,DNA-A,"Begomovirus manihotis isolate ACMV-A-CI008-2-9 segment DNA-A, complete sequence",2784,complete,Cote d'Ivoire,Cote d'Ivoire,Manihot esculenta,2022-01-18,A,acmv-a-ci008-2-9,acmv-ci008-2-9, || begomovirus manihotis || begomovirus manihotis || complete || cote d'ivoire || cote d'ivoire || manihot esculenta || 2022-01-18 || acmv-ci008-2-9
PQ261060.1,,Begomovirus manihotis,Begomovirus manihotis,ACMV-A-CI008-2-5,DNA-A,"Begomovirus manihotis isolate ACMV-A-CI008-2-5 segment DNA-A, complete sequence",2784,complete,Cote d'Ivoire,Cote d'Ivoire,Manihot esculenta,2022-01-18,A,acmv-a-ci008-2-5,acmv-ci008-2-5, || begomovirus manihotis || begomovirus manihotis || complete || cote d'ivoire || cote d'ivoire || manihot esculenta || 2022-01-18 || acmv-ci008-2-5
PQ261061.1,,Begomovirus manihotis,Begomovirus manihotis,ACMV-A-CI008-2-29,DNA-A,"Begomovirus manihotis isolate ACMV-A-CI008-2-29 segment DNA-A, complete sequence",2784,complete,Cote d'Ivoire,Cote d'Ivoire,Manihot esculenta,2022-01-18,A,acmv-a-ci008-2-29,acmv-ci008-2-29, || begomovirus manihotis || begomovirus manihotis || complete || cote d'ivoire || cote d'ivoire || manihot esculenta || 2022-01-18 || acmv-ci008-2-29
PQ261062.1,,Begomovirus manihotis,Begomovirus manihotis,ACMV-A-CI008-2-43,DNA-A,"Begomovirus manihotis isolate ACMV-A-CI008-2-43 segment DNA-A, complete sequence",2784,complete,Cote d'Ivoire,Cote d'Ivoire,Manihot esculenta,2022-01-18,A,acmv-a-ci008-2-43,acmv-ci008-2-43, || begomovirus manihotis || begomovirus manihotis || complete || cote d'ivoire || cote d'ivoire || manihot esculenta || 2022-01-18 || acmv-ci008-2-43
PQ261063.1,,Begomovirus manihotis,Begomovirus manihotis,ACMV-A-CI008-2-61,DNA-A,"Begomovirus manihotis isolate ACMV-A-CI008-2-61 segment DNA-A, complete sequence",2784,complete,Cote d'Ivoire,Cote d'Ivoire,Manihot esculenta,2022-01-18,A,acmv-a-ci008-2-61,acmv-ci008-2-61, || begomovirus manihotis || begomovirus manihotis || complete || cote d'ivoire || cote d'ivoire || manihot esculenta || 2022-01-18 || acmv-ci008-2-61
PQ261064.1,,Begomovirus manihotis,Begomovirus manihotis,ACMV-A-CI008-2-18,DNA-A,"Begomovirus manihotis isolate ACMV-A-CI008-2-18 segment DNA-A, complete sequence",2788,complete,Cote d'Ivoire,Cote d'Ivoire,Manihot esculenta,2022-01-18,A,acmv-a-ci008-2-18,acmv-ci008-2-18, || begomovirus manihotis || begomovirus manihotis || complete || cote d'ivoire || cote d'ivoire || manihot esculenta || 2022-01-18 || acmv-ci008-2-18
PQ261065.1,,Begomovirus manihotis,Begomovirus manihotis,ACMV-A-CI008-2-34,DNA-A,"Begomovirus manihotis isolate ACMV-A-CI008-2-34 segment DNA-A, complete sequence",2785,complete,Cote d'Ivoire,Cote d'Ivoire,Manihot esculenta,2022-01-18,A,acmv-a-ci008-2-34,acmv-ci008-2-34, || begomovirus manihotis || begomovirus manihotis || complete || cote d'ivoire || cote d'ivoire || manihot esculenta || 2022-01-18 || acmv-ci008-2-34
PQ261066.1,,Begomovirus manihotis,Begomovirus manihotis,ACMV-A-CI008-2-6,DNA-A,"Begomovirus manihotis isolate ACMV-A-CI008-2-6 segment DNA-A, complete sequence",2784,complete,Cote d'Ivoire,Cote d'Ivoire,Manihot esculenta,2022-01-18,A,acmv-a-ci008-2-6,acmv-ci008-2-6, || begomovirus manihotis || begomovirus manihotis || complete || cote d'ivoire || cote d'ivoire || manihot esculenta || 2022-01-18 || acmv-ci008-2-6
PQ261067.1,,Begomovirus manihotis,Begomovirus manihotis,ACMV-B-CI008-2-59,DNA-B,"Begomovirus manihotis isolate ACMV-B-CI008-2-59 segment DNA-B, complete sequence",2726,complete,Cote d'Ivoire,Cote d'Ivoire,Manihot esculenta,2022-01-18,B,acmv-b-ci008-2-59,acmv-ci008-2-59, || begomovirus manihotis || begomovirus manihotis || complete || cote d'ivoire || cote d'ivoire || manihot esculenta || 2022-01-18 || acmv-ci008-2-59
PQ261068.1,,Begomovirus manihotis,Begomovirus manihotis,ACMV-B-CI008-2-101,DNA-B,"Begomovirus manihotis isolate ACMV-B-CI008-2-101 segment DNA-B, complete sequence",2726,complete,Cote d'Ivoire,Cote d'Ivoire,Manihot esculenta,2022-01-18,B,acmv-b-ci008-2-101,acmv-ci008-2-101, || begomovirus manihotis || begomovirus manihotis || complete || cote d'ivoire || cote d'ivoire || manihot esculenta || 2022-01-18 || acmv-ci008-2-101
PQ261069.1,,Begomovirus manihotis,Begomovirus manihotis,ACMV-B-CI008-1-11,DNA-B,"Begomovirus manihotis isolate ACMV-B-CI008-1-11 segment DNA-B, complete sequence",2726,complete,Cote d'Ivoire,Cote d'Ivoire,Manihot esculenta,2022-01-18,B,acmv-b-ci008-1-11,acmv-ci008-1-11, || begomovirus manihotis || begomovirus manihotis || complete || cote d'ivoire || cote d'ivoire || manihot esculenta || 2022-01-18 || acmv-ci008-1-11
PQ261070.1,,Begomovirus manihotis,Begomovirus manihotis,ACMV-B-CI008-2-123,DNA-B,"Begomovirus manihotis isolate ACMV-B-CI008-2-123 segment DNA-B, complete sequence",2726,complete,Cote d'Ivoire,Cote d'Ivoire,Manihot esculenta,2022-01-18,B,acmv-b-ci008-2-123,acmv-ci008-2-123, || begomovirus manihotis || begomovirus manihotis || complete || cote d'ivoire || cote d'ivoire || manihot esculenta || 2022-01-18 || acmv-ci008-2-123
PQ261071.1,,Begomovirus manihotis,Begomovirus manihotis,ACMV-A-CI008-01_A_M,DNA-A,"Begomovirus manihotis isolate ACMV-A-CI008-01_A_M segment DNA-A, complete sequence",2784,complete,Cote d'Ivoire,Cote d'Ivoire,Manihot esculenta,2022-01-18,A,acmv-a-ci008-01_a_m,acmv-ci008-01-m, || begomovirus manihotis || begomovirus manihotis || complete || cote d'ivoire || cote d'ivoire || manihot esculenta || 2022-01-18 || acmv-ci008-01-m
PQ261072.1,,Begomovirus manihotis,Begomovirus manihotis,ACMV-B-CI008-01_B_M,DNA-B,"Begomovirus manihotis isolate ACMV-B-CI008-01_B_M segment DNA-B, complete sequence",2726,complete,Cote d'Ivoire,Cote d'Ivoire,Manihot esculenta,2022-01-18,B,acmv-b-ci008-01_b_m,acmv-ci008-01-m, || begomovirus manihotis || begomovirus manihotis || complete || cote d'ivoire || cote d'ivoire || manihot esculenta || 2022-01-18 || acmv-ci008-01-m
PX289778.1,,Begomovirus manihotis,Begomovirus manihotis,CMD03A,DNA-A,"Begomovirus manihotis isolate CMD03A segment DNA-A, complete sequence",2781,complete,Nigeria: Oyo,Nigeria,Manihot esculenta,2020-09-12,A,cmd03a,cmd03, || begomovirus manihotis || begomovirus manihotis || complete || nigeria: oyo || nigeria || manihot esculenta || 2020-09-12 || cmd03
PX289779.1,,Begomovirus manihotis,Begomovirus manihotis,CMD03B,DNA-B,"Begomovirus manihotis isolate CMD03B segment DNA-B, complete sequence",2728,complete,Nigeria: Oyo,Nigeria,Manihot esculenta,2020-09-12,B,cmd03b,cmd03, || begomovirus manihotis || begomovirus manihotis || complete || nigeria: oyo || nigeria || manihot esculenta || 2020-09-12 || cmd03
PX289780.1,,Begomovirus manihotis,Begomovirus manihotis,CMD04A,DNA-A,"Begomovirus manihotis isolate CMD04A segment DNA-A, complete sequence",2781,complete,Nigeria: FCT,Nigeria,Manihot esculenta,2020-03-11,A,cmd04a,cmd04, || begomovirus manihotis || begomovirus manihotis || complete || nigeria: fct || nigeria || manihot esculenta || 2020-03-11 || cmd04
PX289781.1,,Begomovirus manihotis,Begomovirus manihotis,CMD04B,DNA-B,"Begomovirus manihotis isolate CMD04B segment DNA-B, complete sequence",2729,complete,Nigeria: FCT,Nigeria,Manihot esculenta,2020-03-11,B,cmd04b,cmd04, || begomovirus manihotis || begomovirus manihotis || complete || nigeria: fct || nigeria || manihot esculenta || 2020-03-11 || cmd04
PX289782.1,,Begomovirus manihotis,Begomovirus manihotis,CMD07A,DNA-A,"Begomovirus manihotis isolate CMD07A segment DNA-A, complete sequence",2781,complete,Nigeria: Ekiti,Nigeria,Manihot esculenta,2020-09-12,A,cmd07a,cmd07, || begomovirus manihotis || begomovirus manihotis || complete || nigeria: ekiti || nigeria || manihot esculenta || 2020-09-12 || cmd07
PX289783.1,,Begomovirus manihotis,Begomovirus manihotis,CMD07B,DNA-B,"Begomovirus manihotis isolate CMD07B segment DNA-B, complete sequence",2734,complete,Nigeria: Ekiti,Nigeria,Manihot esculenta,2020-09-12,B,cmd07b,cmd07, || begomovirus manihotis || begomovirus manihotis || complete || nigeria: ekiti || nigeria || manihot esculenta || 2020-09-12 || cmd07
PX289784.1,,Begomovirus manihotis,Begomovirus manihotis,CMD08A,DNA-A,"Begomovirus manihotis isolate CMD08A segment DNA-A, complete sequence",2653,complete,Nigeria: Ogun,Nigeria,Manihot esculenta,2020-05-05,A,cmd08a,cmd08, || begomovirus manihotis || begomovirus manihotis || complete || nigeria: ogun || nigeria || manihot esculenta || 2020-05-05 || cmd08
PX289785.1,,Begomovirus manihotis,Begomovirus manihotis,CMD08B,DNA-B,"Begomovirus manihotis isolate CMD08B segment DNA-B, complete sequence",2724,complete,Nigeria: Ogun,Nigeria,Manihot esculenta,2020-05-05,B,cmd08b,cmd08, || begomovirus manihotis || begomovirus manihotis || complete || nigeria: ogun || nigeria || manihot esculenta || 2020-05-05 || cmd08
PX289786.1,,Begomovirus manihotis,Begomovirus manihotis,CMD09A,DNA-A,"Begomovirus manihotis isolate CMD09A segment DNA-A, complete sequence",2781,complete,Nigeria: Ogun,Nigeria,Manihot esculenta,2020-05-05,A,cmd09a,cmd09, || begomovirus manihotis || begomovirus manihotis || complete || nigeria: ogun || nigeria || manihot esculenta || 2020-05-05 || cmd09
PX289787.1,,Begomovirus manihotis,Begomovirus manihotis,CMD09B,DNA-B,"Begomovirus manihotis isolate CMD09B segment DNA-B, complete sequence",2741,complete,Nigeria: Ogun,Nigeria,Manihot esculenta,2020-05-05,B,cmd09b,cmd09, || begomovirus manihotis || begomovirus manihotis || complete || nigeria: ogun || nigeria || manihot esculenta || 2020-05-05 || cmd09
PX289788.1,,Begomovirus manihotis,Begomovirus manihotis,CMD10A,DNA-A,"Begomovirus manihotis isolate CMD10A segment DNA-A, complete sequence",2781,complete,Nigeria: Ogun,Nigeria,Manihot esculenta,2020-05-05,A,cmd10a,cmd10, || begomovirus manihotis || begomovirus manihotis || complete || nigeria: ogun || nigeria || manihot esculenta || 2020-05-05 || cmd10
PX289789.1,,Begomovirus manihotis,Begomovirus manihotis,CMD10B,DNA-B,"Begomovirus manihotis isolate CMD10B segment DNA-B, complete sequence",2725,complete,Nigeria: Ogun,Nigeria,Manihot esculenta,2020-05-05,B,cmd10b,cmd10, || begomovirus manihotis || begomovirus manihotis || complete || nigeria: ogun || nigeria || manihot esculenta || 2020-05-05 || cmd10
PX289790.1,,Begomovirus manihotis,Begomovirus manihotis,CMD12A,DNA-A,"Begomovirus manihotis isolate CMD12A segment DNA-A, complete sequence",2781,complete,Nigeria: Lagos,Nigeria,Manihot esculenta,2020-11-11,A,cmd12a,cmd12, || begomovirus manihotis || begomovirus manihotis || complete || nigeria: lagos || nigeria || manihot esculenta || 2020-11-11 || cmd12
PX289791.1,,Begomovirus manihotis,Begomovirus manihotis,CMD12B,DNA-B,"Begomovirus manihotis isolate CMD12B segment DNA-B, complete sequence",2726,complete,Nigeria: Lagos,Nigeria,Manihot esculenta,2020-11-11,B,cmd12b,cmd12, || begomovirus manihotis || begomovirus manihotis || complete || nigeria: lagos || nigeria || manihot esculenta || 2020-11-11 || cmd12
PX289792.1,,Begomovirus manihotis,Begomovirus manihotis,CMD01A,DNA-A,"Begomovirus manihotis isolate CMD01A segment DNA-A, complete sequence",2781,complete,Nigeria: Niger,Nigeria,Manihot esculenta,2016-03-11,A,cmd01a,cmd01, || begomovirus manihotis || begomovirus manihotis || complete || nigeria: niger || nigeria || manihot esculenta || 2016-03-11 || cmd01
PX289793.1,,Begomovirus manihotis,Begomovirus manihotis,CMD11A,DNA-A,"Begomovirus manihotis isolate CMD11A segment DNA-A, complete sequence",2784,complete,Nigeria: Lagos,Nigeria,Manihot esculenta,2020-11-11,A,cmd11a,cmd11, || begomovirus manihotis || begomovirus manihotis || complete || nigeria: lagos || nigeria || manihot esculenta || 2020-11-11 || cmd11
PX289794.1,,Begomovirus manihotis,Begomovirus manihotis,CMD02B,DNA-B,"Begomovirus manihotis isolate CMD02B segment DNA-B, complete sequence",2726,complete,Nigeria: Oyo,Nigeria,Manihot esculenta,2020-09-12,B,cmd02b,cmd02, || begomovirus manihotis || begomovirus manihotis || complete || nigeria: oyo || nigeria || manihot esculenta || 2020-09-12 || cmd02
PV747991.1,,Begomovirus manihotis,Begomovirus manihotis,DSMZ PV-0871,DNA-A,"Begomovirus manihotis isolate DSMZ PV-0871 segment DNA-A, complete sequence",2784,complete,Republic of the Congo,Republic of the Congo,Manihot esculenta,,A,dsmz pv-0871,dsmz pv-0871, || begomovirus manihotis || begomovirus manihotis || complete || republic of the congo || republic of the congo || manihot esculenta ||  || dsmz pv-0871
PV747992.1,,Begomovirus manihotis,Begomovirus manihotis,DSMZ PV-0871,DNA-B,"Begomovirus manihotis isolate DSMZ PV-0871 segment DNA-B, complete sequence",2725,complete,Republic of the Congo,Republic of the Congo,Manihot esculenta,,B,dsmz pv-0871,dsmz pv-0871, || begomovirus manihotis || begomovirus manihotis || complete || republic of the congo || republic of the congo || manihot esculenta ||  || dsmz pv-0871
PV747993.1,,Begomovirus manihotis,Begomovirus manihotis,DSMZ PV-0982,DNA-A,"Begomovirus manihotis isolate DSMZ PV-0982 segment DNA-A, complete sequence",2780,complete,Republic of the Congo,Republic of the Congo,Manihot esculenta,,A,dsmz pv-0982,dsmz pv-0982, || begomovirus manihotis || begomovirus manihotis || complete || republic of the congo || republic of the congo || manihot esculenta ||  || dsmz pv-0982
PV747994.1,,Begomovirus manihotis,Begomovirus manihotis,DSMZ PV-0982,DNA-B,"Begomovirus manihotis isolate DSMZ PV-0982 segment DNA-B, complete sequence",2726,complete,Republic of the Congo,Republic of the Congo,Manihot esculenta,,B,dsmz pv-0982,dsmz pv-0982, || begomovirus manihotis || begomovirus manihotis || complete || republic of the congo || republic of the congo || manihot esculenta ||  || dsmz pv-0982
LC832866.1,,Begomovirus manihotis,Begomovirus manihotis,Forecariah-21,DNA-A,"Begomovirus manihotis Forecariah-21 DNA, segment DNA-A, complete genome",2784,complete,Guinea:Forecariah,Guinea,Manihot esculenta,2023-07-31,A,forecariah-21,forecariah-21, || begomovirus manihotis || begomovirus manihotis || complete || guinea:forecariah || guinea || manihot esculenta || 2023-07-31 || forecariah-21
PP503026.1,,African cassava mosaic virus,Begomovirus manihotis,DSMZ PV-0095,DNA A,"African cassava mosaic virus isolate DSMZ PV-0095 segment DNA A, complete sequence",2779,complete,Kenya,Kenya,Manihot esculenta,,A,dsmz pv-0095,dsmz pv-0095, || african cassava mosaic virus || begomovirus manihotis || complete || kenya || kenya || manihot esculenta ||  || dsmz pv-0095
PP503027.1,,African cassava mosaic virus,Begomovirus manihotis,DSMZ PV-0095,DNA B,"African cassava mosaic virus isolate DSMZ PV-0095 segment DNA B, complete sequence",2722,complete,Kenya,Kenya,Manihot esculenta,,B,dsmz pv-0095,dsmz pv-0095, || african cassava mosaic virus || begomovirus manihotis || complete || kenya || kenya || manihot esculenta ||  || dsmz pv-0095
OP947587.1,,Begomovirus manihotis,Begomovirus manihotis,DSMZ PV-0421,DNA A,"African cassava mosaic virus isolate DSMZ PV-0421 segment DNA A, complete sequence",2782,complete,Nigeria,Nigeria,Manihot esculenta,,A,dsmz pv-0421,dsmz pv-0421, || begomovirus manihotis || begomovirus manihotis || complete || nigeria || nigeria || manihot esculenta ||  || dsmz pv-0421
OP947588.1,,Begomovirus manihotis,Begomovirus manihotis,DSMZ PV-0421,DNA B,"African cassava mosaic virus isolate DSMZ PV-0421 segment DNA B, complete sequence",2724,complete,Nigeria,Nigeria,Manihot esculenta,,B,dsmz pv-0421,dsmz pv-0421, || begomovirus manihotis || begomovirus manihotis || complete || nigeria || nigeria || manihot esculenta ||  || dsmz pv-0421
LC721738.1,,Begomovirus manihotis,Begomovirus manihotis,ACMV-A-CI-Man-CI25-17,DNA-A,"African cassava mosaic virus ACMV-A-CI-Man-CI25-17 DNA, segment DNA-A, complete sequence",2781,complete,Cote d'Ivoire,Cote d'Ivoire,Manihot esculenta,2017-10-20,A,acmv-a-ci-man-ci25-17,acmv-ci-man-ci25-17, || begomovirus manihotis || begomovirus manihotis || complete || cote d'ivoire || cote d'ivoire || manihot esculenta || 2017-10-20 || acmv-ci-man-ci25-17
LC721739.1,,African cassava mosaic virus,Begomovirus manihotis,ACMV-CI-Man-CI32-17,DNA-A,"African cassava mosaic virus ACMV-CI-Man-CI32-17 DNA, segment DNA-A, complete sequence",2781,complete,Cote d'Ivoire,Cote d'Ivoire,Manihot esculenta,2017-10-20,A,acmv-ci-man-ci32-17,acmv-ci-man-ci32-17, || african cassava mosaic virus || begomovirus manihotis || complete || cote d'ivoire || cote d'ivoire || manihot esculenta || 2017-10-20 || acmv-ci-man-ci32-17
LC721740.1,,Begomovirus manihotis,Begomovirus manihotis,ACMV-CI-Bou-CI10-6B-17,DNA-A,"African cassava mosaic virus ACMV-CI-Bou-CI10-6B-17 DNA, segment DNA-A, complete sequence",2783,complete,Cote d'Ivoire,Cote d'Ivoire,Manihot esculenta,2017-09-20,A,acmv-ci-bou-ci10-6b-17,acmv-ci-bou-ci10-6b-17, || begomovirus manihotis || begomovirus manihotis || complete || cote d'ivoire || cote d'ivoire || manihot esculenta || 2017-09-20 || acmv-ci-bou-ci10-6b-17
LC722230.1,,Begomovirus manihotis,Begomovirus manihotis,ACMV-CI-Bou-CI6-17,DNA-A,"African cassava mosaic virus ACMV-CI-Bou-CI6-17 DNA, segment DNA-A, complete sequence",2783,complete,Cote d'Ivoire,Cote d'Ivoire,Manihot esculenta,2017-09-20,A,acmv-ci-bou-ci6-17,acmv-ci-bou-ci6-17, || begomovirus manihotis || begomovirus manihotis || complete || cote d'ivoire || cote d'ivoire || manihot esculenta || 2017-09-20 || acmv-ci-bou-ci6-17
LC722237.1,,Begomovirus manihotis,Begomovirus manihotis,ACMV-CI-Bou-CI7-2-17,DNA-B,"African cassava mosaic virus ACMV-CI-Bou-CI7-2-17 DNA, segment DNA-B, complete sequence",2729,complete,Cote d'Ivoire,Cote d'Ivoire,Manihot esculenta,2017-09-20,B,acmv-ci-bou-ci7-2-17,acmv-ci-bou-ci7-2-17, || begomovirus manihotis || begomovirus manihotis || complete || cote d'ivoire || cote d'ivoire || manihot esculenta || 2017-09-20 || acmv-ci-bou-ci7-2-17
LC723864.1,,Begomovirus manihotis,Begomovirus manihotis,ACMV-[CI:Bou:CI2:17],DNA-A,"African cassava mosaic virus ACMV-[CI:Bou:CI2:17] DNA, segment DNA-A, complete sequence",2781,complete,Cote d'Ivoire: Bouake,Cote d'Ivoire,Centrosema pubescens,2017-09-20,A,acmv-[ci:bou:ci2:17],acmv-[ci:bou:ci2:17], || begomovirus manihotis || begomovirus manihotis || complete || cote d'ivoire: bouake || cote d'ivoire || centrosema pubescens || 2017-09-20 || acmv-[ci:bou:ci2:17]
LC723865.1,,Begomovirus manihotis,Begomovirus manihotis,ACMV-[CI:Bou:CI3:17],DNA-A,"African cassava mosaic virus ACMV-[CI:Bou:CI3:17] DNA, segment DNA-A, complete sequence",2781,complete,Cote d'Ivoire: Bouake,Cote d'Ivoire,Centrosema pubescens,2017-09-20,A,acmv-[ci:bou:ci3:17],acmv-[ci:bou:ci3:17], || begomovirus manihotis || begomovirus manihotis || complete || cote d'ivoire: bouake || cote d'ivoire || centrosema pubescens || 2017-09-20 || acmv-[ci:bou:ci3:17]
LC723866.1,,Begomovirus manihotis,Begomovirus manihotis,ACMV-[CI:Bou:CI6:17],DNA-B,"African cassava mosaic virus ACMV-[CI:Bou:CI6:17] DNA, segment DNA-B, complete sequence",2721,complete,Cote d'Ivoire: Bouake,Cote d'Ivoire,Asystasia gangetica,2017-09-20,B,acmv-[ci:bou:ci6:17],acmv-[ci:bou:ci6:17], || begomovirus manihotis || begomovirus manihotis || complete || cote d'ivoire: bouake || cote d'ivoire || asystasia gangetica || 2017-09-20 || acmv-[ci:bou:ci6:17]
LC723867.1,,Begomovirus manihotis,Begomovirus manihotis,ACMV-[CI:Bou:CI5:17],DNA-B,"African cassava mosaic virus ACMV-[CI:Bou:CI5:17] DNA, segment DNA-B, complete sequence",2719,complete,Cote d'Ivoire: Bouake,Cote d'Ivoire,Asystasia gangetica,2017-09-20,B,acmv-[ci:bou:ci5:17],acmv-[ci:bou:ci5:17], || begomovirus manihotis || begomovirus manihotis || complete || cote d'ivoire: bouake || cote d'ivoire || asystasia gangetica || 2017-09-20 || acmv-[ci:bou:ci5:17]
LC723868.1,,Begomovirus manihotis,Begomovirus manihotis,ACMV-[CI:Bou:CI10:17],DNA-B,"African cassava mosaic virus ACMV-[CI:Bou:CI10:17] DNA, segment DNA-B, complete sequence",2722,complete,Cote d'Ivoire: Bouake,Cote d'Ivoire,Centrosema pubescens,2017-09-20,B,acmv-[ci:bou:ci10:17],acmv-[ci:bou:ci10:17], || begomovirus manihotis || begomovirus manihotis || complete || cote d'ivoire: bouake || cote d'ivoire || centrosema pubescens || 2017-09-20 || acmv-[ci:bou:ci10:17]
LC724016.1,,Begomovirus manihotis,Begomovirus manihotis,ACMV-[CI:Aboi:CI71:17],DNA-B,"African cassava mosaic virus ACMV-[CI:Aboi:CI71:17] DNA, segment DNA-B, complete sequence",2722,complete,Cote d'Ivoire: Aboisso,Cote d'Ivoire,Centrosema pubescens,2017-09-20,B,acmv-[ci:aboi:ci71:17],acmv-[ci:aboi:ci71:17], || begomovirus manihotis || begomovirus manihotis || complete || cote d'ivoire: aboisso || cote d'ivoire || centrosema pubescens || 2017-09-20 || acmv-[ci:aboi:ci71:17]
LC724017.1,,Begomovirus manihotis,Begomovirus manihotis,ACMV-[CI:Aboi:CI72:17],DNA-B,"African cassava mosaic virus ACMV-[CI:Aboi:CI72:17] DNA, segment DNA-B, complete sequence",2722,complete,Cote d'Ivoire: Aboisso,Cote d'Ivoire,Centrosema pubescens,2017-09-20,B,acmv-[ci:aboi:ci72:17],acmv-[ci:aboi:ci72:17], || begomovirus manihotis || begomovirus manihotis || complete || cote d'ivoire: aboisso || cote d'ivoire || centrosema pubescens || 2017-09-20 || acmv-[ci:aboi:ci72:17]
MT821855.1,,Begomovirus manihotis,Begomovirus manihotis,Ls-Ru-ZM01-A,DNA-A,"African cassava mosaic virus isolate Ls-Ru-ZM01-A segment DNA-A, complete sequence",2768,complete,Zambia,Zambia,Manihot esculenta,2013,A,ls-ru-zm01-a,ls-ru-zm01, || begomovirus manihotis || begomovirus manihotis || complete || zambia || zambia || manihot esculenta || 2013 || ls-ru-zm01
MT821856.1,,Begomovirus manihotis,Begomovirus manihotis,Ls-Ru-ZM02-A,DNA-A,"African cassava mosaic virus isolate Ls-Ru-ZM02-A segment DNA-A, complete sequence",2766,complete,Zambia,Zambia,Manihot esculenta,2013,A,ls-ru-zm02-a,ls-ru-zm02, || begomovirus manihotis || begomovirus manihotis || complete || zambia || zambia || manihot esculenta || 2013 || ls-ru-zm02
MT821857.1,,Begomovirus manihotis,Begomovirus manihotis,Ls-Ru-ZM03-A,DNA-A,"African cassava mosaic virus isolate Ls-Ru-ZM03-A segment DNA-A, complete sequence",2766,complete,Zambia,Zambia,Manihot esculenta,2013,A,ls-ru-zm03-a,ls-ru-zm03, || begomovirus manihotis || begomovirus manihotis || complete || zambia || zambia || manihot esculenta || 2013 || ls-ru-zm03
MT821858.1,,Begomovirus manihotis,Begomovirus manihotis,E-Pe-ZM04-A,DNA-A,"African cassava mosaic virus isolate E-Pe-ZM04-A segment DNA-A, complete sequence",2766,complete,Zambia,Zambia,Manihot esculenta,2013,A,e-pe-zm04-a,e-pe-zm04, || begomovirus manihotis || begomovirus manihotis || complete || zambia || zambia || manihot esculenta || 2013 || e-pe-zm04
MT821859.1,,Begomovirus manihotis,Begomovirus manihotis,E-Pe-ZM05-A,DNA-A,"African cassava mosaic virus isolate E-Pe-ZM05-A segment DNA-A, complete sequence",2768,complete,Zambia,Zambia,Manihot esculenta,2013,A,e-pe-zm05-a,e-pe-zm05, || begomovirus manihotis || begomovirus manihotis || complete || zambia || zambia || manihot esculenta || 2013 || e-pe-zm05
MT821860.1,,Begomovirus manihotis,Begomovirus manihotis,Lu-Mw-ZM06-A,DNA-A,"African cassava mosaic virus isolate Lu-Mw-ZM06-A segment DNA-A, complete sequence",2767,complete,Zambia,Zambia,Manihot esculenta,2013,A,lu-mw-zm06-a,lu-mw-zm06, || begomovirus manihotis || begomovirus manihotis || complete || zambia || zambia || manihot esculenta || 2013 || lu-mw-zm06
MT821861.1,,Begomovirus manihotis,Begomovirus manihotis,E-Ln-ZM07-A,DNA-A,"African cassava mosaic virus isolate E-Ln-ZM07-A segment DNA-A, complete sequence",2767,complete,Zambia,Zambia,Manihot esculenta,2013,A,e-ln-zm07-a,e-ln-zm07, || begomovirus manihotis || begomovirus manihotis || complete || zambia || zambia || manihot esculenta || 2013 || e-ln-zm07
MT821862.1,,Begomovirus manihotis,Begomovirus manihotis,E-Ln-ZM08-A,DNA-A,"UNVERIFIED: African cassava mosaic virus isolate E-Ln-ZM08-A segment DNA-A, complete sequence",2765,complete,Zambia,Zambia,Manihot esculenta,2013,A,e-ln-zm08-a,e-ln-zm08, || begomovirus manihotis || begomovirus manihotis || complete || zambia || zambia || manihot esculenta || 2013 || e-ln-zm08
MT821863.1,,Begomovirus manihotis,Begomovirus manihotis,E-Ln-ZM09-A,DNA-A,"African cassava mosaic virus isolate E-Ln-ZM09-A segment DNA-A, complete sequence",2766,complete,Zambia,Zambia,Manihot esculenta,2013,A,e-ln-zm09-a,e-ln-zm09, || begomovirus manihotis || begomovirus manihotis || complete || zambia || zambia || manihot esculenta || 2013 || e-ln-zm09
MT821864.1,,Begomovirus manihotis,Begomovirus manihotis,E-Ma-ZM10-A,DNA-A,"African cassava mosaic virus isolate E-Ma-ZM10-A segment DNA-A, complete sequence",2767,complete,Zambia,Zambia,Manihot esculenta,2013,A,e-ma-zm10-a,e-ma-zm10, || begomovirus manihotis || begomovirus manihotis || complete || zambia || zambia || manihot esculenta || 2013 || e-ma-zm10
MT821865.1,,Begomovirus manihotis,Begomovirus manihotis,W-Ka-ZM11-A,DNA-A,"African cassava mosaic virus isolate W-Ka-ZM11-A segment DNA-A, complete sequence",2767,complete,Zambia,Zambia,Manihot esculenta,2013,A,w-ka-zm11-a,w-ka-zm11, || begomovirus manihotis || begomovirus manihotis || complete || zambia || zambia || manihot esculenta || 2013 || w-ka-zm11
MT821866.1,,Begomovirus manihotis,Begomovirus manihotis,W-Ka-ZM12-A,DNA-A,"African cassava mosaic virus isolate W-Ka-ZM12-A segment DNA-A, complete sequence",2768,complete,Zambia,Zambia,Manihot esculenta,2013,A,w-ka-zm12-a,w-ka-zm12, || begomovirus manihotis || begomovirus manihotis || complete || zambia || zambia || manihot esculenta || 2013 || w-ka-zm12
MT821867.1,,Begomovirus manihotis,Begomovirus manihotis,W-Ka-ZM13-A,DNA-A,"UNVERIFIED: African cassava mosaic virus isolate W-Ka-ZM13-A segment DNA-A, complete sequence",2768,complete,Zambia,Zambia,Manihot esculenta,2013,A,w-ka-zm13-a,w-ka-zm13, || begomovirus manihotis || begomovirus manihotis || complete || zambia || zambia || manihot esculenta || 2013 || w-ka-zm13
MT821868.1,,Begomovirus manihotis,Begomovirus manihotis,W-Lu-ZM15-A,DNA-A,"African cassava mosaic virus isolate W-Lu-ZM15-A segment DNA-A, complete sequence",2767,complete,Zambia,Zambia,Manihot esculenta,2013,A,w-lu-zm15-a,w-lu-zm15, || begomovirus manihotis || begomovirus manihotis || complete || zambia || zambia || manihot esculenta || 2013 || w-lu-zm15
MT821869.1,,Begomovirus manihotis,Begomovirus manihotis,W-Lu-ZM16-A,DNA-A,"UNVERIFIED: African cassava mosaic virus isolate W-Lu-ZM16-A segment DNA-A, complete sequence",2768,complete,Zambia,Zambia,Manihot esculenta,2013,A,w-lu-zm16-a,w-lu-zm16, || begomovirus manihotis || begomovirus manihotis || complete || zambia || zambia || manihot esculenta || 2013 || w-lu-zm16
MT821870.1,,Begomovirus manihotis,Begomovirus manihotis,W-Mo-ZM17-A,DNA-A,"UNVERIFIED: African cassava mosaic virus isolate W-Mo-ZM17-A segment DNA-A, complete sequence",2780,complete,Zambia,Zambia,Manihot esculenta,2013,A,w-mo-zm17-a,w-mo-zm17, || begomovirus manihotis || begomovirus manihotis || complete || zambia || zambia || manihot esculenta || 2013 || w-mo-zm17
MT821871.1,,Begomovirus manihotis,Begomovirus manihotis,W-Mo-ZM18-A,DNA-A,"African cassava mosaic virus isolate W-Mo-ZM18-A segment DNA-A, complete sequence",2768,complete,Zambia,Zambia,Manihot esculenta,2013,A,w-mo-zm18-a,w-mo-zm18, || begomovirus manihotis || begomovirus manihotis || complete || zambia || zambia || manihot esculenta || 2013 || w-mo-zm18
MT821872.1,,Begomovirus manihotis,Begomovirus manihotis,W-Se-ZM19-A,DNA-A,"African cassava mosaic virus isolate W-Se-ZM19-A segment DNA-A, complete sequence",2767,complete,Zambia,Zambia,Manihot esculenta,2013,A,w-se-zm19-a,w-se-zm19, || begomovirus manihotis || begomovirus manihotis || complete || zambia || zambia || manihot esculenta || 2013 || w-se-zm19
MT821873.1,,Begomovirus manihotis,Begomovirus manihotis,W-Se-ZM20-A,DNA-A,"UNVERIFIED: African cassava mosaic virus isolate W-Se-ZM20-A segment DNA-A, complete sequence",2777,complete,Zambia,Zambia,Manihot esculenta,2013,A,w-se-zm20-a,w-se-zm20, || begomovirus manihotis || begomovirus manihotis || complete || zambia || zambia || manihot esculenta || 2013 || w-se-zm20
MT821874.1,,Begomovirus manihotis,Begomovirus manihotis,E-Pe-ZM21-A,DNA-A,"African cassava mosaic virus isolate E-Pe-ZM21-A segment DNA-A, complete sequence",2767,complete,Zambia,Zambia,Manihot esculenta,2013,A,e-pe-zm21-a,e-pe-zm21, || begomovirus manihotis || begomovirus manihotis || complete || zambia || zambia || manihot esculenta || 2013 || e-pe-zm21
MT821875.1,,Begomovirus manihotis,Begomovirus manihotis,W-Ka-ZM22-A,DNA-A,"UNVERIFIED: African cassava mosaic virus isolate W-Ka-ZM22-A segment DNA-A, complete sequence",2776,complete,Zambia,Zambia,Manihot esculenta,2013,A,w-ka-zm22-a,w-ka-zm22, || begomovirus manihotis || begomovirus manihotis || complete || zambia || zambia || manihot esculenta || 2013 || w-ka-zm22
MT821876.1,,Begomovirus manihotis,Begomovirus manihotis,E-Ln-ZM23-A,DNA-A,"African cassava mosaic virus isolate E-Ln-ZM23-A segment DNA-A, complete sequence",2768,complete,Zambia,Zambia,Manihot esculenta,2013,A,e-ln-zm23-a,e-ln-zm23, || begomovirus manihotis || begomovirus manihotis || complete || zambia || zambia || manihot esculenta || 2013 || e-ln-zm23
MT821877.1,,Begomovirus manihotis,Begomovirus manihotis,E-Ln-ZM24-A,DNA-A,"African cassava mosaic virus isolate E-Ln-ZM24-A segment DNA-A, complete sequence",2768,complete,Zambia,Zambia,Manihot esculenta,2013,A,e-ln-zm24-a,e-ln-zm24, || begomovirus manihotis || begomovirus manihotis || complete || zambia || zambia || manihot esculenta || 2013 || e-ln-zm24
MT821878.1,,Begomovirus manihotis,Begomovirus manihotis,Ls-Ls-ZM25-A,DNA-A,"UNVERIFIED: African cassava mosaic virus isolate Ls-Ls-ZM25-A segment DNA-A, complete sequence",2773,complete,Zambia,Zambia,Manihot esculenta,2013,A,ls-ls-zm25-a,ls-ls-zm25, || begomovirus manihotis || begomovirus manihotis || complete || zambia || zambia || manihot esculenta || 2013 || ls-ls-zm25
MZ595263.1,,Begomovirus manihotis,Begomovirus manihotis,TZ UNG 13,A,"African cassava mosaic virus isolate TZ UNG 13 segment A, complete sequence",2777,complete,Tanzania,Tanzania,,2018-08-18,A,tz ung 13,tz ung 13, || begomovirus manihotis || begomovirus manihotis || complete || tanzania || tanzania ||  || 2018-08-18 || tz ung 13
MZ595265.1,,Begomovirus manihotis,Begomovirus manihotis,TZ PMB 15,A,"African cassava mosaic virus isolate TZ PMB 15 segment A, complete sequence",2780,complete,Tanzania,Tanzania,,2018-08-18,A,tz pmb 15,tz pmb 15, || begomovirus manihotis || begomovirus manihotis || complete || tanzania || tanzania ||  || 2018-08-18 || tz pmb 15
LC658342.1,,Begomovirus manihotis,Begomovirus manihotis,BFW004-4B,,"African cassava mosaic virus BFW004-4B DNA, complete genome",2781,complete,Burkina Faso,Burkina Faso,Manihot esculenta,2015-08-21,UNKNOWN,bfw004-4b,bfw004-4, || begomovirus manihotis || begomovirus manihotis || complete || burkina faso || burkina faso || manihot esculenta || 2015-08-21 || bfw004-4
LC658343.1,,Begomovirus manihotis,Begomovirus manihotis,ACMV-[BF:Sam:BFW004-6B:15],,"African cassava mosaic virus ACMV-[BF:Sam:BFW004-6B:15] DNA, complete genome",2781,complete,Burkina Faso,Burkina Faso,Manihot esculenta,2015-08-21,UNKNOWN,acmv-[bf:sam:bfw004-6b:15],acmv-[bf:sam:bfw004-6b:15], || begomovirus manihotis || begomovirus manihotis || complete || burkina faso || burkina faso || manihot esculenta || 2015-08-21 || acmv-[bf:sam:bfw004-6b:15]
LC658344.1,,Begomovirus manihotis,Begomovirus manihotis,ACMV-[BF:Oro:BFW020-4H:15],,"African cassava mosaic virus ACMV-[BF:Oro:BFW020-4H:15] DNA, complete genome",2781,complete,Burkina Faso,Burkina Faso,Manihot esculenta,2015-08-22,UNKNOWN,acmv-[bf:oro:bfw020-4h:15],acmv-[bf:oro:bfw020-4h:15], || begomovirus manihotis || begomovirus manihotis || complete || burkina faso || burkina faso || manihot esculenta || 2015-08-22 || acmv-[bf:oro:bfw020-4h:15]
LC658345.1,,Begomovirus manihotis,Begomovirus manihotis,ACMV-[BF:Oro:BFW021-9E:15],,"African cassava mosaic virus ACMV-[BF:Oro:BFW021-9E:15] DNA, complete genome",2782,complete,Burkina Faso,Burkina Faso,Manihot esculenta,2015-08-22,UNKNOWN,acmv-[bf:oro:bfw021-9e:15],acmv-[bf:oro:bfw021-9e:15], || begomovirus manihotis || begomovirus manihotis || complete || burkina faso || burkina faso || manihot esculenta || 2015-08-22 || acmv-[bf:oro:bfw021-9e:15]
LC658346.1,,Begomovirus manihotis,Begomovirus manihotis,ACMV-[BF:Dia:BFW060-12B:15],,"African cassava mosaic virus ACMV-[BF:Dia:BFW060-12B:15] DNA, complete genome",2783,complete,Burkina Faso,Burkina Faso,Manihot esculenta,2015-09-11,UNKNOWN,acmv-[bf:dia:bfw060-12b:15],acmv-[bf:dia:bfw060-12b:15], || begomovirus manihotis || begomovirus manihotis || complete || burkina faso || burkina faso || manihot esculenta || 2015-09-11 || acmv-[bf:dia:bfw060-12b:15]
LC658347.1,,Begomovirus manihotis,Begomovirus manihotis,ACMV-[BF:Naf:BFW067-11B:15],,"African cassava mosaic virus ACMV-[BF:Naf:BFW067-11B:15] DNA, complete genome",2781,complete,Burkina Faso,Burkina Faso,Manihot esculenta,2015-09-12,UNKNOWN,acmv-[bf:naf:bfw067-11b:15],acmv-[bf:naf:bfw067-11b:15], || begomovirus manihotis || begomovirus manihotis || complete || burkina faso || burkina faso || manihot esculenta || 2015-09-12 || acmv-[bf:naf:bfw067-11b:15]
LC658348.1,,Begomovirus manihotis,Begomovirus manihotis,ACMV-[BF:Baz:BFW148-3B:15],,"African cassava mosaic virus ACMV-[BF:Baz:BFW148-3B:15] DNA, complete genome",2782,complete,Burkina Faso,Burkina Faso,Manihot esculenta,2015-09-27,UNKNOWN,acmv-[bf:baz:bfw148-3b:15],acmv-[bf:baz:bfw148-3b:15], || begomovirus manihotis || begomovirus manihotis || complete || burkina faso || burkina faso || manihot esculenta || 2015-09-27 || acmv-[bf:baz:bfw148-3b:15]
LC658956.1,,Begomovirus manihotis,Begomovirus manihotis,ACMV-[BF:Baz:BFW148-10B:15],,"African cassava mosaic virus ACMV-[BF:Baz:BFW148-10B:15] DNA, complete genome",2782,complete,Burkina Faso,Burkina Faso,Manihot esculenta,2015-09-27,UNKNOWN,acmv-[bf:baz:bfw148-10b:15],acmv-[bf:baz:bfw148-10b:15], || begomovirus manihotis || begomovirus manihotis || complete || burkina faso || burkina faso || manihot esculenta || 2015-09-27 || acmv-[bf:baz:bfw148-10b:15]
LC658957.1,,Begomovirus manihotis,Begomovirus manihotis,ACMV-[BF:Sag:BFW213-3B:16],DNA-A,"African cassava mosaic virus ACMV-[BF:Sag:BFW213-3B:16] DNA, segment: DNA-A, complete sequence",2781,complete,Burkina Faso,Burkina Faso,Manihot esculenta,2016-03-06,A,acmv-[bf:sag:bfw213-3b:16],acmv-[bf:sag:bfw213-3b:16], || begomovirus manihotis || begomovirus manihotis || complete || burkina faso || burkina faso || manihot esculenta || 2016-03-06 || acmv-[bf:sag:bfw213-3b:16]
LC658958.1,,Begomovirus manihotis,Begomovirus manihotis,ACMV-[BF:Mil:BFW223-4B:16],DNA-A,"African cassava mosaic virus ACMV-[BF:Mil:BFW223-4B:16] DNA, segment: DNA-A, complete sequence",2782,complete,Burkina Faso,Burkina Faso,Manihot esculenta,2016-03-11,A,acmv-[bf:mil:bfw223-4b:16],acmv-[bf:mil:bfw223-4b:16], || begomovirus manihotis || begomovirus manihotis || complete || burkina faso || burkina faso || manihot esculenta || 2016-03-11 || acmv-[bf:mil:bfw223-4b:16]
LC658959.1,,Begomovirus manihotis,Begomovirus manihotis,ACMV-[BF:Mil:BFW223-5B:16],DNA-A,"African cassava mosaic virus ACMV-[BF:Mil:BFW223-5B:16] DNA, segment: DNA-A, complete sequence",2781,complete,Burkina Faso,Burkina Faso,Manihot esculenta,2016-03-06,A,acmv-[bf:mil:bfw223-5b:16],acmv-[bf:mil:bfw223-5b:16], || begomovirus manihotis || begomovirus manihotis || complete || burkina faso || burkina faso || manihot esculenta || 2016-03-06 || acmv-[bf:mil:bfw223-5b:16]
LC658960.1,,Begomovirus manihotis,Begomovirus manihotis,ACMV-[BF:Yel:BFW239-1B:16],DNA-A,"African cassava mosaic virus ACMV-[BF:Yel:BFW239-1B:16] DNA, segment: DNA-A, complete sequence",2781,complete,Burkina Faso,Burkina Faso,Manihot esculenta,2016-10-19,A,acmv-[bf:yel:bfw239-1b:16],acmv-[bf:yel:bfw239-1b:16], || begomovirus manihotis || begomovirus manihotis || complete || burkina faso || burkina faso || manihot esculenta || 2016-10-19 || acmv-[bf:yel:bfw239-1b:16]
LC658961.1,,Begomovirus manihotis,Begomovirus manihotis,ACMV-[BF:Tin:BFW396-4B:17],DNA-A,"African cassava mosaic virus ACMV-[BF:Tin:BFW396-4B:17] DNA, segment: DNA-A, complete sequence",2780,complete,Burkina Faso,Burkina Faso,Manihot esculenta,2017-05-18,A,acmv-[bf:tin:bfw396-4b:17],acmv-[bf:tin:bfw396-4b:17], || begomovirus manihotis || begomovirus manihotis || complete || burkina faso || burkina faso || manihot esculenta || 2017-05-18 || acmv-[bf:tin:bfw396-4b:17]
LC658962.1,,Begomovirus manihotis,Begomovirus manihotis,ACMV-[BF:Bob:BFW571-3B:17],DNA-A,"African cassava mosaic virus ACMV-[BF:Bob:BFW571-3B:17] DNA, segment: DNA-A, complete sequence",2781,complete,Burkina Faso,Burkina Faso,Manihot esculenta,2017-05-24,A,acmv-[bf:bob:bfw571-3b:17],acmv-[bf:bob:bfw571-3b:17], || begomovirus manihotis || begomovirus manihotis || complete || burkina faso || burkina faso || manihot esculenta || 2017-05-24 || acmv-[bf:bob:bfw571-3b:17]
LC658963.1,,Begomovirus manihotis,Begomovirus manihotis,ACMV-[BF:Bio:BFW635-1B:17],DNA-A,"African cassava mosaic virus ACMV-[BF:Bio:BFW635-1B:17] DNA, segment: DNA-A, complete sequence",2783,complete,Burkina Faso,Burkina Faso,Manihot esculenta,2017-07-07,A,acmv-[bf:bio:bfw635-1b:17],acmv-[bf:bio:bfw635-1b:17], || begomovirus manihotis || begomovirus manihotis || complete || burkina faso || burkina faso || manihot esculenta || 2017-07-07 || acmv-[bf:bio:bfw635-1b:17]
LC658964.1,,Begomovirus manihotis,Begomovirus manihotis,ACMV-[BF:Nou:BFW670-15B:17],DNA-A,"African cassava mosaic virus ACMV-[BF:Nou:BFW670-15B:17] DNA, segment: DNA-A, complete sequence",2781,complete,Burkina Faso,Burkina Faso,Manihot esculenta,2017-08-10,A,acmv-[bf:nou:bfw670-15b:17],acmv-[bf:nou:bfw670-15b:17], || begomovirus manihotis || begomovirus manihotis || complete || burkina faso || burkina faso || manihot esculenta || 2017-08-10 || acmv-[bf:nou:bfw670-15b:17]
LC659081.1,,Begomovirus manihotis,Begomovirus manihotis,ACMV-[BF:Baz:BFW148-2N:15],DNA-B,"African cassava mosaic virus ACMV-[BF:Baz:BFW148-2N:15] DNA, segment: DNA-B, complete sequence",2731,complete,Burkina Faso,Burkina Faso,Manihot esculenta,2015-09-27,B,acmv-[bf:baz:bfw148-2n:15],acmv-[bf:baz:bfw148-2n:15], || begomovirus manihotis || begomovirus manihotis || complete || burkina faso || burkina faso || manihot esculenta || 2015-09-27 || acmv-[bf:baz:bfw148-2n:15]
LC659082.1,,Begomovirus manihotis,Begomovirus manihotis,ACMV-[BF:Oro:BFW477-4B:17],DNA-B,"African cassava mosaic virus ACMV-[BF:Oro:BFW477-4B:17] DNA, segment: DNA-B, complete sequence",2727,complete,Burkina Faso,Burkina Faso,Manihot esculenta,2017-05-20,B,acmv-[bf:oro:bfw477-4b:17],acmv-[bf:oro:bfw477-4b:17], || begomovirus manihotis || begomovirus manihotis || complete || burkina faso || burkina faso || manihot esculenta || 2017-05-20 || acmv-[bf:oro:bfw477-4b:17]
MW788219.1,,African cassava mosaic virus,Begomovirus manihotis,CF:Bambari:1928,DNA-B,"UNVERIFIED: African cassava mosaic virus isolate CF:Bambari:1928 segment DNA-B genomic sequence, sequence",2727,complete,Central African Republic,Central African Republic,Manihot glaziovii,1928,B,cf:bambari:1928,cf:bambari:1928, || african cassava mosaic virus || begomovirus manihotis || complete || central african republic || central african republic || manihot glaziovii || 1928 || cf:bambari:1928
MW788220.1,,African cassava mosaic virus,Begomovirus manihotis,CF:Bambari:1928,DNA-A,"UNVERIFIED: African cassava mosaic virus isolate CF:Bambari:1928 segment DNA-A genomic sequence, sequence",2812,complete,Central African Republic,Central African Republic,Manihot glaziovii,1928,A,cf:bambari:1928,cf:bambari:1928, || african cassava mosaic virus || begomovirus manihotis || complete || central african republic || central african republic || manihot glaziovii || 1928 || cf:bambari:1928
MW848516.1,,Begomovirus manihotis,Begomovirus manihotis,NGSTPS18/DSMZ PV-0421,DNA A,"Begomovirus manihotis isolate NGSTPS18/DSMZ PV-0421 segment DNA A, complete sequence",2782,complete,Nigeria,Nigeria,Manihot esculenta,1994,A,ngstps18/dsmz pv-0421,ngstps18/dsmz pv-0421, || begomovirus manihotis || begomovirus manihotis || complete || nigeria || nigeria || manihot esculenta || 1994 || ngstps18/dsmz pv-0421
MW848517.1,,Begomovirus manihotis,Begomovirus manihotis,NGSTPS18/DSMZ PV-0421,DNA B,"Begomovirus manihotis isolate NGSTPS18/DSMZ PV-0421 segment DNA B, complete sequence",2724,complete,Nigeria,Nigeria,Manihot esculenta,1994,B,ngstps18/dsmz pv-0421,ngstps18/dsmz pv-0421, || begomovirus manihotis || begomovirus manihotis || complete || nigeria || nigeria || manihot esculenta || 1994 || ngstps18/dsmz pv-0421
MN809985.1,,African cassava mosaic virus,Begomovirus manihotis,NG-001,DNA-A,"African cassava mosaic virus isolate NG-001 segment DNA-A, complete sequence",2781,complete,Nigeria,Nigeria,Manihot esculenta,2017-02-01,A,ng-001,ng-001, || african cassava mosaic virus || begomovirus manihotis || complete || nigeria || nigeria || manihot esculenta || 2017-02-01 || ng-001
MN809986.1,,African cassava mosaic virus,Begomovirus manihotis,NG-002,DNA-A,"African cassava mosaic virus isolate NG-002 segment DNA-A, complete sequence",2781,complete,Nigeria,Nigeria,Manihot esculenta,2017-02-01,A,ng-002,ng-002, || african cassava mosaic virus || begomovirus manihotis || complete || nigeria || nigeria || manihot esculenta || 2017-02-01 || ng-002
MN809987.1,,African cassava mosaic virus,Begomovirus manihotis,NG-003,DNA-A,"UNVERIFIED: African cassava mosaic virus isolate NG-003 segment DNA-A, complete sequence",2780,complete,Nigeria,Nigeria,Manihot esculenta,2017-02-01,A,ng-003,ng-003, || african cassava mosaic virus || begomovirus manihotis || complete || nigeria || nigeria || manihot esculenta || 2017-02-01 || ng-003
MN809988.1,,African cassava mosaic virus,Begomovirus manihotis,NG-004,DNA-A,"UNVERIFIED: African cassava mosaic virus isolate NG-004 segment DNA-A, complete sequence",2780,complete,Nigeria,Nigeria,Manihot esculenta,2017-02-01,A,ng-004,ng-004, || african cassava mosaic virus || begomovirus manihotis || complete || nigeria || nigeria || manihot esculenta || 2017-02-01 || ng-004
MT858793.1,,Begomovirus manihotis,Begomovirus manihotis,CM:2:98,A,"Begomovirus manihotis isolate CM:2:98 segment A, complete sequence",2781,complete,Cameroon,Cameroon,Manihot esculenta,1998,A,cm:2:98,cm:2:98, || begomovirus manihotis || begomovirus manihotis || complete || cameroon || cameroon || manihot esculenta || 1998 || cm:2:98
MT858794.1,,Begomovirus manihotis,Begomovirus manihotis,CM:2:98,B,"Begomovirus manihotis isolate CM:2:98 segment B, complete sequence",2725,complete,Cameroon,Cameroon,Manihot esculenta,1998,B,cm:2:98,cm:2:98, || begomovirus manihotis || begomovirus manihotis || complete || cameroon || cameroon || manihot esculenta || 1998 || cm:2:98
MH646683.1,,Begomovirus manihotis,Begomovirus manihotis,ACMV_GH:KM11B:13,DNA-B,"Begomovirus manihotis isolate ACMV_GH:KM11B:13 segment DNA-B, complete sequence",2725,complete,Ghana,Ghana,Manihot esculenta,2013-08,B,acmv_gh:km11b:13,acmv-gh:km11b:13, || begomovirus manihotis || begomovirus manihotis || complete || ghana || ghana || manihot esculenta || 2013-08 || acmv-gh:km11b:13
MH646684.1,,Begomovirus manihotis,Begomovirus manihotis,ACMV_GH:KM8B:13,DNA-B,"Begomovirus manihotis isolate ACMV_GH:KM8B:13 segment DNA-B, complete sequence",2725,complete,Ghana,Ghana,Manihot esculenta,2013-08,B,acmv_gh:km8b:13,acmv-gh:km8b:13, || begomovirus manihotis || begomovirus manihotis || complete || ghana || ghana || manihot esculenta || 2013-08 || acmv-gh:km8b:13
MH646685.1,,Begomovirus manihotis,Begomovirus manihotis,ACMV_GH:KM12B:13,DNA-B,"Begomovirus manihotis isolate ACMV_GH:KM12B:13 segment DNA-B, complete sequence",2725,complete,Ghana,Ghana,Manihot esculenta,2013-08,B,acmv_gh:km12b:13,acmv-gh:km12b:13, || begomovirus manihotis || begomovirus manihotis || complete || ghana || ghana || manihot esculenta || 2013-08 || acmv-gh:km12b:13
MH646686.1,,Begomovirus manihotis,Begomovirus manihotis,ACMV_GH:KM10B:13,DNA-B,"Begomovirus manihotis isolate ACMV_GH:KM10B:13 segment DNA-B, complete sequence",2725,complete,Ghana,Ghana,Manihot esculenta,2013-08,B,acmv_gh:km10b:13,acmv-gh:km10b:13, || begomovirus manihotis || begomovirus manihotis || complete || ghana || ghana || manihot esculenta || 2013-08 || acmv-gh:km10b:13
MH646687.1,,Begomovirus manihotis,Begomovirus manihotis,ACMV_GH:KM9B:13,DNA-B,"Begomovirus manihotis isolate ACMV_GH:KM9B:13 segment DNA-B, complete sequence",2725,complete,Ghana,Ghana,Manihot esculenta,2013-08,B,acmv_gh:km9b:13,acmv-gh:km9b:13, || begomovirus manihotis || begomovirus manihotis || complete || ghana || ghana || manihot esculenta || 2013-08 || acmv-gh:km9b:13
MH646688.1,,Begomovirus manihotis,Begomovirus manihotis,ACMV_GH:KM14B:13,DNA-B,"Begomovirus manihotis isolate ACMV_GH:KM14B:13 segment DNA-B, complete sequence",2725,complete,Ghana,Ghana,Manihot esculenta,2013-08,B,acmv_gh:km14b:13,acmv-gh:km14b:13, || begomovirus manihotis || begomovirus manihotis || complete || ghana || ghana || manihot esculenta || 2013-08 || acmv-gh:km14b:13
MH646689.1,,Begomovirus manihotis,Begomovirus manihotis,ACMV_GH:KM13B:13,DNA-B,"Begomovirus manihotis isolate ACMV_GH:KM13B:13 segment DNA-B, complete sequence",2725,complete,Ghana,Ghana,Manihot esculenta,2013-08,B,acmv_gh:km13b:13,acmv-gh:km13b:13, || begomovirus manihotis || begomovirus manihotis || complete || ghana || ghana || manihot esculenta || 2013-08 || acmv-gh:km13b:13
MH646690.1,,Begomovirus manihotis,Begomovirus manihotis,ACMV_GH:KM5B:13,DNA-B,"Begomovirus manihotis isolate ACMV_GH:KM5B:13 segment DNA-B, complete sequence",2725,complete,Ghana,Ghana,Manihot esculenta,2013-08,B,acmv_gh:km5b:13,acmv-gh:km5b:13, || begomovirus manihotis || begomovirus manihotis || complete || ghana || ghana || manihot esculenta || 2013-08 || acmv-gh:km5b:13
MH646691.1,,Begomovirus manihotis,Begomovirus manihotis,ACMV_GH:KM6B:13,DNA-B,"Begomovirus manihotis isolate ACMV_GH:KM6B:13 segment DNA-B, complete sequence",2725,complete,Ghana,Ghana,Manihot esculenta,2013-08,B,acmv_gh:km6b:13,acmv-gh:km6b:13, || begomovirus manihotis || begomovirus manihotis || complete || ghana || ghana || manihot esculenta || 2013-08 || acmv-gh:km6b:13
MH646692.1,,Begomovirus manihotis,Begomovirus manihotis,ACMV_GH:KM4B:13,DNA-B,"Begomovirus manihotis isolate ACMV_GH:KM4B:13 segment DNA-B, complete sequence",2725,complete,Ghana,Ghana,Manihot esculenta,2013-08,B,acmv_gh:km4b:13,acmv-gh:km4b:13, || begomovirus manihotis || begomovirus manihotis || complete || ghana || ghana || manihot esculenta || 2013-08 || acmv-gh:km4b:13
MH646693.1,,Begomovirus manihotis,Begomovirus manihotis,ACMV_GH:KM7B:13,DNA-B,"Begomovirus manihotis isolate ACMV_GH:KM7B:13 segment DNA-B, complete sequence",2725,complete,Ghana,Ghana,Manihot esculenta,2013-08,B,acmv_gh:km7b:13,acmv-gh:km7b:13, || begomovirus manihotis || begomovirus manihotis || complete || ghana || ghana || manihot esculenta || 2013-08 || acmv-gh:km7b:13
MH646695.1,,Begomovirus manihotis,Begomovirus manihotis,ACMV_GH:MO15B:13,DNA-B,"Begomovirus manihotis isolate ACMV_GH:MO15B:13 segment DNA-B, complete sequence",2727,complete,Ghana,Ghana,Manihot esculenta,2013-08,B,acmv_gh:mo15b:13,acmv-gh:mo15b:13, || begomovirus manihotis || begomovirus manihotis || complete || ghana || ghana || manihot esculenta || 2013-08 || acmv-gh:mo15b:13
MH646696.1,,Begomovirus manihotis,Begomovirus manihotis,ACMV_GH:MO16B:13,DNA-B,"Begomovirus manihotis isolate ACMV_GH:MO16B:13 segment DNA-B, complete sequence",2725,complete,Ghana,Ghana,Manihot esculenta,2013-08,B,acmv_gh:mo16b:13,acmv-gh:mo16b:13, || begomovirus manihotis || begomovirus manihotis || complete || ghana || ghana || manihot esculenta || 2013-08 || acmv-gh:mo16b:13
MH646697.1,,Begomovirus manihotis,Begomovirus manihotis,ACMV_GH:FU6B:13,DNA-B,"Begomovirus manihotis isolate ACMV_GH:FU6B:13 segment DNA-B, complete sequence",2724,complete,Ghana,Ghana,Manihot esculenta,2013-08,B,acmv_gh:fu6b:13,acmv-gh:fu6b:13, || begomovirus manihotis || begomovirus manihotis || complete || ghana || ghana || manihot esculenta || 2013-08 || acmv-gh:fu6b:13
MH646698.1,,Begomovirus manihotis,Begomovirus manihotis,ACMV_GH:FU7B:13,DNA-B,"Begomovirus manihotis isolate ACMV_GH:FU7B:13 segment DNA-B, complete sequence",2724,complete,Ghana,Ghana,Manihot esculenta,2013-08,B,acmv_gh:fu7b:13,acmv-gh:fu7b:13, || begomovirus manihotis || begomovirus manihotis || complete || ghana || ghana || manihot esculenta || 2013-08 || acmv-gh:fu7b:13
MH646699.1,,Begomovirus manihotis,Begomovirus manihotis,ACMV_GH:FU8B:13,DNA-B,"Begomovirus manihotis isolate ACMV_GH:FU8B:13 segment DNA-B, complete sequence",2725,complete,Ghana,Ghana,Manihot esculenta,2013-08,B,acmv_gh:fu8b:13,acmv-gh:fu8b:13, || begomovirus manihotis || begomovirus manihotis || complete || ghana || ghana || manihot esculenta || 2013-08 || acmv-gh:fu8b:13
MH646700.1,,Begomovirus manihotis,Begomovirus manihotis,ACMV_GH:FU9B:13,DNA-B,"Begomovirus manihotis isolate ACMV_GH:FU9B:13 segment DNA-B, complete sequence",2726,complete,Ghana,Ghana,Manihot esculenta,2013-08,B,acmv_gh:fu9b:13,acmv-gh:fu9b:13, || begomovirus manihotis || begomovirus manihotis || complete || ghana || ghana || manihot esculenta || 2013-08 || acmv-gh:fu9b:13
MH646701.1,,Begomovirus manihotis,Begomovirus manihotis,ACMV_GH:FU5B:13,DNA-B,"Begomovirus manihotis isolate ACMV_GH:FU5B:13 segment DNA-B, complete sequence",2606,complete,Ghana,Ghana,Manihot esculenta,2013-08,B,acmv_gh:fu5b:13,acmv-gh:fu5b:13, || begomovirus manihotis || begomovirus manihotis || complete || ghana || ghana || manihot esculenta || 2013-08 || acmv-gh:fu5b:13
MH646702.1,,Begomovirus manihotis,Begomovirus manihotis,ACMV_GH:FU10B:13,DNA-B,"Begomovirus manihotis isolate ACMV_GH:FU10B:13 segment DNA-B, complete sequence",2724,complete,Ghana,Ghana,Manihot esculenta,2013-08,B,acmv_gh:fu10b:13,acmv-gh:fu10b:13, || begomovirus manihotis || begomovirus manihotis || complete || ghana || ghana || manihot esculenta || 2013-08 || acmv-gh:fu10b:13
MH646703.1,,Begomovirus manihotis,Begomovirus manihotis,ACMV_GH:KW19B:13,DNA-B,"Begomovirus manihotis isolate ACMV_GH:KW19B:13 segment DNA-B, complete sequence",2625,complete,Ghana,Ghana,Manihot esculenta,2013-08,B,acmv_gh:kw19b:13,acmv-gh:kw19b:13, || begomovirus manihotis || begomovirus manihotis || complete || ghana || ghana || manihot esculenta || 2013-08 || acmv-gh:kw19b:13
MH646704.1,,Begomovirus manihotis,Begomovirus manihotis,ACMV_GH:KW20B:13,DNA-B,"Begomovirus manihotis isolate ACMV_GH:KW20B:13 segment DNA-B, complete sequence",2735,complete,Ghana,Ghana,Manihot esculenta,2013-08,B,acmv_gh:kw20b:13,acmv-gh:kw20b:13, || begomovirus manihotis || begomovirus manihotis || complete || ghana || ghana || manihot esculenta || 2013-08 || acmv-gh:kw20b:13
MH646705.1,,Begomovirus manihotis,Begomovirus manihotis,ACMV_GH:KW17B:13,DNA-B,"Begomovirus manihotis isolate ACMV_GH:KW17B:13 segment DNA-B, complete sequence",2688,complete,Ghana,Ghana,Manihot esculenta,2013-08,B,acmv_gh:kw17b:13,acmv-gh:kw17b:13, || begomovirus manihotis || begomovirus manihotis || complete || ghana || ghana || manihot esculenta || 2013-08 || acmv-gh:kw17b:13
MH646706.1,,Begomovirus manihotis,Begomovirus manihotis,ACMV_GH:KW16B:13,DNA-B,"Begomovirus manihotis isolate ACMV_GH:KW16B:13 segment DNA-B, complete sequence",2778,complete,Ghana,Ghana,Manihot esculenta,2013-08,B,acmv_gh:kw16b:13,acmv-gh:kw16b:13, || begomovirus manihotis || begomovirus manihotis || complete || ghana || ghana || manihot esculenta || 2013-08 || acmv-gh:kw16b:13
MH646707.1,,Begomovirus manihotis,Begomovirus manihotis,ACMV_GH:KW18B:13,DNA-B,"Begomovirus manihotis isolate ACMV_GH:KW18B:13 segment DNA-B, complete sequence",2685,complete,Ghana,Ghana,Manihot esculenta,2013-08,B,acmv_gh:kw18b:13,acmv-gh:kw18b:13, || begomovirus manihotis || begomovirus manihotis || complete || ghana || ghana || manihot esculenta || 2013-08 || acmv-gh:kw18b:13
MH646708.1,,Begomovirus manihotis,Begomovirus manihotis,ACMV_GH:KW23B:13,DNA-B,"Begomovirus manihotis isolate ACMV_GH:KW23B:13 segment DNA-B, complete sequence",2685,complete,Ghana,Ghana,Manihot esculenta,2013-08,B,acmv_gh:kw23b:13,acmv-gh:kw23b:13, || begomovirus manihotis || begomovirus manihotis || complete || ghana || ghana || manihot esculenta || 2013-08 || acmv-gh:kw23b:13
MH646709.1,,Begomovirus manihotis,Begomovirus manihotis,ACMV_GH:KW13B:13,DNA-B,"Begomovirus manihotis isolate ACMV_GH:KW13B:13 segment DNA-B, complete sequence",2725,complete,Ghana,Ghana,Manihot esculenta,2013-08,B,acmv_gh:kw13b:13,acmv-gh:kw13b:13, || begomovirus manihotis || begomovirus manihotis || complete || ghana || ghana || manihot esculenta || 2013-08 || acmv-gh:kw13b:13
MH646710.1,,Begomovirus manihotis,Begomovirus manihotis,ACMV_GH:KW14B:13,DNA-B,"Begomovirus manihotis isolate ACMV_GH:KW14B:13 segment DNA-B, complete sequence",2726,complete,Ghana,Ghana,Manihot esculenta,2013-08,B,acmv_gh:kw14b:13,acmv-gh:kw14b:13, || begomovirus manihotis || begomovirus manihotis || complete || ghana || ghana || manihot esculenta || 2013-08 || acmv-gh:kw14b:13
MH646711.1,,Begomovirus manihotis,Begomovirus manihotis,ACMV_GH:KW21B:13,DNA-B,"Begomovirus manihotis isolate ACMV_GH:KW21B:13 segment DNA-B, complete sequence",2721,complete,Ghana,Ghana,Manihot esculenta,2013-08,B,acmv_gh:kw21b:13,acmv-gh:kw21b:13, || begomovirus manihotis || begomovirus manihotis || complete || ghana || ghana || manihot esculenta || 2013-08 || acmv-gh:kw21b:13
MH646712.1,,Begomovirus manihotis,Begomovirus manihotis,ACMV_GH:KW22B:13,DNA-B,"Begomovirus manihotis isolate ACMV_GH:KW22B:13 segment DNA-B, complete sequence",2719,complete,Ghana,Ghana,Manihot esculenta,2013-08,B,acmv_gh:kw22b:13,acmv-gh:kw22b:13, || begomovirus manihotis || begomovirus manihotis || complete || ghana || ghana || manihot esculenta || 2013-08 || acmv-gh:kw22b:13
MH646713.1,,Begomovirus manihotis,Begomovirus manihotis,ACMV_GH:KWB15:13,DNA-B,"Begomovirus manihotis isolate ACMV_GH:KWB15:13 segment DNA-B, complete sequence",2723,complete,Ghana,Ghana,Manihot esculenta,2013-08,B,acmv_gh:kwb15:13,acmv-gh:kwb15:13, || begomovirus manihotis || begomovirus manihotis || complete || ghana || ghana || manihot esculenta || 2013-08 || acmv-gh:kwb15:13
MH646714.1,,Begomovirus manihotis,Begomovirus manihotis,ACMV_GH:AK12B:13,DNA-B,"Begomovirus manihotis isolate ACMV_GH:AK12B:13 segment DNA-B, complete sequence",2725,complete,Ghana,Ghana,Manihot esculenta,2013-08,B,acmv_gh:ak12b:13,acmv-gh:ak12b:13, || begomovirus manihotis || begomovirus manihotis || complete || ghana || ghana || manihot esculenta || 2013-08 || acmv-gh:ak12b:13
MH646715.1,,Begomovirus manihotis,Begomovirus manihotis,ACMV_GH:AK16B:13,DNA-B,"Begomovirus manihotis isolate ACMV_GH:AK16B:13 segment DNA-B, complete sequence",2727,complete,Ghana,Ghana,Manihot esculenta,2013-08,B,acmv_gh:ak16b:13,acmv-gh:ak16b:13, || begomovirus manihotis || begomovirus manihotis || complete || ghana || ghana || manihot esculenta || 2013-08 || acmv-gh:ak16b:13
MH646716.1,,Begomovirus manihotis,Begomovirus manihotis,ACMV_GH:AK15B:13,DNA-B,"Begomovirus manihotis isolate ACMV_GH:AK15B:13 segment DNA-B, complete sequence",2724,complete,Ghana,Ghana,Manihot esculenta,2013-08,B,acmv_gh:ak15b:13,acmv-gh:ak15b:13, || begomovirus manihotis || begomovirus manihotis || complete || ghana || ghana || manihot esculenta || 2013-08 || acmv-gh:ak15b:13
MH646717.1,,Begomovirus manihotis,Begomovirus manihotis,ACMV_GH:AK13B:13,DNA-B,"Begomovirus manihotis isolate ACMV_GH:AK13B:13 segment DNA-B, complete sequence",2725,complete,Ghana,Ghana,Manihot esculenta,2013-08,B,acmv_gh:ak13b:13,acmv-gh:ak13b:13, || begomovirus manihotis || begomovirus manihotis || complete || ghana || ghana || manihot esculenta || 2013-08 || acmv-gh:ak13b:13
MH646718.1,,Begomovirus manihotis,Begomovirus manihotis,ACMV_GH:AK14B:13,DNA-B,"Begomovirus manihotis isolate ACMV_GH:AK14B:13 segment DNA-B, complete sequence",2725,complete,Ghana,Ghana,Manihot esculenta,2013-08,B,acmv_gh:ak14b:13,acmv-gh:ak14b:13, || begomovirus manihotis || begomovirus manihotis || complete || ghana || ghana || manihot esculenta || 2013-08 || acmv-gh:ak14b:13
MH646719.1,,Begomovirus manihotis,Begomovirus manihotis,ACMV_GH:AK11B:13,DNA-B,"Begomovirus manihotis isolate ACMV_GH:AK11B:13 segment DNA-B, complete sequence",2725,complete,Ghana,Ghana,Manihot esculenta,2013-08,B,acmv_gh:ak11b:13,acmv-gh:ak11b:13, || begomovirus manihotis || begomovirus manihotis || complete || ghana || ghana || manihot esculenta || 2013-08 || acmv-gh:ak11b:13
MH646720.1,,Begomovirus manihotis,Begomovirus manihotis,ACMV_GH_AK17B_13,DNA-B,"Begomovirus manihotis isolate ACMV_GH_AK17B_13 segment DNA-B, complete sequence",2722,complete,Ghana,Ghana,Manihot esculenta,2013-08,B,acmv_gh_ak17b_13,acmv-gh-ak17b-13, || begomovirus manihotis || begomovirus manihotis || complete || ghana || ghana || manihot esculenta || 2013-08 || acmv-gh-ak17b-13
MH646721.1,,Begomovirus manihotis,Begomovirus manihotis,ACMV_GH:BU15B:13,DNA-B,"Begomovirus manihotis isolate ACMV_GH:BU15B:13 segment DNA-B, complete sequence",2725,complete,Ghana,Ghana,Manihot esculenta,2013-08,B,acmv_gh:bu15b:13,acmv-gh:bu15b:13, || begomovirus manihotis || begomovirus manihotis || complete || ghana || ghana || manihot esculenta || 2013-08 || acmv-gh:bu15b:13
MH646722.1,,Begomovirus manihotis,Begomovirus manihotis,ACMV_GH:BU16B:13,DNA-B,"Begomovirus manihotis isolate ACMV_GH:BU16B:13 segment DNA-B, complete sequence",2723,complete,Ghana,Ghana,Manihot esculenta,2013-08,B,acmv_gh:bu16b:13,acmv-gh:bu16b:13, || begomovirus manihotis || begomovirus manihotis || complete || ghana || ghana || manihot esculenta || 2013-08 || acmv-gh:bu16b:13
MH646723.1,,Begomovirus manihotis,Begomovirus manihotis,ACMV_GH:BW10B:13,DNA-B,"Begomovirus manihotis isolate ACMV_GH:BW10B:13 segment DNA-B, complete sequence",2727,complete,Ghana,Ghana,Manihot esculenta,2013-08,B,acmv_gh:bw10b:13,acmv-gh:bw10b:13, || begomovirus manihotis || begomovirus manihotis || complete || ghana || ghana || manihot esculenta || 2013-08 || acmv-gh:bw10b:13
MG250084.1,,Begomovirus manihotis,Begomovirus manihotis,ACMV_GH:AK8A:13,DNA-A,"Begomovirus manihotis isolate ACMV_GH:AK8A:13, complete genome",2780,complete,Ghana,Ghana,Manihot esculenta,2013-08,A,acmv_gh:ak8a:13,acmv-gh:ak8a:13, || begomovirus manihotis || begomovirus manihotis || complete || ghana || ghana || manihot esculenta || 2013-08 || acmv-gh:ak8a:13
MG250085.1,,Begomovirus manihotis,Begomovirus manihotis,ACMV_GH:AK10A:13,DNA-A,"Begomovirus manihotis isolate ACMV_GH:AK10A:13, complete genome",2780,complete,Ghana,Ghana,Manihot esculenta,2013-08,A,acmv_gh:ak10a:13,acmv-gh:ak10a:13, || begomovirus manihotis || begomovirus manihotis || complete || ghana || ghana || manihot esculenta || 2013-08 || acmv-gh:ak10a:13
MG250086.1,,Begomovirus manihotis,Begomovirus manihotis,ACMV_GH:AK1A:13,DNA-A,"Begomovirus manihotis isolate ACMV_GH:AK1A:13, complete genome",2781,complete,Ghana,Ghana,Manihot esculenta,2013-08,A,acmv_gh:ak1a:13,acmv-gh:ak1a:13, || begomovirus manihotis || begomovirus manihotis || complete || ghana || ghana || manihot esculenta || 2013-08 || acmv-gh:ak1a:13
MG250087.1,,Begomovirus manihotis,Begomovirus manihotis,ACMV_GH:AK9A:13,DNA-A,"Begomovirus manihotis isolate ACMV_GH:AK9A:13, complete genome",2780,complete,Ghana,Ghana,Manihot esculenta,2013-08,A,acmv_gh:ak9a:13,acmv-gh:ak9a:13, || begomovirus manihotis || begomovirus manihotis || complete || ghana || ghana || manihot esculenta || 2013-08 || acmv-gh:ak9a:13
MG250088.1,,Begomovirus manihotis,Begomovirus manihotis,ACMV_GH:AK2A:13,DNA-A,"Begomovirus manihotis isolate ACMV_GH:AK2A:13, complete genome",2781,complete,Ghana,Ghana,Manihot esculenta,2013-08,A,acmv_gh:ak2a:13,acmv-gh:ak2a:13, || begomovirus manihotis || begomovirus manihotis || complete || ghana || ghana || manihot esculenta || 2013-08 || acmv-gh:ak2a:13
MG250089.1,,Begomovirus manihotis,Begomovirus manihotis,ACMV_GH:AK7A:13,DNA-A,"Begomovirus manihotis isolate ACMV_GH:AK7A:13, complete genome",2782,complete,Ghana,Ghana,Manihot esculenta,2013-08,A,acmv_gh:ak7a:13,acmv-gh:ak7a:13, || begomovirus manihotis || begomovirus manihotis || complete || ghana || ghana || manihot esculenta || 2013-08 || acmv-gh:ak7a:13
MG250090.1,,Begomovirus manihotis,Begomovirus manihotis,ACMV_GH:AK3A:13,DNA-A,"Begomovirus manihotis isolate ACMV_GH:AK3A:13, complete genome",2781,complete,Ghana,Ghana,Manihot esculenta,2013-08,A,acmv_gh:ak3a:13,acmv-gh:ak3a:13, || begomovirus manihotis || begomovirus manihotis || complete || ghana || ghana || manihot esculenta || 2013-08 || acmv-gh:ak3a:13
MG250091.1,,Begomovirus manihotis,Begomovirus manihotis,ACMV_GH:AK5A:13,DNA-A,"Begomovirus manihotis isolate ACMV_GH:AK5A:13, complete genome",2780,complete,Ghana,Ghana,Manihot esculenta,2013-08,A,acmv_gh:ak5a:13,acmv-gh:ak5a:13, || begomovirus manihotis || begomovirus manihotis || complete || ghana || ghana || manihot esculenta || 2013-08 || acmv-gh:ak5a:13
MG250092.1,,Begomovirus manihotis,Begomovirus manihotis,ACMV_GH:AK6A:13,DNA-A,"Begomovirus manihotis isolate ACMV_GH:AK6A:13, complete genome",2782,complete,Ghana,Ghana,Manihot esculenta,2013-08,A,acmv_gh:ak6a:13,acmv-gh:ak6a:13, || begomovirus manihotis || begomovirus manihotis || complete || ghana || ghana || manihot esculenta || 2013-08 || acmv-gh:ak6a:13
MG250093.1,,Begomovirus manihotis,Begomovirus manihotis,ACMV_GH:AK4A:13,DNA-A,"Begomovirus manihotis isolate ACMV_GH:AK4A:13, complete genome",2782,complete,Ghana,Ghana,Manihot esculenta,2013-08,A,acmv_gh:ak4a:13,acmv-gh:ak4a:13, || begomovirus manihotis || begomovirus manihotis || complete || ghana || ghana || manihot esculenta || 2013-08 || acmv-gh:ak4a:13
MG250094.1,,Begomovirus manihotis,Begomovirus manihotis,ACMV_GH:KW1A:13,DNA-A,"Begomovirus manihotis isolate ACMV_GH:KW1A:13, complete genome",2781,complete,Ghana,Ghana,Manihot esculenta,2013-08,A,acmv_gh:kw1a:13,acmv-gh:kw1a:13, || begomovirus manihotis || begomovirus manihotis || complete || ghana || ghana || manihot esculenta || 2013-08 || acmv-gh:kw1a:13
MG250095.1,,Begomovirus manihotis,Begomovirus manihotis,ACMV_GH:KW3A:13,DNA-A,"Begomovirus manihotis isolate ACMV_GH:KW3A:13, complete genome",2782,complete,Ghana,Ghana,Manihot esculenta,2013-08,A,acmv_gh:kw3a:13,acmv-gh:kw3a:13, || begomovirus manihotis || begomovirus manihotis || complete || ghana || ghana || manihot esculenta || 2013-08 || acmv-gh:kw3a:13
MG250096.1,,Begomovirus manihotis,Begomovirus manihotis,ACMV_GH:KW7A:13,DNA-A,"Begomovirus manihotis isolate ACMV_GH:KW7A:13, complete genome",2777,complete,Ghana,Ghana,Manihot esculenta,2013-08,A,acmv_gh:kw7a:13,acmv-gh:kw7a:13, || begomovirus manihotis || begomovirus manihotis || complete || ghana || ghana || manihot esculenta || 2013-08 || acmv-gh:kw7a:13
MG250097.1,,Begomovirus manihotis,Begomovirus manihotis,ACMV_GH:KW8A:13,DNA-A,"Begomovirus manihotis isolate ACMV_GH:KW8A:13, complete genome",2782,complete,Ghana,Ghana,Manihot esculenta,2013-08,A,acmv_gh:kw8a:13,acmv-gh:kw8a:13, || begomovirus manihotis || begomovirus manihotis || complete || ghana || ghana || manihot esculenta || 2013-08 || acmv-gh:kw8a:13
MG250098.1,,Begomovirus manihotis,Begomovirus manihotis,ACMV_GH:KW9A:13,DNA-A,"Begomovirus manihotis isolate ACMV_GH:KW9A:13, complete genome",2781,complete,Ghana,Ghana,Manihot esculenta,2013-08,A,acmv_gh:kw9a:13,acmv-gh:kw9a:13, || begomovirus manihotis || begomovirus manihotis || complete || ghana || ghana || manihot esculenta || 2013-08 || acmv-gh:kw9a:13
MG250099.1,,Begomovirus manihotis,Begomovirus manihotis,ACMV_GH:KW4A:13,DNA-A,"Begomovirus manihotis isolate ACMV_GH:KW4A:13, complete genome",2782,complete,Ghana,Ghana,Manihot esculenta,2013-08,A,acmv_gh:kw4a:13,acmv-gh:kw4a:13, || begomovirus manihotis || begomovirus manihotis || complete || ghana || ghana || manihot esculenta || 2013-08 || acmv-gh:kw4a:13
MG250100.1,,Begomovirus manihotis,Begomovirus manihotis,ACMV_GH:KW6A:13,DNA-A,"Begomovirus manihotis isolate ACMV_GH:KW6A:13, complete genome",2782,complete,Ghana,Ghana,Manihot esculenta,2013-08,A,acmv_gh:kw6a:13,acmv-gh:kw6a:13, || begomovirus manihotis || begomovirus manihotis || complete || ghana || ghana || manihot esculenta || 2013-08 || acmv-gh:kw6a:13
MG250101.1,,Begomovirus manihotis,Begomovirus manihotis,ACMV_GH:KW2A:13,DNA-A,"Begomovirus manihotis isolate ACMV_GH:KW2A:13, complete genome",2782,complete,Ghana,Ghana,Manihot esculenta,2013-08,A,acmv_gh:kw2a:13,acmv-gh:kw2a:13, || begomovirus manihotis || begomovirus manihotis || complete || ghana || ghana || manihot esculenta || 2013-08 || acmv-gh:kw2a:13
MG250102.1,,Begomovirus manihotis,Begomovirus manihotis,ACMV_GH:KW5A:13,DNA-A,"Begomovirus manihotis isolate ACMV_GH:KW5A:13, complete genome",2783,complete,Ghana,Ghana,Manihot esculenta,2013-08,A,acmv_gh:kw5a:13,acmv-gh:kw5a:13, || begomovirus manihotis || begomovirus manihotis || complete || ghana || ghana || manihot esculenta || 2013-08 || acmv-gh:kw5a:13
MG250103.1,,Begomovirus manihotis,Begomovirus manihotis,ACMV_GH:KM1A:13,DNA-A,"Begomovirus manihotis isolate ACMV_GH:KM1A:13, complete genome",2781,complete,Ghana,Ghana,Manihot esculenta,2013-08,A,acmv_gh:km1a:13,acmv-gh:km1a:13, || begomovirus manihotis || begomovirus manihotis || complete || ghana || ghana || manihot esculenta || 2013-08 || acmv-gh:km1a:13
MG250104.1,,Begomovirus manihotis,Begomovirus manihotis,ACMV_GH:KM2A:13,DNA-A,"Begomovirus manihotis isolate ACMV_GH:KM2A:13, complete genome",2781,complete,Ghana,Ghana,Manihot esculenta,2013-08,A,acmv_gh:km2a:13,acmv-gh:km2a:13, || begomovirus manihotis || begomovirus manihotis || complete || ghana || ghana || manihot esculenta || 2013-08 || acmv-gh:km2a:13
MG250105.1,,Begomovirus manihotis,Begomovirus manihotis,ACMV_GH:KM3A:13,DNA-A,"Begomovirus manihotis isolate ACMV_GH:KM3A:13, complete genome",2781,complete,Ghana,Ghana,Manihot esculenta,2013-08,A,acmv_gh:km3a:13,acmv-gh:km3a:13, || begomovirus manihotis || begomovirus manihotis || complete || ghana || ghana || manihot esculenta || 2013-08 || acmv-gh:km3a:13
MG250106.1,,Begomovirus manihotis,Begomovirus manihotis,ACMV_GH:BU5A:13,DNA-A,"Begomovirus manihotis isolate ACMV_GH:BU5A:13, complete genome",2782,complete,Ghana,Ghana,Manihot esculenta,2013-08,A,acmv_gh:bu5a:13,acmv-gh:bu5a:13, || begomovirus manihotis || begomovirus manihotis || complete || ghana || ghana || manihot esculenta || 2013-08 || acmv-gh:bu5a:13
MG250107.1,,Begomovirus manihotis,Begomovirus manihotis,ACMV_GH:BU6A:13,DNA-A,"Begomovirus manihotis isolate ACMV_GH:BU6A:13, complete genome",2781,complete,Ghana,Ghana,Manihot esculenta,2013-08,A,acmv_gh:bu6a:13,acmv-gh:bu6a:13, || begomovirus manihotis || begomovirus manihotis || complete || ghana || ghana || manihot esculenta || 2013-08 || acmv-gh:bu6a:13
MG250108.1,,Begomovirus manihotis,Begomovirus manihotis,ACMV_GH:BU2A:13,DNA-A,"Begomovirus manihotis isolate ACMV_GH:BU2A:13, complete genome",2781,complete,Ghana,Ghana,Manihot esculenta,2013-08,A,acmv_gh:bu2a:13,acmv-gh:bu2a:13, || begomovirus manihotis || begomovirus manihotis || complete || ghana || ghana || manihot esculenta || 2013-08 || acmv-gh:bu2a:13
MG250109.1,,Begomovirus manihotis,Begomovirus manihotis,ACMV_GH:BU8A:13,DNA-A,"Begomovirus manihotis isolate ACMV_GH:BU8A:13, complete genome",2782,complete,Ghana,Ghana,Manihot esculenta,2013-08,A,acmv_gh:bu8a:13,acmv-gh:bu8a:13, || begomovirus manihotis || begomovirus manihotis || complete || ghana || ghana || manihot esculenta || 2013-08 || acmv-gh:bu8a:13
MG250110.1,,Begomovirus manihotis,Begomovirus manihotis,ACMV_GH:BU9A:13,DNA-A,"Begomovirus manihotis isolate ACMV_GH:BU9A:13, complete genome",2781,complete,Ghana,Ghana,Manihot esculenta,2013-08,A,acmv_gh:bu9a:13,acmv-gh:bu9a:13, || begomovirus manihotis || begomovirus manihotis || complete || ghana || ghana || manihot esculenta || 2013-08 || acmv-gh:bu9a:13
MG250111.1,,Begomovirus manihotis,Begomovirus manihotis,ACMV_GH:BU3A:13,DNA-A,"Begomovirus manihotis isolate ACMV_GH:BU3A:13, complete genome",2781,complete,Ghana,Ghana,Manihot esculenta,2013-08,A,acmv_gh:bu3a:13,acmv-gh:bu3a:13, || begomovirus manihotis || begomovirus manihotis || complete || ghana || ghana || manihot esculenta || 2013-08 || acmv-gh:bu3a:13
MG250112.1,,Begomovirus manihotis,Begomovirus manihotis,ACMV_GH:BU1A:13,DNA-A,"Begomovirus manihotis isolate ACMV_GH:BU1A:13, complete genome",2781,complete,Ghana,Ghana,Manihot esculenta,2013-08,A,acmv_gh:bu1a:13,acmv-gh:bu1a:13, || begomovirus manihotis || begomovirus manihotis || complete || ghana || ghana || manihot esculenta || 2013-08 || acmv-gh:bu1a:13
MG250113.1,,Begomovirus manihotis,Begomovirus manihotis,ACMV_GH:BU7A:13,DNA-A,"Begomovirus manihotis isolate ACMV_GH:BU7A:13, complete genome",2781,complete,Ghana,Ghana,Manihot esculenta,2013-08,A,acmv_gh:bu7a:13,acmv-gh:bu7a:13, || begomovirus manihotis || begomovirus manihotis || complete || ghana || ghana || manihot esculenta || 2013-08 || acmv-gh:bu7a:13
MG250114.1,,Begomovirus manihotis,Begomovirus manihotis,ACMV_GH:BU10A:13,DNA-A,"Begomovirus manihotis isolate ACMV_GH:BU10A:13, complete genome",2782,complete,Ghana,Ghana,Manihot esculenta,2013-08,A,acmv_gh:bu10a:13,acmv-gh:bu10a:13, || begomovirus manihotis || begomovirus manihotis || complete || ghana || ghana || manihot esculenta || 2013-08 || acmv-gh:bu10a:13
MG250115.1,,Begomovirus manihotis,Begomovirus manihotis,ACMV_GH:BU12A:13,DNA-A,"Begomovirus manihotis isolate ACMV_GH:BU12A:13, complete genome",2781,complete,Ghana,Ghana,Manihot esculenta,2013-08,A,acmv_gh:bu12a:13,acmv-gh:bu12a:13, || begomovirus manihotis || begomovirus manihotis || complete || ghana || ghana || manihot esculenta || 2013-08 || acmv-gh:bu12a:13
MG250116.1,,Begomovirus manihotis,Begomovirus manihotis,ACMV_GH:BU11A:13,DNA-A,"Begomovirus manihotis isolate ACMV_GH:BU11A:13, complete genome",2782,complete,Ghana,Ghana,Manihot esculenta,2013-08,A,acmv_gh:bu11a:13,acmv-gh:bu11a:13, || begomovirus manihotis || begomovirus manihotis || complete || ghana || ghana || manihot esculenta || 2013-08 || acmv-gh:bu11a:13
MG250117.1,,Begomovirus manihotis,Begomovirus manihotis,ACMV_GH:BU13A:13,DNA-A,"Begomovirus manihotis isolate ACMV_GH:BU13A:13, complete genome",2781,complete,Ghana,Ghana,Manihot esculenta,2013-08,A,acmv_gh:bu13a:13,acmv-gh:bu13a:13, || begomovirus manihotis || begomovirus manihotis || complete || ghana || ghana || manihot esculenta || 2013-08 || acmv-gh:bu13a:13
MG250118.1,,Begomovirus manihotis,Begomovirus manihotis,ACMV_GH:BU14A:13,DNA-A,"Begomovirus manihotis isolate ACMV_GH:BU14A:13, complete genome",2781,complete,Ghana,Ghana,Manihot esculenta,2013-08,A,acmv_gh:bu14a:13,acmv-gh:bu14a:13, || begomovirus manihotis || begomovirus manihotis || complete || ghana || ghana || manihot esculenta || 2013-08 || acmv-gh:bu14a:13
MG250119.1,,Begomovirus manihotis,Begomovirus manihotis,ACMV_GH:BU4A:13,DNA-A,"Begomovirus manihotis isolate ACMV_GH:BU4A:13, complete genome",2782,complete,Ghana,Ghana,Manihot esculenta,2013-08,A,acmv_gh:bu4a:13,acmv-gh:bu4a:13, || begomovirus manihotis || begomovirus manihotis || complete || ghana || ghana || manihot esculenta || 2013-08 || acmv-gh:bu4a:13
MG250120.1,,Begomovirus manihotis,Begomovirus manihotis,ACMV_GH:BW1A:13,DNA-A,"Begomovirus manihotis isolate ACMV_GH:BW1A:13, complete genome",2781,complete,Ghana,Ghana,Manihot esculenta,2013-08,A,acmv_gh:bw1a:13,acmv-gh:bw1a:13, || begomovirus manihotis || begomovirus manihotis || complete || ghana || ghana || manihot esculenta || 2013-08 || acmv-gh:bw1a:13
MG250121.1,,Begomovirus manihotis,Begomovirus manihotis,ACMV_GH:BW5A:13,DNA-A,"Begomovirus manihotis isolate ACMV_GH:BW5A:13, complete genome",2781,complete,Ghana,Ghana,Manihot esculenta,2013-08,A,acmv_gh:bw5a:13,acmv-gh:bw5a:13, || begomovirus manihotis || begomovirus manihotis || complete || ghana || ghana || manihot esculenta || 2013-08 || acmv-gh:bw5a:13
MG250122.1,,Begomovirus manihotis,Begomovirus manihotis,ACMV_GH:BW6A:13,DNA-A,"Begomovirus manihotis isolate ACMV_GH:BW6A:13, complete genome",2781,complete,Ghana,Ghana,Manihot esculenta,2013-08,A,acmv_gh:bw6a:13,acmv-gh:bw6a:13, || begomovirus manihotis || begomovirus manihotis || complete || ghana || ghana || manihot esculenta || 2013-08 || acmv-gh:bw6a:13
MG250123.1,,Begomovirus manihotis,Begomovirus manihotis,ACMV_GH:BW9A:13,DNA-A,"Begomovirus manihotis isolate ACMV_GH:BW9A:13, complete genome",2781,complete,Ghana,Ghana,Manihot esculenta,2013-08,A,acmv_gh:bw9a:13,acmv-gh:bw9a:13, || begomovirus manihotis || begomovirus manihotis || complete || ghana || ghana || manihot esculenta || 2013-08 || acmv-gh:bw9a:13
MG250124.1,,Begomovirus manihotis,Begomovirus manihotis,ACMV_GH:BW7A:13,DNA-A,"Begomovirus manihotis isolate ACMV_GH:BW7A:13, complete genome",2781,complete,Ghana,Ghana,Manihot esculenta,2013-08,A,acmv_gh:bw7a:13,acmv-gh:bw7a:13, || begomovirus manihotis || begomovirus manihotis || complete || ghana || ghana || manihot esculenta || 2013-08 || acmv-gh:bw7a:13
MG250125.1,,Begomovirus manihotis,Begomovirus manihotis,ACMV_GH:BW8A:13,DNA-A,"Begomovirus manihotis isolate ACMV_GH:BW8A:13, complete genome",2781,complete,Ghana,Ghana,Manihot esculenta,2013-08,A,acmv_gh:bw8a:13,acmv-gh:bw8a:13, || begomovirus manihotis || begomovirus manihotis || complete || ghana || ghana || manihot esculenta || 2013-08 || acmv-gh:bw8a:13
MG250126.1,,Begomovirus manihotis,Begomovirus manihotis,ACMV_GH:BW3A:13,DNA-A,"Begomovirus manihotis isolate ACMV_GH:BW3A:13, complete genome",2781,complete,Ghana,Ghana,Manihot esculenta,2013-08,A,acmv_gh:bw3a:13,acmv-gh:bw3a:13, || begomovirus manihotis || begomovirus manihotis || complete || ghana || ghana || manihot esculenta || 2013-08 || acmv-gh:bw3a:13
MG250127.1,,Begomovirus manihotis,Begomovirus manihotis,ACMV_GH:BW2A:13,DNA-A,"Begomovirus manihotis isolate ACMV_GH:BW2A:13, complete genome",2782,complete,Ghana,Ghana,Manihot esculenta,2013-08,A,acmv_gh:bw2a:13,acmv-gh:bw2a:13, || begomovirus manihotis || begomovirus manihotis || complete || ghana || ghana || manihot esculenta || 2013-08 || acmv-gh:bw2a:13
MG250128.1,,Begomovirus manihotis,Begomovirus manihotis,ACMV_GH:BW4A:13,DNA-A,"Begomovirus manihotis isolate ACMV_GH:BW4A:13, complete genome",2781,complete,Ghana,Ghana,Manihot esculenta,2013-08,A,acmv_gh:bw4a:13,acmv-gh:bw4a:13, || begomovirus manihotis || begomovirus manihotis || complete || ghana || ghana || manihot esculenta || 2013-08 || acmv-gh:bw4a:13
MG250129.1,,Begomovirus manihotis,Begomovirus manihotis,ACMV_GH:MO1A:13,DNA-A,"Begomovirus manihotis isolate ACMV_GH:MO1A:13, complete genome",2781,complete,Ghana,Ghana,Manihot esculenta,2013-08,A,acmv_gh:mo1a:13,acmv-gh:mo1a:13, || begomovirus manihotis || begomovirus manihotis || complete || ghana || ghana || manihot esculenta || 2013-08 || acmv-gh:mo1a:13
MG250130.1,,Begomovirus manihotis,Begomovirus manihotis,ACMV_GH:MO3A:13,DNA-A,"Begomovirus manihotis isolate ACMV_GH:MO3A:13, complete genome",2782,complete,Ghana,Ghana,Manihot esculenta,2013-08,A,acmv_gh:mo3a:13,acmv-gh:mo3a:13, || begomovirus manihotis || begomovirus manihotis || complete || ghana || ghana || manihot esculenta || 2013-08 || acmv-gh:mo3a:13
MG250131.1,,Begomovirus manihotis,Begomovirus manihotis,ACMV_GH:MO4A:13,DNA-A,"Begomovirus manihotis isolate ACMV_GH:MO4A:13, complete genome",2781,complete,Ghana,Ghana,Manihot esculenta,2013-08,A,acmv_gh:mo4a:13,acmv-gh:mo4a:13, || begomovirus manihotis || begomovirus manihotis || complete || ghana || ghana || manihot esculenta || 2013-08 || acmv-gh:mo4a:13
MG250132.1,,Begomovirus manihotis,Begomovirus manihotis,ACMV_GH:MO6A:13,DNA-A,"Begomovirus manihotis isolate ACMV_GH:MO6A:13, complete genome",2781,complete,Ghana,Ghana,Manihot esculenta,2013-08,A,acmv_gh:mo6a:13,acmv-gh:mo6a:13, || begomovirus manihotis || begomovirus manihotis || complete || ghana || ghana || manihot esculenta || 2013-08 || acmv-gh:mo6a:13
MG250133.1,,Begomovirus manihotis,Begomovirus manihotis,ACMV_GH:MO9A:13,DNA-A,"Begomovirus manihotis isolate ACMV_GH:MO9A:13, complete genome",2781,complete,Ghana,Ghana,Manihot esculenta,2013-08,A,acmv_gh:mo9a:13,acmv-gh:mo9a:13, || begomovirus manihotis || begomovirus manihotis || complete || ghana || ghana || manihot esculenta || 2013-08 || acmv-gh:mo9a:13
MG250134.1,,Begomovirus manihotis,Begomovirus manihotis,ACMV_GH:MO11A:13,DNA-A,"Begomovirus manihotis isolate ACMV_GH:MO11A:13, complete genome",2781,complete,Ghana,Ghana,Manihot esculenta,2013-08,A,acmv_gh:mo11a:13,acmv-gh:mo11a:13, || begomovirus manihotis || begomovirus manihotis || complete || ghana || ghana || manihot esculenta || 2013-08 || acmv-gh:mo11a:13
MG250135.1,,Begomovirus manihotis,Begomovirus manihotis,ACMV_GH:MO13A:13,DNA-A,"Begomovirus manihotis isolate ACMV_GH:MO13A:13, complete genome",2781,complete,Ghana,Ghana,Manihot esculenta,2013-08,A,acmv_gh:mo13a:13,acmv-gh:mo13a:13, || begomovirus manihotis || begomovirus manihotis || complete || ghana || ghana || manihot esculenta || 2013-08 || acmv-gh:mo13a:13
MG250136.1,,Begomovirus manihotis,Begomovirus manihotis,ACMV_GH:MO5A:13,DNA-A,"Begomovirus manihotis isolate ACMV_GH:MO5A:13, complete genome",2781,complete,Ghana,Ghana,Manihot esculenta,2013-08,A,acmv_gh:mo5a:13,acmv-gh:mo5a:13, || begomovirus manihotis || begomovirus manihotis || complete || ghana || ghana || manihot esculenta || 2013-08 || acmv-gh:mo5a:13
MG250137.1,,Begomovirus manihotis,Begomovirus manihotis,ACMV_GH:MO2A:13,DNA-A,"Begomovirus manihotis isolate ACMV_GH:MO2A:13, complete genome",2782,complete,Ghana,Ghana,Manihot esculenta,2013-08,A,acmv_gh:mo2a:13,acmv-gh:mo2a:13, || begomovirus manihotis || begomovirus manihotis || complete || ghana || ghana || manihot esculenta || 2013-08 || acmv-gh:mo2a:13
MG250138.1,,Begomovirus manihotis,Begomovirus manihotis,ACMV_GH:MO7A:13,DNA-A,"Begomovirus manihotis isolate ACMV_GH:MO7A:13, complete genome",2781,complete,Ghana,Ghana,Manihot esculenta,2013-08,A,acmv_gh:mo7a:13,acmv-gh:mo7a:13, || begomovirus manihotis || begomovirus manihotis || complete || ghana || ghana || manihot esculenta || 2013-08 || acmv-gh:mo7a:13
MG250139.1,,Begomovirus manihotis,Begomovirus manihotis,ACMV_GH:MO12A:13,DNA-A,"Begomovirus manihotis isolate ACMV_GH:MO12A:13, complete genome",2781,complete,Ghana,Ghana,Manihot esculenta,2013-08,A,acmv_gh:mo12a:13,acmv-gh:mo12a:13, || begomovirus manihotis || begomovirus manihotis || complete || ghana || ghana || manihot esculenta || 2013-08 || acmv-gh:mo12a:13
MG250140.1,,Begomovirus manihotis,Begomovirus manihotis,ACMV_GH:MO10A:13,DNA-A,"Begomovirus manihotis isolate ACMV_GH:MO10A:13, complete genome",2781,complete,Ghana,Ghana,Manihot esculenta,2013-08,A,acmv_gh:mo10a:13,acmv-gh:mo10a:13, || begomovirus manihotis || begomovirus manihotis || complete || ghana || ghana || manihot esculenta || 2013-08 || acmv-gh:mo10a:13
MG250141.1,,Begomovirus manihotis,Begomovirus manihotis,ACMV_GH:MO8A:13,DNA-A,"Begomovirus manihotis isolate ACMV_GH:MO8A:13, complete genome",2781,complete,Ghana,Ghana,Manihot esculenta,2013-08,A,acmv_gh:mo8a:13,acmv-gh:mo8a:13, || begomovirus manihotis || begomovirus manihotis || complete || ghana || ghana || manihot esculenta || 2013-08 || acmv-gh:mo8a:13
MG250142.1,,Begomovirus manihotis,Begomovirus manihotis,ACMV_GH:MO14A:13,DNA-A,"Begomovirus manihotis isolate ACMV_GH:MO14A:13, complete genome",2781,complete,Ghana,Ghana,Manihot esculenta,2013-08,A,acmv_gh:mo14a:13,acmv-gh:mo14a:13, || begomovirus manihotis || begomovirus manihotis || complete || ghana || ghana || manihot esculenta || 2013-08 || acmv-gh:mo14a:13
MG250143.1,,Begomovirus manihotis,Begomovirus manihotis,ACMV_GH:FU1A:13,DNA-A,"Begomovirus manihotis isolate ACMV_GH:FU1A:13, complete genome",2782,complete,Ghana,Ghana,Manihot esculenta,2013-08,A,acmv_gh:fu1a:13,acmv-gh:fu1a:13, || begomovirus manihotis || begomovirus manihotis || complete || ghana || ghana || manihot esculenta || 2013-08 || acmv-gh:fu1a:13
MG250144.1,,Begomovirus manihotis,Begomovirus manihotis,ACMV_GH:FU3A:13,DNA-A,"Begomovirus manihotis isolate ACMV_GH:FU3A:13, complete genome",2782,complete,Ghana,Ghana,Manihot esculenta,2013-08,A,acmv_gh:fu3a:13,acmv-gh:fu3a:13, || begomovirus manihotis || begomovirus manihotis || complete || ghana || ghana || manihot esculenta || 2013-08 || acmv-gh:fu3a:13
MG250145.1,,Begomovirus manihotis,Begomovirus manihotis,ACMV_GH:FU2A:13,DNA-A,"Begomovirus manihotis isolate ACMV_GH:FU2A:13, complete genome",2781,complete,Ghana,Ghana,Manihot esculenta,2013-08,A,acmv_gh:fu2a:13,acmv-gh:fu2a:13, || begomovirus manihotis || begomovirus manihotis || complete || ghana || ghana || manihot esculenta || 2013-08 || acmv-gh:fu2a:13
MG250146.1,,Begomovirus manihotis,Begomovirus manihotis,ACMV_GH:FU4A:13,DNA-A,"Begomovirus manihotis isolate ACMV_GH:FU4A:13, complete genome",2783,complete,Ghana,Ghana,Manihot esculenta,2013-08,A,acmv_gh:fu4a:13,acmv-gh:fu4a:13, || begomovirus manihotis || begomovirus manihotis || complete || ghana || ghana || manihot esculenta || 2013-08 || acmv-gh:fu4a:13
MG250147.1,,Begomovirus manihotis,Begomovirus manihotis,ACMV_GH:FM10A:13,DNA-A,"Begomovirus manihotis isolate ACMV_GH:FM10A:13, complete genome",2780,complete,Ghana,Ghana,Manihot esculenta,2013-08,A,acmv_gh:fm10a:13,acmv-gh:fm10a:13, || begomovirus manihotis || begomovirus manihotis || complete || ghana || ghana || manihot esculenta || 2013-08 || acmv-gh:fm10a:13
MG250148.1,,Begomovirus manihotis,Begomovirus manihotis,ACMV_GH:FM3A:13,DNA-A,"Begomovirus manihotis isolate ACMV_GH:FM3A:13, complete genome",2780,complete,Ghana,Ghana,Manihot esculenta,2013-08,A,acmv_gh:fm3a:13,acmv-gh:fm3a:13, || begomovirus manihotis || begomovirus manihotis || complete || ghana || ghana || manihot esculenta || 2013-08 || acmv-gh:fm3a:13
MG250149.1,,Begomovirus manihotis,Begomovirus manihotis,ACMV_GH:FM4A:13,DNA-A,"Begomovirus manihotis isolate ACMV_GH:FM4A:13, complete genome",2780,complete,Ghana,Ghana,Manihot esculenta,2013-08,A,acmv_gh:fm4a:13,acmv-gh:fm4a:13, || begomovirus manihotis || begomovirus manihotis || complete || ghana || ghana || manihot esculenta || 2013-08 || acmv-gh:fm4a:13
MG250150.1,,Begomovirus manihotis,Begomovirus manihotis,ACMV_GH:FM5A:13,DNA-A,"Begomovirus manihotis isolate ACMV_GH:FM5A:13, complete genome",2780,complete,Ghana,Ghana,Manihot esculenta,2013-08,A,acmv_gh:fm5a:13,acmv-gh:fm5a:13, || begomovirus manihotis || begomovirus manihotis || complete || ghana || ghana || manihot esculenta || 2013-08 || acmv-gh:fm5a:13
MG250151.1,,Begomovirus manihotis,Begomovirus manihotis,ACMV_GH:FM7A:13,DNA-A,"Begomovirus manihotis isolate ACMV_GH:FM7A:13, complete genome",2780,complete,Ghana,Ghana,Manihot esculenta,2013-08,A,acmv_gh:fm7a:13,acmv-gh:fm7a:13, || begomovirus manihotis || begomovirus manihotis || complete || ghana || ghana || manihot esculenta || 2013-08 || acmv-gh:fm7a:13
MG250152.1,,Begomovirus manihotis,Begomovirus manihotis,ACMV_GH:FM2A:13,DNA-A,"Begomovirus manihotis isolate ACMV_GH:FM2A:13, complete genome",2780,complete,Ghana,Ghana,Manihot esculenta,2013-08,A,acmv_gh:fm2a:13,acmv-gh:fm2a:13, || begomovirus manihotis || begomovirus manihotis || complete || ghana || ghana || manihot esculenta || 2013-08 || acmv-gh:fm2a:13
MG250153.1,,Begomovirus manihotis,Begomovirus manihotis,ACMV_GH:FM9A:13,DNA-A,"Begomovirus manihotis isolate ACMV_GH:FM9A:13, complete genome",2780,complete,Ghana,Ghana,Manihot esculenta,2013-08,A,acmv_gh:fm9a:13,acmv-gh:fm9a:13, || begomovirus manihotis || begomovirus manihotis || complete || ghana || ghana || manihot esculenta || 2013-08 || acmv-gh:fm9a:13
MG250154.1,,Begomovirus manihotis,Begomovirus manihotis,ACMV_GH:FM6A:13,DNA-A,"Begomovirus manihotis isolate ACMV_GH:FM6A:13, complete genome",2780,complete,Ghana,Ghana,Manihot esculenta,2013-08,A,acmv_gh:fm6a:13,acmv-gh:fm6a:13, || begomovirus manihotis || begomovirus manihotis || complete || ghana || ghana || manihot esculenta || 2013-08 || acmv-gh:fm6a:13
MG250155.1,,Begomovirus manihotis,Begomovirus manihotis,ACMV_GH:FM8A:13,DNA-A,"Begomovirus manihotis isolate ACMV_GH:FM8A:13, complete genome",2780,complete,Ghana,Ghana,Manihot esculenta,2013-08,A,acmv_gh:fm8a:13,acmv-gh:fm8a:13, || begomovirus manihotis || begomovirus manihotis || complete || ghana || ghana || manihot esculenta || 2013-08 || acmv-gh:fm8a:13
MG250156.1,,Begomovirus manihotis,Begomovirus manihotis,ACMV_GH:FM1A:13,DNA-A,"Begomovirus manihotis isolate ACMV_GH:FM1A:13, complete genome",2780,complete,Ghana,Ghana,Manihot esculenta,2013-08,A,acmv_gh:fm1a:13,acmv-gh:fm1a:13, || begomovirus manihotis || begomovirus manihotis || complete || ghana || ghana || manihot esculenta || 2013-08 || acmv-gh:fm1a:13
MG250157.1,,Begomovirus manihotis,Begomovirus manihotis,ACMV_GH:FM12A:13,DNA-A,"Begomovirus manihotis isolate ACMV_GH:FM12A:13, complete genome",2781,complete,Ghana,Ghana,Manihot esculenta,2013-08,A,acmv_gh:fm12a:13,acmv-gh:fm12a:13, || begomovirus manihotis || begomovirus manihotis || complete || ghana || ghana || manihot esculenta || 2013-08 || acmv-gh:fm12a:13
MG250158.1,,Begomovirus manihotis,Begomovirus manihotis,ACMV_GH:FM11A:13,DNA-A,"Begomovirus manihotis isolate ACMV_GH:FM11A:13, complete genome",2781,complete,Ghana,Ghana,Manihot esculenta,2013-08,A,acmv_gh:fm11a:13,acmv-gh:fm11a:13, || begomovirus manihotis || begomovirus manihotis || complete || ghana || ghana || manihot esculenta || 2013-08 || acmv-gh:fm11a:13
MG250159.1,,Begomovirus manihotis,Begomovirus manihotis,ACMV_GH:FM14A:13,DNA-A,"Begomovirus manihotis isolate ACMV_GH:FM14A:13, complete genome",2781,complete,Ghana,Ghana,Manihot esculenta,2013-08,A,acmv_gh:fm14a:13,acmv-gh:fm14a:13, || begomovirus manihotis || begomovirus manihotis || complete || ghana || ghana || manihot esculenta || 2013-08 || acmv-gh:fm14a:13
MG250160.1,,Begomovirus manihotis,Begomovirus manihotis,ACMV_GH:FM13A:13,DNA-A,"Begomovirus manihotis isolate ACMV_GH:FM13A:13, complete genome",2781,complete,Ghana,Ghana,Manihot esculenta,2013-08,A,acmv_gh:fm13a:13,acmv-gh:fm13a:13, || begomovirus manihotis || begomovirus manihotis || complete || ghana || ghana || manihot esculenta || 2013-08 || acmv-gh:fm13a:13
KR476371.1,,Begomovirus manihotis,Begomovirus manihotis,BN:Con1017:14,DNA-A,"Begomovirus manihotis isolate BN:Con1017:14 segment DNA-A, complete sequence",2781,complete,Benin,Benin,Manihot esculenta,2014-08-10,A,bn:con1017:14,bn:con1017:14, || begomovirus manihotis || begomovirus manihotis || complete || benin || benin || manihot esculenta || 2014-08-10 || bn:con1017:14
KR476372.1,,Begomovirus manihotis,Begomovirus manihotis,TG:Con2:14,DNA-A,"Begomovirus manihotis isolate TG:Con2:14 segment DNA-A, complete sequence",2781,complete,Togo,Togo,Manihot esculenta,2014-08-10,A,tg:con2:14,tg:con2:14, || begomovirus manihotis || begomovirus manihotis || complete || togo || togo || manihot esculenta || 2014-08-10 || tg:con2:14
KR476373.1,,Begomovirus manihotis,Begomovirus manihotis,BN:Con1058:14,DNA-B,"Begomovirus manihotis isolate BN:Con1058:14 segment DNA-B, complete sequence",2727,complete,Benin,Benin,Manihot esculenta,2014-08-10,B,bn:con1058:14,bn:con1058:14, || begomovirus manihotis || begomovirus manihotis || complete || benin || benin || manihot esculenta || 2014-08-10 || bn:con1058:14
KR476374.1,,Begomovirus manihotis,Begomovirus manihotis,TG:Con5:14,DNA-B,"Begomovirus manihotis isolate TG:Con5:14 segment DNA-B, complete sequence",2727,complete,Togo,Togo,Manihot esculenta,2014-08-10,B,tg:con5:14,tg:con5:14, || begomovirus manihotis || begomovirus manihotis || complete || togo || togo || manihot esculenta || 2014-08-10 || tg:con5:14
KJ887582.1,,Begomovirus manihotis,Begomovirus manihotis,CF:CF4BN:07,B,"African cassava mosaic virus isolate CF:CF4BN:07 segment B, complete sequence",2728,complete,Central African Republic,Central African Republic,Manihot esculenta,2007-08-07,B,cf:cf4bn:07,cf:cf4bn:07, || begomovirus manihotis || begomovirus manihotis || complete || central african republic || central african republic || manihot esculenta || 2007-08-07 || cf:cf4bn:07
KJ887583.1,,Begomovirus manihotis,Begomovirus manihotis,CF:CF6BE:07,B,"African cassava mosaic virus isolate CF:CF6BE:07 segment B, complete sequence",2724,complete,Central African Republic,Central African Republic,Manihot esculenta,2007-08-07,B,cf:cf6be:07,cf:cf6be:07, || begomovirus manihotis || begomovirus manihotis || complete || central african republic || central african republic || manihot esculenta || 2007-08-07 || cf:cf6be:07
KJ887584.1,,Begomovirus manihotis,Begomovirus manihotis,CF:CF9BE:07,B,"African cassava mosaic virus isolate CF:CF9BE:07 segment B, complete sequence",2728,complete,Central African Republic,Central African Republic,Manihot esculenta,2007-08-09,B,cf:cf9be:07,cf:cf9be:07, || begomovirus manihotis || begomovirus manihotis || complete || central african republic || central african republic || manihot esculenta || 2007-08-09 || cf:cf9be:07
KJ887585.1,,Begomovirus manihotis,Begomovirus manihotis,CF:CF11B:07,B,"African cassava mosaic virus isolate CF:CF11B:07 segment B, complete sequence",2727,complete,Central African Republic,Central African Republic,Manihot esculenta,2007-08-09,B,cf:cf11b:07,cf:cf11b:07, || begomovirus manihotis || begomovirus manihotis || complete || central african republic || central african republic || manihot esculenta || 2007-08-09 || cf:cf11b:07
KJ887586.1,,Begomovirus manihotis,Begomovirus manihotis,CF:CF21BN1:07,B,"African cassava mosaic virus isolate CF:CF21BN1:07 segment B, complete sequence",2727,complete,Central African Republic,Central African Republic,Manihot esculenta,2007-08-10,B,cf:cf21bn1:07,cf:cf21bn1:07, || begomovirus manihotis || begomovirus manihotis || complete || central african republic || central african republic || manihot esculenta || 2007-08-10 || cf:cf21bn1:07
KJ887587.1,,Begomovirus manihotis,Begomovirus manihotis,CF:CF21BN2:07,B,"African cassava mosaic virus isolate CF:CF21BN2:07 segment B, complete sequence",2727,complete,Central African Republic,Central African Republic,Manihot esculenta,2007-08-10,B,cf:cf21bn2:07,cf:cf21bn2:07, || begomovirus manihotis || begomovirus manihotis || complete || central african republic || central african republic || manihot esculenta || 2007-08-10 || cf:cf21bn2:07
KJ887588.1,,Begomovirus manihotis,Begomovirus manihotis,CF:CF25BE:07,B,"African cassava mosaic virus isolate CF:CF25BE:07 segment B, complete sequence",2730,complete,Central African Republic,Central African Republic,Manihot esculenta,2007-08-10,B,cf:cf25be:07,cf:cf25be:07, || begomovirus manihotis || begomovirus manihotis || complete || central african republic || central african republic || manihot esculenta || 2007-08-10 || cf:cf25be:07
KJ887589.1,,Begomovirus manihotis,Begomovirus manihotis,CF:CF25BN:07,B,"African cassava mosaic virus isolate CF:CF25BN:07 segment B, complete sequence",2727,complete,Central African Republic,Central African Republic,Manihot esculenta,2007-08-10,B,cf:cf25bn:07,cf:cf25bn:07, || begomovirus manihotis || begomovirus manihotis || complete || central african republic || central african republic || manihot esculenta || 2007-08-10 || cf:cf25bn:07
KJ887590.1,,Begomovirus manihotis,Begomovirus manihotis,CF:CF27BE:07,B,"African cassava mosaic virus isolate CF:CF27BE:07 segment B, complete sequence",2727,complete,Central African Republic,Central African Republic,Manihot esculenta,2007-08-10,B,cf:cf27be:07,cf:cf27be:07, || begomovirus manihotis || begomovirus manihotis || complete || central african republic || central african republic || manihot esculenta || 2007-08-10 || cf:cf27be:07
KJ887591.1,,Begomovirus manihotis,Begomovirus manihotis,CF:CF29BE:07,B,"African cassava mosaic virus isolate CF:CF29BE:07 segment B, complete sequence",2727,complete,Central African Republic,Central African Republic,Manihot esculenta,2000-10,B,cf:cf29be:07,cf:cf29be:07, || begomovirus manihotis || begomovirus manihotis || complete || central african republic || central african republic || manihot esculenta || 2000-10 || cf:cf29be:07
KJ887592.1,,Begomovirus manihotis,Begomovirus manihotis,CF:CF29BN:07,B,"African cassava mosaic virus isolate CF:CF29BN:07 segment B, complete sequence",2727,complete,Central African Republic,Central African Republic,Manihot esculenta,2000-10,B,cf:cf29bn:07,cf:cf29bn:07, || begomovirus manihotis || begomovirus manihotis || complete || central african republic || central african republic || manihot esculenta || 2000-10 || cf:cf29bn:07
KJ887593.1,,Begomovirus manihotis,Begomovirus manihotis,CF:CF30BE:07,B,"African cassava mosaic virus isolate CF:CF30BE:07 segment B, complete sequence",2722,complete,Central African Republic,Central African Republic,Manihot esculenta,2000-10,B,cf:cf30be:07,cf:cf30be:07, || begomovirus manihotis || begomovirus manihotis || complete || central african republic || central african republic || manihot esculenta || 2000-10 || cf:cf30be:07
KJ887594.1,,Begomovirus manihotis,Begomovirus manihotis,CF:CF33BE:07,B,"African cassava mosaic virus isolate CF:CF33BE:07 segment B, complete sequence",2728,complete,Central African Republic,Central African Republic,Manihot esculenta,2007-08-13,B,cf:cf33be:07,cf:cf33be:07, || begomovirus manihotis || begomovirus manihotis || complete || central african republic || central african republic || manihot esculenta || 2007-08-13 || cf:cf33be:07
KJ887595.1,,Begomovirus manihotis,Begomovirus manihotis,CF:CF37BE:07,B,"African cassava mosaic virus isolate CF:CF37BE:07 segment B, complete sequence",2723,complete,Central African Republic,Central African Republic,Manihot esculenta,2007-08-13,B,cf:cf37be:07,cf:cf37be:07, || begomovirus manihotis || begomovirus manihotis || complete || central african republic || central african republic || manihot esculenta || 2007-08-13 || cf:cf37be:07
KJ887596.1,,Begomovirus manihotis,Begomovirus manihotis,CF:CF39BE:07,B,"African cassava mosaic virus isolate CF:CF39BE:07 segment B, complete sequence",2725,complete,Central African Republic,Central African Republic,Manihot esculenta,2007-08-13,B,cf:cf39be:07,cf:cf39be:07, || begomovirus manihotis || begomovirus manihotis || complete || central african republic || central african republic || manihot esculenta || 2007-08-13 || cf:cf39be:07
KJ887597.1,,Begomovirus manihotis,Begomovirus manihotis,CF:CF41BE:07,B,"African cassava mosaic virus isolate CF:CF41BE:07 segment B, complete sequence",2725,complete,Central African Republic,Central African Republic,Manihot esculenta,2007-08-13,B,cf:cf41be:07,cf:cf41be:07, || begomovirus manihotis || begomovirus manihotis || complete || central african republic || central african republic || manihot esculenta || 2007-08-13 || cf:cf41be:07
KJ887598.1,,Begomovirus manihotis,Begomovirus manihotis,CF:CF46BE:07,B,"African cassava mosaic virus isolate CF:CF46BE:07 segment B, complete sequence",2727,complete,Central African Republic,Central African Republic,Manihot esculenta,2007-08-13,B,cf:cf46be:07,cf:cf46be:07, || begomovirus manihotis || begomovirus manihotis || complete || central african republic || central african republic || manihot esculenta || 2007-08-13 || cf:cf46be:07
KJ887599.1,,Begomovirus manihotis,Begomovirus manihotis,CF:CF52BE:07,B,"African cassava mosaic virus isolate CF:CF52BE:07 segment B, complete sequence",2727,complete,Central African Republic,Central African Republic,Manihot esculenta,2007-08-14,B,cf:cf52be:07,cf:cf52be:07, || begomovirus manihotis || begomovirus manihotis || complete || central african republic || central african republic || manihot esculenta || 2007-08-14 || cf:cf52be:07
KJ887600.1,,Begomovirus manihotis,Begomovirus manihotis,CF:CF54BE:07,B,"African cassava mosaic virus isolate CF:CF54BE:07 segment B, complete sequence",2728,complete,Central African Republic,Central African Republic,Manihot esculenta,2007-08-14,B,cf:cf54be:07,cf:cf54be:07, || begomovirus manihotis || begomovirus manihotis || complete || central african republic || central african republic || manihot esculenta || 2007-08-14 || cf:cf54be:07
KJ887601.1,,Begomovirus manihotis,Begomovirus manihotis,CF:CF59BE:07,B,"African cassava mosaic virus isolate CF:CF59BE:07 segment B, complete sequence",2719,complete,Central African Republic,Central African Republic,Manihot esculenta,2007-08-14,B,cf:cf59be:07,cf:cf59be:07, || begomovirus manihotis || begomovirus manihotis || complete || central african republic || central african republic || manihot esculenta || 2007-08-14 || cf:cf59be:07
KJ887602.1,,Begomovirus manihotis,Begomovirus manihotis,CF:CF63BN1:07,B,"African cassava mosaic virus isolate CF:CF63BN1:07 segment B, complete sequence",2728,complete,Central African Republic,Central African Republic,Manihot esculenta,2007-08-16,B,cf:cf63bn1:07,cf:cf63bn1:07, || begomovirus manihotis || begomovirus manihotis || complete || central african republic || central african republic || manihot esculenta || 2007-08-16 || cf:cf63bn1:07
KJ887603.1,,Begomovirus manihotis,Begomovirus manihotis,CF:CF63BN2:07,B,"African cassava mosaic virus isolate CF:CF63BN2:07 segment B, complete sequence",2728,complete,Central African Republic,Central African Republic,Manihot esculenta,2007-08-16,B,cf:cf63bn2:07,cf:cf63bn2:07, || begomovirus manihotis || begomovirus manihotis || complete || central african republic || central african republic || manihot esculenta || 2007-08-16 || cf:cf63bn2:07
KJ887604.1,,Begomovirus manihotis,Begomovirus manihotis,CF:CF64BE:07,B,"African cassava mosaic virus isolate CF:CF64BE:07 segment B, complete sequence",2725,complete,Central African Republic,Central African Republic,Manihot esculenta,2007-08-16,B,cf:cf64be:07,cf:cf64be:07, || begomovirus manihotis || begomovirus manihotis || complete || central african republic || central african republic || manihot esculenta || 2007-08-16 || cf:cf64be:07
KJ887605.1,,Begomovirus manihotis,Begomovirus manihotis,CF:CF74BE:07,B,"African cassava mosaic virus isolate CF:CF74BE:07 segment B, complete sequence",2728,complete,Central African Republic,Central African Republic,Manihot esculenta,2007-08-18,B,cf:cf74be:07,cf:cf74be:07, || begomovirus manihotis || begomovirus manihotis || complete || central african republic || central african republic || manihot esculenta || 2007-08-18 || cf:cf74be:07
KJ887606.1,,Begomovirus manihotis,Begomovirus manihotis,CF:CF75BE:07,B,"African cassava mosaic virus isolate CF:CF75BE:07 segment B, complete sequence",2727,complete,Central African Republic,Central African Republic,Manihot esculenta,2007-08-18,B,cf:cf75be:07,cf:cf75be:07, || begomovirus manihotis || begomovirus manihotis || complete || central african republic || central african republic || manihot esculenta || 2007-08-18 || cf:cf75be:07
KJ887607.1,,Begomovirus manihotis,Begomovirus manihotis,CF:CF78BN:07,B,"African cassava mosaic virus isolate CF:CF78BN:07 segment B, complete sequence",2727,complete,Central African Republic,Central African Republic,Manihot esculenta,2007-08-19,B,cf:cf78bn:07,cf:cf78bn:07, || begomovirus manihotis || begomovirus manihotis || complete || central african republic || central african republic || manihot esculenta || 2007-08-19 || cf:cf78bn:07
KJ887608.1,,Begomovirus manihotis,Begomovirus manihotis,CF:CF79BE:07,B,"African cassava mosaic virus isolate CF:CF79BE:07 segment B, complete sequence",2733,complete,Central African Republic,Central African Republic,Manihot esculenta,2007-08-19,B,cf:cf79be:07,cf:cf79be:07, || begomovirus manihotis || begomovirus manihotis || complete || central african republic || central african republic || manihot esculenta || 2007-08-19 || cf:cf79be:07
KJ887609.1,,Begomovirus manihotis,Begomovirus manihotis,CF:CF84BN:07,B,"African cassava mosaic virus isolate CF:CF84BN:07 segment B, complete sequence",2722,complete,Central African Republic,Central African Republic,Manihot esculenta,2007-08-20,B,cf:cf84bn:07,cf:cf84bn:07, || begomovirus manihotis || begomovirus manihotis || complete || central african republic || central african republic || manihot esculenta || 2007-08-20 || cf:cf84bn:07
KJ887610.1,,Begomovirus manihotis,Begomovirus manihotis,CF:CF87BE:07,B,"African cassava mosaic virus isolate CF:CF87BE:07 segment B, complete sequence",2741,complete,Central African Republic,Central African Republic,Manihot esculenta,2007-08-20,B,cf:cf87be:07,cf:cf87be:07, || begomovirus manihotis || begomovirus manihotis || complete || central african republic || central african republic || manihot esculenta || 2007-08-20 || cf:cf87be:07
KJ887611.1,,Begomovirus manihotis,Begomovirus manihotis,CF:CF92BE:07,B,"African cassava mosaic virus isolate CF:CF92BE:07 segment B, complete sequence",2744,complete,Central African Republic,Central African Republic,Manihot esculenta,2007-08-21,B,cf:cf92be:07,cf:cf92be:07, || begomovirus manihotis || begomovirus manihotis || complete || central african republic || central african republic || manihot esculenta || 2007-08-21 || cf:cf92be:07
KJ887612.1,,Begomovirus manihotis,Begomovirus manihotis,CF:CF96BN:07,B,"African cassava mosaic virus isolate CF:CF96BN:07 segment B, complete sequence",2741,complete,Central African Republic,Central African Republic,Manihot esculenta,2007-08-21,B,cf:cf96bn:07,cf:cf96bn:07, || begomovirus manihotis || begomovirus manihotis || complete || central african republic || central african republic || manihot esculenta || 2007-08-21 || cf:cf96bn:07
KJ887613.1,,Begomovirus manihotis,Begomovirus manihotis,CF:CF100BE:07,B,"African cassava mosaic virus isolate CF:CF100BE:07 segment B, complete sequence",2730,complete,Central African Republic,Central African Republic,Manihot esculenta,2007-08-24,B,cf:cf100be:07,cf:cf100be:07, || begomovirus manihotis || begomovirus manihotis || complete || central african republic || central african republic || manihot esculenta || 2007-08-24 || cf:cf100be:07
KJ887614.1,,Begomovirus manihotis,Begomovirus manihotis,CF:CF104BE:07,B,"African cassava mosaic virus isolate CF:CF104BE:07 segment B, complete sequence",2729,complete,Central African Republic,Central African Republic,Manihot esculenta,2007-08-25,B,cf:cf104be:07,cf:cf104be:07, || begomovirus manihotis || begomovirus manihotis || complete || central african republic || central african republic || manihot esculenta || 2007-08-25 || cf:cf104be:07
KJ887615.1,,Begomovirus manihotis,Begomovirus manihotis,CF:CF107BE:07,B,"African cassava mosaic virus isolate CF:CF107BE:07 segment B, complete sequence",2730,complete,Central African Republic,Central African Republic,Manihot esculenta,2007-08-25,B,cf:cf107be:07,cf:cf107be:07, || begomovirus manihotis || begomovirus manihotis || complete || central african republic || central african republic || manihot esculenta || 2007-08-25 || cf:cf107be:07
KJ887616.1,,Begomovirus manihotis,Begomovirus manihotis,CF:CF108BE:07,B,"African cassava mosaic virus isolate CF:CF108BE:07 segment B, complete sequence",2727,complete,Central African Republic,Central African Republic,Manihot esculenta,2007-08-25,B,cf:cf108be:07,cf:cf108be:07, || begomovirus manihotis || begomovirus manihotis || complete || central african republic || central african republic || manihot esculenta || 2007-08-25 || cf:cf108be:07
KJ887617.1,,Begomovirus manihotis,Begomovirus manihotis,CF:CF116BE:07,B,"African cassava mosaic virus isolate CF:CF116BE:07 segment B, complete sequence",2723,complete,Central African Republic,Central African Republic,Manihot esculenta,2007-08-26,B,cf:cf116be:07,cf:cf116be:07, || begomovirus manihotis || begomovirus manihotis || complete || central african republic || central african republic || manihot esculenta || 2007-08-26 || cf:cf116be:07
KJ887618.1,,Begomovirus manihotis,Begomovirus manihotis,CF:CF121BE:07,B,"African cassava mosaic virus isolate CF:CF121BE:07 segment B, complete sequence",2725,complete,Central African Republic,Central African Republic,Manihot esculenta,2007-08-26,B,cf:cf121be:07,cf:cf121be:07, || begomovirus manihotis || begomovirus manihotis || complete || central african republic || central african republic || manihot esculenta || 2007-08-26 || cf:cf121be:07
KJ887619.1,,Begomovirus manihotis,Begomovirus manihotis,CF:CF127BE:07,B,"African cassava mosaic virus isolate CF:CF127BE:07 segment B, complete sequence",2730,complete,Central African Republic,Central African Republic,Manihot esculenta,2007-08-26,B,cf:cf127be:07,cf:cf127be:07, || begomovirus manihotis || begomovirus manihotis || complete || central african republic || central african republic || manihot esculenta || 2007-08-26 || cf:cf127be:07
KJ887620.1,,Begomovirus manihotis,Begomovirus manihotis,CF:CF127BN:07,B,"African cassava mosaic virus isolate CF:CF127BN:07 segment B, complete sequence",2729,complete,Central African Republic,Central African Republic,Manihot esculenta,2007-08-26,B,cf:cf127bn:07,cf:cf127bn:07, || begomovirus manihotis || begomovirus manihotis || complete || central african republic || central african republic || manihot esculenta || 2007-08-26 || cf:cf127bn:07
KJ887621.1,,Begomovirus manihotis,Begomovirus manihotis,CF:CF133BE:07,B,"African cassava mosaic virus isolate CF:CF133BE:07 segment B, complete sequence",2728,complete,Central African Republic,Central African Republic,Manihot esculenta,2007-08-27,B,cf:cf133be:07,cf:cf133be:07, || begomovirus manihotis || begomovirus manihotis || complete || central african republic || central african republic || manihot esculenta || 2007-08-27 || cf:cf133be:07
KJ887622.1,,Begomovirus manihotis,Begomovirus manihotis,CF:CF137BE:07,B,"African cassava mosaic virus isolate CF:CF137BE:07 segment B, complete sequence",2731,complete,Central African Republic,Central African Republic,Manihot esculenta,2007-08-28,B,cf:cf137be:07,cf:cf137be:07, || begomovirus manihotis || begomovirus manihotis || complete || central african republic || central african republic || manihot esculenta || 2007-08-28 || cf:cf137be:07
KJ887623.1,,Begomovirus manihotis,Begomovirus manihotis,CF:CF145BE:07,B,"African cassava mosaic virus isolate CF:CF145BE:07 segment B, complete sequence",2727,complete,Central African Republic,Central African Republic,Manihot esculenta,2007-08-29,B,cf:cf145be:07,cf:cf145be:07, || begomovirus manihotis || begomovirus manihotis || complete || central african republic || central african republic || manihot esculenta || 2007-08-29 || cf:cf145be:07
KJ887624.1,,Begomovirus manihotis,Begomovirus manihotis,CF:CF247BE:07,B,"African cassava mosaic virus isolate CF:CF247BE:07 segment B, complete sequence",2728,complete,Central African Republic,Central African Republic,Manihot esculenta,2007,B,cf:cf247be:07,cf:cf247be:07, || begomovirus manihotis || begomovirus manihotis || complete || central african republic || central african republic || manihot esculenta || 2007 || cf:cf247be:07
KJ887625.1,,Begomovirus manihotis,Begomovirus manihotis,CF:CF268BN:08,B,"African cassava mosaic virus isolate CF:CF268BN:08 segment B, complete sequence",2727,complete,Central African Republic,Central African Republic,Manihot esculenta,2008,B,cf:cf268bn:08,cf:cf268bn:08, || begomovirus manihotis || begomovirus manihotis || complete || central african republic || central african republic || manihot esculenta || 2008 || cf:cf268bn:08
KJ887626.1,,Begomovirus manihotis,Begomovirus manihotis,CF:CF279BE:08,B,"African cassava mosaic virus isolate CF:CF279BE:08 segment B, complete sequence",2726,complete,Central African Republic,Central African Republic,Manihot esculenta,2008,B,cf:cf279be:08,cf:cf279be:08, || begomovirus manihotis || begomovirus manihotis || complete || central african republic || central african republic || manihot esculenta || 2008 || cf:cf279be:08
KJ887627.1,,Begomovirus manihotis,Begomovirus manihotis,CF:CF299BN:08,B,"African cassava mosaic virus isolate CF:CF299BN:08 segment B, complete sequence",2728,complete,Central African Republic,Central African Republic,Manihot esculenta,2008,B,cf:cf299bn:08,cf:cf299bn:08, || begomovirus manihotis || begomovirus manihotis || complete || central african republic || central african republic || manihot esculenta || 2008 || cf:cf299bn:08
KJ887628.1,,Begomovirus manihotis,Begomovirus manihotis,CF:CF316BE:08,B,"African cassava mosaic virus isolate CF:CF316BE:08 segment B, complete sequence",2731,complete,Central African Republic,Central African Republic,Manihot esculenta,2008,B,cf:cf316be:08,cf:cf316be:08, || begomovirus manihotis || begomovirus manihotis || complete || central african republic || central african republic || manihot esculenta || 2008 || cf:cf316be:08
KJ887629.1,,Begomovirus manihotis,Begomovirus manihotis,CF:CF345BE:08,B,"African cassava mosaic virus isolate CF:CF345BE:08 segment B, complete sequence",2727,complete,Central African Republic,Central African Republic,Manihot esculenta,2008,B,cf:cf345be:08,cf:cf345be:08, || begomovirus manihotis || begomovirus manihotis || complete || central african republic || central african republic || manihot esculenta || 2008 || cf:cf345be:08
KJ887630.1,,Begomovirus manihotis,Begomovirus manihotis,CF:CF356BE:08,B,"African cassava mosaic virus isolate CF:CF356BE:08 segment B, complete sequence",2727,complete,Central African Republic,Central African Republic,Manihot esculenta,2008,B,cf:cf356be:08,cf:cf356be:08, || begomovirus manihotis || begomovirus manihotis || complete || central african republic || central african republic || manihot esculenta || 2008 || cf:cf356be:08
KJ887631.1,,Begomovirus manihotis,Begomovirus manihotis,CF:CF361BN:07,B,"African cassava mosaic virus isolate CF:CF361BN:07 segment B, complete sequence",2726,complete,Central African Republic,Central African Republic,Manihot esculenta,2007-08-13,B,cf:cf361bn:07,cf:cf361bn:07, || begomovirus manihotis || begomovirus manihotis || complete || central african republic || central african republic || manihot esculenta || 2007-08-13 || cf:cf361bn:07
KJ887632.1,,Begomovirus manihotis,Begomovirus manihotis,CF:CF362BN:07,B,"African cassava mosaic virus isolate CF:CF362BN:07 segment B, complete sequence",2727,complete,Central African Republic,Central African Republic,Manihot esculenta,2007-08-13,B,cf:cf362bn:07,cf:cf362bn:07, || begomovirus manihotis || begomovirus manihotis || complete || central african republic || central african republic || manihot esculenta || 2007-08-13 || cf:cf362bn:07
KJ887634.1,,Begomovirus manihotis,Begomovirus manihotis,MG:MG3C2:05,B,"African cassava mosaic virus isolate MG:MG3C2:05 segment B, complete sequence",2743,complete,Madagascar,Madagascar,Manihot esculenta,2005-12-14,B,mg:mg3c2:05,mg:mg3c2:05, || begomovirus manihotis || begomovirus manihotis || complete || madagascar || madagascar || manihot esculenta || 2005-12-14 || mg:mg3c2:05
KJ887636.1,,Begomovirus manihotis,Begomovirus manihotis,MG:MG12B10:06,B,"African cassava mosaic virus isolate MG:MG12B10:06 segment B, complete sequence",2741,complete,Madagascar,Madagascar,Manihot esculenta,2006-03-31,B,mg:mg12b10:06,mg:mg12b10:06, || begomovirus manihotis || begomovirus manihotis || complete || madagascar || madagascar || manihot esculenta || 2006-03-31 || mg:mg12b10:06
KJ887637.1,,Begomovirus manihotis,Begomovirus manihotis,MG:MG13B10:06,B,"African cassava mosaic virus isolate MG:MG13B10:06 segment B, complete sequence",2735,complete,Madagascar,Madagascar,Manihot esculenta,2006-03-26,B,mg:mg13b10:06,mg:mg13b10:06, || begomovirus manihotis || begomovirus manihotis || complete || madagascar || madagascar || manihot esculenta || 2006-03-26 || mg:mg13b10:06
KJ887638.1,,Begomovirus manihotis,Begomovirus manihotis,MG:MG15B2:06,B,"African cassava mosaic virus isolate MG:MG15B2:06 segment B, complete sequence",2738,complete,Madagascar,Madagascar,Manihot esculenta,2006-04-06,B,mg:mg15b2:06,mg:mg15b2:06, || begomovirus manihotis || begomovirus manihotis || complete || madagascar || madagascar || manihot esculenta || 2006-04-06 || mg:mg15b2:06
KJ887651.1,,Begomovirus manihotis,Begomovirus manihotis,MG:MG53B13:06,B,"African cassava mosaic virus isolate MG:MG53B13:06 segment B, complete sequence",2721,complete,Madagascar,Madagascar,Manihot esculenta,2006-11-16,B,mg:mg53b13:06,mg:mg53b13:06, || begomovirus manihotis || begomovirus manihotis || complete || madagascar || madagascar || manihot esculenta || 2006-11-16 || mg:mg53b13:06
KJ887681.1,,Begomovirus manihotis,Begomovirus manihotis,MG:MG214B15:08,B,"African cassava mosaic virus isolate MG:MG214B15:08 segment B, complete sequence",2741,complete,Madagascar,Madagascar,Manihot esculenta,2008-05-09,B,mg:mg214b15:08,mg:mg214b15:08, || begomovirus manihotis || begomovirus manihotis || complete || madagascar || madagascar || manihot esculenta || 2008-05-09 || mg:mg214b15:08
KJ887692.1,,Begomovirus manihotis,Begomovirus manihotis,MG:MG312A5:10,B,"African cassava mosaic virus isolate MG:MG312A5:10 segment B, complete sequence",2740,complete,Madagascar,Madagascar,Manihot esculenta,2010-05-05,B,mg:mg312a5:10,mg:mg312a5:10, || begomovirus manihotis || begomovirus manihotis || complete || madagascar || madagascar || manihot esculenta || 2010-05-05 || mg:mg312a5:10
KJ887705.1,,Begomovirus manihotis,Begomovirus manihotis,MG:MG343B1:11,B,"African cassava mosaic virus isolate MG:MG343B1:11 segment B, complete sequence",2741,complete,Madagascar,Madagascar,Manihot esculenta,2011-05-23,B,mg:mg343b1:11,mg:mg343b1:11, || begomovirus manihotis || begomovirus manihotis || complete || madagascar || madagascar || manihot esculenta || 2011-05-23 || mg:mg343b1:11
KJ887706.1,,Begomovirus manihotis,Begomovirus manihotis,MG:MG343B6:11,B,"African cassava mosaic virus isolate MG:MG343B6:11 segment B, complete sequence",2740,complete,Madagascar,Madagascar,Manihot esculenta,2011-05-23,B,mg:mg343b6:11,mg:mg343b6:11, || begomovirus manihotis || begomovirus manihotis || complete || madagascar || madagascar || manihot esculenta || 2011-05-23 || mg:mg343b6:11
KJ887707.1,,Begomovirus manihotis,Begomovirus manihotis,MG:MG349B1:11,B,"African cassava mosaic virus isolate MG:MG349B1:11 segment B, complete sequence",2739,complete,Madagascar,Madagascar,Manihot esculenta,2011-05-23,B,mg:mg349b1:11,mg:mg349b1:11, || begomovirus manihotis || begomovirus manihotis || complete || madagascar || madagascar || manihot esculenta || 2011-05-23 || mg:mg349b1:11
KJ887710.1,,Begomovirus manihotis,Begomovirus manihotis,MG:MG379B1:11,B,"African cassava mosaic virus isolate MG:MG379B1:11 segment B, complete sequence",2742,complete,Madagascar,Madagascar,Manihot esculenta,2011-05-24,B,mg:mg379b1:11,mg:mg379b1:11, || begomovirus manihotis || begomovirus manihotis || complete || madagascar || madagascar || manihot esculenta || 2011-05-24 || mg:mg379b1:11
KJ887739.1,,Begomovirus manihotis,Begomovirus manihotis,MG:MG619B2:11,B,"African cassava mosaic virus isolate MG:MG619B2:11 segment B, complete sequence",2724,complete,Madagascar,Madagascar,Manihot esculenta,2011-07-03,B,mg:mg619b2:11,mg:mg619b2:11, || begomovirus manihotis || begomovirus manihotis || complete || madagascar || madagascar || manihot esculenta || 2011-07-03 || mg:mg619b2:11
KJ887741.1,,Begomovirus manihotis,Begomovirus manihotis,MG:MG624B3:11,B,"African cassava mosaic virus isolate MG:MG624B3:11 segment B, complete sequence",2738,complete,Madagascar,Madagascar,Manihot esculenta,2011-07-03,B,mg:mg624b3:11,mg:mg624b3:11, || begomovirus manihotis || begomovirus manihotis || complete || madagascar || madagascar || manihot esculenta || 2011-07-03 || mg:mg624b3:11
KJ887743.1,,Begomovirus manihotis,Begomovirus manihotis,MG:MG648B2:11,B,"African cassava mosaic virus isolate MG:MG648B2:11 segment B, complete sequence",2738,complete,Madagascar,Madagascar,Manihot esculenta,2011-07-04,B,mg:mg648b2:11,mg:mg648b2:11, || begomovirus manihotis || begomovirus manihotis || complete || madagascar || madagascar || manihot esculenta || 2011-07-04 || mg:mg648b2:11
KJ887744.1,,Begomovirus manihotis,Begomovirus manihotis,MG:MG688B1:11,B,"African cassava mosaic virus isolate MG:MG688B1:11 segment B, complete sequence",2738,complete,Madagascar,Madagascar,Manihot esculenta,2011-07-06,B,mg:mg688b1:11,mg:mg688b1:11, || begomovirus manihotis || begomovirus manihotis || complete || madagascar || madagascar || manihot esculenta || 2011-07-06 || mg:mg688b1:11
KJ887750.1,,Begomovirus manihotis,Begomovirus manihotis,TD:TD2BE:08,B,"African cassava mosaic virus isolate TD:TD2BE:08 segment B, complete sequence",2728,complete,Chad,Chad,Manihot esculenta,2008,B,td:td2be:08,td:td2be:08, || begomovirus manihotis || begomovirus manihotis || complete || chad || chad || manihot esculenta || 2008 || td:td2be:08
KJ887751.1,,Begomovirus manihotis,Begomovirus manihotis,TD:TD3B:08,B,"African cassava mosaic virus isolate TD:TD3B:08 segment B, complete sequence",2728,complete,Chad,Chad,Manihot esculenta,2008,B,td:td3b:08,td:td3b:08, || begomovirus manihotis || begomovirus manihotis || complete || chad || chad || manihot esculenta || 2008 || td:td3b:08
KJ887752.1,,Begomovirus manihotis,Begomovirus manihotis,TD:TD63BE:08,B,"African cassava mosaic virus isolate TD:TD63BE:08 segment B, complete sequence",2734,complete,Chad,Chad,Manihot esculenta,2008,B,td:td63be:08,td:td63be:08, || begomovirus manihotis || begomovirus manihotis || complete || chad || chad || manihot esculenta || 2008 || td:td63be:08
KJ887753.1,,Begomovirus manihotis,Begomovirus manihotis,CF:CF1AB:07,A,"African cassava mosaic virus isolate CF:CF1AB:07 segment A, complete sequence",2781,complete,Central African Republic,Central African Republic,Manihot esculenta,2007-08-07,A,cf:cf1ab:07,cf:cf1ab:07, || begomovirus manihotis || begomovirus manihotis || complete || central african republic || central african republic || manihot esculenta || 2007-08-07 || cf:cf1ab:07
KJ887754.1,,Begomovirus manihotis,Begomovirus manihotis,CF:CF1AN:07,A,"African cassava mosaic virus isolate CF:CF1AN:07 segment A, complete sequence",2781,complete,Central African Republic,Central African Republic,Manihot esculenta,2007-08-07,A,cf:cf1an:07,cf:cf1an:07, || begomovirus manihotis || begomovirus manihotis || complete || central african republic || central african republic || manihot esculenta || 2007-08-07 || cf:cf1an:07
KJ887755.1,,Begomovirus manihotis,Begomovirus manihotis,CF:CF2AB:07,A,"African cassava mosaic virus isolate CF:CF2AB:07 segment A, complete sequence",2781,complete,Central African Republic,Central African Republic,Manihot esculenta,2007-08-07,A,cf:cf2ab:07,cf:cf2ab:07, || begomovirus manihotis || begomovirus manihotis || complete || central african republic || central african republic || manihot esculenta || 2007-08-07 || cf:cf2ab:07
KJ887756.1,,Begomovirus manihotis,Begomovirus manihotis,CF:CF4AB:07,A,"African cassava mosaic virus isolate CF:CF4AB:07 segment A, complete sequence",2780,complete,Central African Republic,Central African Republic,Manihot esculenta,2007-08-07,A,cf:cf4ab:07,cf:cf4ab:07, || begomovirus manihotis || begomovirus manihotis || complete || central african republic || central african republic || manihot esculenta || 2007-08-07 || cf:cf4ab:07
KJ887757.1,,Begomovirus manihotis,Begomovirus manihotis,CF:CF5AB:07,A,"African cassava mosaic virus isolate CF:CF5AB:07 segment A, complete sequence",2780,complete,Central African Republic,Central African Republic,Manihot esculenta,2007-08-07,A,cf:cf5ab:07,cf:cf5ab:07, || begomovirus manihotis || begomovirus manihotis || complete || central african republic || central african republic || manihot esculenta || 2007-08-07 || cf:cf5ab:07
KJ887758.1,,Begomovirus manihotis,Begomovirus manihotis,CF:CF6AB:07,A,"African cassava mosaic virus isolate CF:CF6AB:07 segment A, complete sequence",2781,complete,Central African Republic,Central African Republic,Manihot esculenta,2007-08-07,A,cf:cf6ab:07,cf:cf6ab:07, || begomovirus manihotis || begomovirus manihotis || complete || central african republic || central african republic || manihot esculenta || 2007-08-07 || cf:cf6ab:07
KJ887759.1,,Begomovirus manihotis,Begomovirus manihotis,CF:CF7AB:07,A,"African cassava mosaic virus isolate CF:CF7AB:07 segment A, complete sequence",2781,complete,Central African Republic,Central African Republic,Manihot esculenta,2007-08-09,A,cf:cf7ab:07,cf:cf7ab:07, || begomovirus manihotis || begomovirus manihotis || complete || central african republic || central african republic || manihot esculenta || 2007-08-09 || cf:cf7ab:07
KJ887760.1,,Begomovirus manihotis,Begomovirus manihotis,CF:CF7AN:07,A,"African cassava mosaic virus isolate CF:CF7AN:07 segment A, complete sequence",2780,complete,Central African Republic,Central African Republic,Manihot esculenta,2007-08-09,A,cf:cf7an:07,cf:cf7an:07, || begomovirus manihotis || begomovirus manihotis || complete || central african republic || central african republic || manihot esculenta || 2007-08-09 || cf:cf7an:07
KJ887761.1,,Begomovirus manihotis,Begomovirus manihotis,CF:CF14AB:07,A,"African cassava mosaic virus isolate CF:CF14AB:07 segment A, complete sequence",2781,complete,Central African Republic,Central African Republic,Manihot esculenta,2007-08-09,A,cf:cf14ab:07,cf:cf14ab:07, || begomovirus manihotis || begomovirus manihotis || complete || central african republic || central african republic || manihot esculenta || 2007-08-09 || cf:cf14ab:07
KJ887762.1,,Begomovirus manihotis,Begomovirus manihotis,CF:CF15AB:07,A,"African cassava mosaic virus isolate CF:CF15AB:07 segment A, complete sequence",2781,complete,Central African Republic,Central African Republic,Manihot esculenta,2007-08-09,A,cf:cf15ab:07,cf:cf15ab:07, || begomovirus manihotis || begomovirus manihotis || complete || central african republic || central african republic || manihot esculenta || 2007-08-09 || cf:cf15ab:07
KJ887763.1,,Begomovirus manihotis,Begomovirus manihotis,CF:CF17AB:07,A,"African cassava mosaic virus isolate CF:CF17AB:07 segment A, complete sequence",2781,complete,Central African Republic,Central African Republic,Manihot esculenta,2007-08-09,A,cf:cf17ab:07,cf:cf17ab:07, || begomovirus manihotis || begomovirus manihotis || complete || central african republic || central african republic || manihot esculenta || 2007-08-09 || cf:cf17ab:07
KJ887764.1,,Begomovirus manihotis,Begomovirus manihotis,CF:CF17AN:07,A,"African cassava mosaic virus isolate CF:CF17AN:07 segment A, complete sequence",2781,complete,Central African Republic,Central African Republic,Manihot esculenta,2007-08-09,A,cf:cf17an:07,cf:cf17an:07, || begomovirus manihotis || begomovirus manihotis || complete || central african republic || central african republic || manihot esculenta || 2007-08-09 || cf:cf17an:07
KJ887765.1,,Begomovirus manihotis,Begomovirus manihotis,CF:CF20AN:07,A,"African cassava mosaic virus isolate CF:CF20AN:07 segment A, complete sequence",2784,complete,Central African Republic,Central African Republic,Manihot esculenta,2007-08-10,A,cf:cf20an:07,cf:cf20an:07, || begomovirus manihotis || begomovirus manihotis || complete || central african republic || central african republic || manihot esculenta || 2007-08-10 || cf:cf20an:07
KJ887766.1,,Begomovirus manihotis,Begomovirus manihotis,CF:CF21AB:07,A,"African cassava mosaic virus isolate CF:CF21AB:07 segment A, complete sequence",2781,complete,Central African Republic,Central African Republic,Manihot esculenta,2007-08-10,A,cf:cf21ab:07,cf:cf21ab:07, || begomovirus manihotis || begomovirus manihotis || complete || central african republic || central african republic || manihot esculenta || 2007-08-10 || cf:cf21ab:07
KJ887767.1,,Begomovirus manihotis,Begomovirus manihotis,CF:CF22AB:07,A,"African cassava mosaic virus isolate CF:CF22AB:07 segment A, complete sequence",2781,complete,Central African Republic,Central African Republic,Manihot esculenta,2007-08-10,A,cf:cf22ab:07,cf:cf22ab:07, || begomovirus manihotis || begomovirus manihotis || complete || central african republic || central african republic || manihot esculenta || 2007-08-10 || cf:cf22ab:07
KJ887768.1,,Begomovirus manihotis,Begomovirus manihotis,CF:CF27AB:07,A,"African cassava mosaic virus isolate CF:CF27AB:07 segment A, complete sequence",2783,complete,Central African Republic,Central African Republic,Manihot esculenta,2007-08-10,A,cf:cf27ab:07,cf:cf27ab:07, || begomovirus manihotis || begomovirus manihotis || complete || central african republic || central african republic || manihot esculenta || 2007-08-10 || cf:cf27ab:07
KJ887769.1,,Begomovirus manihotis,Begomovirus manihotis,CF:CF27AN:07,A,"African cassava mosaic virus isolate CF:CF27AN:07 segment A, complete sequence",2785,complete,Central African Republic,Central African Republic,Manihot esculenta,2007-08-10,A,cf:cf27an:07,cf:cf27an:07, || begomovirus manihotis || begomovirus manihotis || complete || central african republic || central african republic || manihot esculenta || 2007-08-10 || cf:cf27an:07
KJ887770.1,,Begomovirus manihotis,Begomovirus manihotis,CF:CF32AB:07,A,"African cassava mosaic virus isolate CF:CF32AB:07 segment A, complete sequence",2781,complete,Central African Republic,Central African Republic,Manihot esculenta,2007-08-13,A,cf:cf32ab:07,cf:cf32ab:07, || begomovirus manihotis || begomovirus manihotis || complete || central african republic || central african republic || manihot esculenta || 2007-08-13 || cf:cf32ab:07
KJ887771.1,,Begomovirus manihotis,Begomovirus manihotis,CF:CF39AB:07,A,"African cassava mosaic virus isolate CF:CF39AB:07 segment A, complete sequence",2780,complete,Central African Republic,Central African Republic,Manihot esculenta,2007-08-13,A,cf:cf39ab:07,cf:cf39ab:07, || begomovirus manihotis || begomovirus manihotis || complete || central african republic || central african republic || manihot esculenta || 2007-08-13 || cf:cf39ab:07
KJ887772.1,,Begomovirus manihotis,Begomovirus manihotis,CF:CF42AB:07,A,"African cassava mosaic virus isolate CF:CF42AB:07 segment A, complete sequence",2781,complete,Central African Republic,Central African Republic,Manihot esculenta,2007-08-13,A,cf:cf42ab:07,cf:cf42ab:07, || begomovirus manihotis || begomovirus manihotis || complete || central african republic || central african republic || manihot esculenta || 2007-08-13 || cf:cf42ab:07
KJ887773.1,,Begomovirus manihotis,Begomovirus manihotis,CF:CF48AB:07,A,"African cassava mosaic virus isolate CF:CF48AB:07 segment A, complete sequence",2781,complete,Central African Republic,Central African Republic,Manihot esculenta,2007-08-13,A,cf:cf48ab:07,cf:cf48ab:07, || begomovirus manihotis || begomovirus manihotis || complete || central african republic || central african republic || manihot esculenta || 2007-08-13 || cf:cf48ab:07
KJ887774.1,,Begomovirus manihotis,Begomovirus manihotis,CF:CF49AB:07,A,"African cassava mosaic virus isolate CF:CF49AB:07 segment A, complete sequence",2782,complete,Central African Republic,Central African Republic,Manihot esculenta,2007-08-14,A,cf:cf49ab:07,cf:cf49ab:07, || begomovirus manihotis || begomovirus manihotis || complete || central african republic || central african republic || manihot esculenta || 2007-08-14 || cf:cf49ab:07
KJ887775.1,,Begomovirus manihotis,Begomovirus manihotis,CF:CF49AN:07,A,"African cassava mosaic virus isolate CF:CF49AN:07 segment A, complete sequence",2780,complete,Central African Republic,Central African Republic,Manihot esculenta,2007-08-14,A,cf:cf49an:07,cf:cf49an:07, || begomovirus manihotis || begomovirus manihotis || complete || central african republic || central african republic || manihot esculenta || 2007-08-14 || cf:cf49an:07
KJ887776.1,,Begomovirus manihotis,Begomovirus manihotis,CF:CF54AN:07,A,"African cassava mosaic virus isolate CF:CF54AN:07 segment A, complete sequence",2780,complete,Central African Republic,Central African Republic,Manihot esculenta,2007-08-14,A,cf:cf54an:07,cf:cf54an:07, || begomovirus manihotis || begomovirus manihotis || complete || central african republic || central african republic || manihot esculenta || 2007-08-14 || cf:cf54an:07
KJ887777.1,,Begomovirus manihotis,Begomovirus manihotis,CF:CF60AB:07,A,"African cassava mosaic virus isolate CF:CF60AB:07 segment A, complete sequence",2781,complete,Central African Republic,Central African Republic,Manihot esculenta,2007-08-14,A,cf:cf60ab:07,cf:cf60ab:07, || begomovirus manihotis || begomovirus manihotis || complete || central african republic || central african republic || manihot esculenta || 2007-08-14 || cf:cf60ab:07
KJ887778.1,,Begomovirus manihotis,Begomovirus manihotis,CF:CF64AB:07,A,"African cassava mosaic virus isolate CF:CF64AB:07 segment A, complete sequence",2781,complete,Central African Republic,Central African Republic,Manihot esculenta,2007-08-16,A,cf:cf64ab:07,cf:cf64ab:07, || begomovirus manihotis || begomovirus manihotis || complete || central african republic || central african republic || manihot esculenta || 2007-08-16 || cf:cf64ab:07
KJ887779.1,,Begomovirus manihotis,Begomovirus manihotis,CF:CF68AB:07,A,"African cassava mosaic virus isolate CF:CF68AB:07 segment A, complete sequence",2781,complete,Central African Republic,Central African Republic,Manihot esculenta,2007-08-17,A,cf:cf68ab:07,cf:cf68ab:07, || begomovirus manihotis || begomovirus manihotis || complete || central african republic || central african republic || manihot esculenta || 2007-08-17 || cf:cf68ab:07
KJ887780.1,,Begomovirus manihotis,Begomovirus manihotis,CF:CF72AB:07,A,"African cassava mosaic virus isolate CF:CF72AB:07 segment A, complete sequence",2781,complete,Central African Republic,Central African Republic,Manihot esculenta,2007-08-18,A,cf:cf72ab:07,cf:cf72ab:07, || begomovirus manihotis || begomovirus manihotis || complete || central african republic || central african republic || manihot esculenta || 2007-08-18 || cf:cf72ab:07
KJ887781.1,,Begomovirus manihotis,Begomovirus manihotis,CF:CF73AB:07,A,"African cassava mosaic virus isolate CF:CF73AB:07 segment A, complete sequence",2781,complete,Central African Republic,Central African Republic,Manihot esculenta,2007-08-18,A,cf:cf73ab:07,cf:cf73ab:07, || begomovirus manihotis || begomovirus manihotis || complete || central african republic || central african republic || manihot esculenta || 2007-08-18 || cf:cf73ab:07
KJ887782.1,,Begomovirus manihotis,Begomovirus manihotis,CF:CF78A:07,A,"African cassava mosaic virus isolate CF:CF78A:07 segment A, complete sequence",2781,complete,Central African Republic,Central African Republic,Manihot esculenta,2007-08-19,A,cf:cf78a:07,cf:cf78a:07, || begomovirus manihotis || begomovirus manihotis || complete || central african republic || central african republic || manihot esculenta || 2007-08-19 || cf:cf78a:07
KJ887783.1,,Begomovirus manihotis,Begomovirus manihotis,CF:CF80AB:07,A,"African cassava mosaic virus isolate CF:CF80AB:07 segment A, complete sequence",2781,complete,Central African Republic,Central African Republic,Manihot esculenta,2007-08-19,A,cf:cf80ab:07,cf:cf80ab:07, || begomovirus manihotis || begomovirus manihotis || complete || central african republic || central african republic || manihot esculenta || 2007-08-19 || cf:cf80ab:07
KJ887784.1,,Begomovirus manihotis,Begomovirus manihotis,CF:CF87AB1:07,A,"African cassava mosaic virus isolate CF:CF87AB1:07 segment A, complete sequence",2781,complete,Central African Republic,Central African Republic,Manihot esculenta,2007-08-20,A,cf:cf87ab1:07,cf:cf87ab1:07, || begomovirus manihotis || begomovirus manihotis || complete || central african republic || central african republic || manihot esculenta || 2007-08-20 || cf:cf87ab1:07
KJ887785.1,,Begomovirus manihotis,Begomovirus manihotis,CF:CF87AB2:07,A,"African cassava mosaic virus isolate CF:CF87AB2:07 segment A, complete sequence",2781,complete,Central African Republic,Central African Republic,Manihot esculenta,2007-08-20,A,cf:cf87ab2:07,cf:cf87ab2:07, || begomovirus manihotis || begomovirus manihotis || complete || central african republic || central african republic || manihot esculenta || 2007-08-20 || cf:cf87ab2:07
KJ887786.1,,Begomovirus manihotis,Begomovirus manihotis,CF:CF88AB:07,A,"African cassava mosaic virus isolate CF:CF88AB:07 segment A, complete sequence",2783,complete,Central African Republic,Central African Republic,Manihot esculenta,2007-08-20,A,cf:cf88ab:07,cf:cf88ab:07, || begomovirus manihotis || begomovirus manihotis || complete || central african republic || central african republic || manihot esculenta || 2007-08-20 || cf:cf88ab:07
KJ887787.1,,Begomovirus manihotis,Begomovirus manihotis,CF:CF92AN:07,A,"African cassava mosaic virus isolate CF:CF92AN:07 segment A, complete sequence",2783,complete,Central African Republic,Central African Republic,Manihot esculenta,2007-08-21,A,cf:cf92an:07,cf:cf92an:07, || begomovirus manihotis || begomovirus manihotis || complete || central african republic || central african republic || manihot esculenta || 2007-08-21 || cf:cf92an:07
KJ887788.1,,Begomovirus manihotis,Begomovirus manihotis,CF:CF94AN:07,A,"African cassava mosaic virus isolate CF:CF94AN:07 segment A, complete sequence",2783,complete,Central African Republic,Central African Republic,Manihot esculenta,2007-08-21,A,cf:cf94an:07,cf:cf94an:07, || begomovirus manihotis || begomovirus manihotis || complete || central african republic || central african republic || manihot esculenta || 2007-08-21 || cf:cf94an:07
KJ887789.1,,Begomovirus manihotis,Begomovirus manihotis,CF:CF100AB:07,A,"African cassava mosaic virus isolate CF:CF100AB:07 segment A, complete sequence",2783,complete,Central African Republic,Central African Republic,Manihot esculenta,2007-08-24,A,cf:cf100ab:07,cf:cf100ab:07, || begomovirus manihotis || begomovirus manihotis || complete || central african republic || central african republic || manihot esculenta || 2007-08-24 || cf:cf100ab:07
KJ887790.1,,Begomovirus manihotis,Begomovirus manihotis,CF:CF101AN:07,A,"African cassava mosaic virus isolate CF:CF101AN:07 segment A, complete sequence",2781,complete,Central African Republic,Central African Republic,Manihot esculenta,2007-08-24,A,cf:cf101an:07,cf:cf101an:07, || begomovirus manihotis || begomovirus manihotis || complete || central african republic || central african republic || manihot esculenta || 2007-08-24 || cf:cf101an:07
KJ887791.1,,Begomovirus manihotis,Begomovirus manihotis,CF:CF108AB:07,A,"African cassava mosaic virus isolate CF:CF108AB:07 segment A, complete sequence",2783,complete,Central African Republic,Central African Republic,Manihot esculenta,2007-08-25,A,cf:cf108ab:07,cf:cf108ab:07, || begomovirus manihotis || begomovirus manihotis || complete || central african republic || central african republic || manihot esculenta || 2007-08-25 || cf:cf108ab:07
KJ887792.1,,Begomovirus manihotis,Begomovirus manihotis,CF:CF112AB:07,A,"African cassava mosaic virus isolate CF:CF112AB:07 segment A, complete sequence",2781,complete,Central African Republic,Central African Republic,Manihot esculenta,2007-08-25,A,cf:cf112ab:07,cf:cf112ab:07, || begomovirus manihotis || begomovirus manihotis || complete || central african republic || central african republic || manihot esculenta || 2007-08-25 || cf:cf112ab:07
KJ887793.1,,Begomovirus manihotis,Begomovirus manihotis,CF:CF114AB1:07,A,"African cassava mosaic virus isolate CF:CF114AB1:07 segment A, complete sequence",2780,complete,Central African Republic,Central African Republic,Manihot esculenta,2007-08-25,A,cf:cf114ab1:07,cf:cf114ab1:07, || begomovirus manihotis || begomovirus manihotis || complete || central african republic || central african republic || manihot esculenta || 2007-08-25 || cf:cf114ab1:07
KJ887794.1,,Begomovirus manihotis,Begomovirus manihotis,CF:CF114AB2:07,A,"African cassava mosaic virus isolate CF:CF114AB2:07 segment A, complete sequence",2780,complete,Central African Republic,Central African Republic,Manihot esculenta,2007-08-25,A,cf:cf114ab2:07,cf:cf114ab2:07, || begomovirus manihotis || begomovirus manihotis || complete || central african republic || central african republic || manihot esculenta || 2007-08-25 || cf:cf114ab2:07
KJ887795.1,,Begomovirus manihotis,Begomovirus manihotis,CF:CF114AB3:07,A,"African cassava mosaic virus isolate CF:CF114AB3:07 segment A, complete sequence",2782,complete,Central African Republic,Central African Republic,Manihot esculenta,2007-08-25,A,cf:cf114ab3:07,cf:cf114ab3:07, || begomovirus manihotis || begomovirus manihotis || complete || central african republic || central african republic || manihot esculenta || 2007-08-25 || cf:cf114ab3:07
KJ887796.1,,Begomovirus manihotis,Begomovirus manihotis,CF:CF116AB:07,A,"African cassava mosaic virus isolate CF:CF116AB:07 segment A, complete sequence",2782,complete,Central African Republic,Central African Republic,Manihot esculenta,2007-08-26,A,cf:cf116ab:07,cf:cf116ab:07, || begomovirus manihotis || begomovirus manihotis || complete || central african republic || central african republic || manihot esculenta || 2007-08-26 || cf:cf116ab:07
KJ887797.1,,Begomovirus manihotis,Begomovirus manihotis,CF:CF118AB1:07,A,"African cassava mosaic virus isolate CF:CF118AB1:07 segment A, complete sequence",2783,complete,Central African Republic,Central African Republic,Manihot esculenta,2007-08-26,A,cf:cf118ab1:07,cf:cf118ab1:07, || begomovirus manihotis || begomovirus manihotis || complete || central african republic || central african republic || manihot esculenta || 2007-08-26 || cf:cf118ab1:07
KJ887798.1,,Begomovirus manihotis,Begomovirus manihotis,CF:CF118AB:07,A,"African cassava mosaic virus isolate CF:CF118AB:07 segment A, complete sequence",2783,complete,Central African Republic,Central African Republic,Manihot esculenta,2007-08-26,A,cf:cf118ab:07,cf:cf118ab:07, || begomovirus manihotis || begomovirus manihotis || complete || central african republic || central african republic || manihot esculenta || 2007-08-26 || cf:cf118ab:07
KJ887799.1,,Begomovirus manihotis,Begomovirus manihotis,CF:CF121AB:07,A,"African cassava mosaic virus isolate CF:CF121AB:07 segment A, complete sequence",2781,complete,Central African Republic,Central African Republic,Manihot esculenta,2007-08-26,A,cf:cf121ab:07,cf:cf121ab:07, || begomovirus manihotis || begomovirus manihotis || complete || central african republic || central african republic || manihot esculenta || 2007-08-26 || cf:cf121ab:07
KJ887800.1,,Begomovirus manihotis,Begomovirus manihotis,CF:CF124AN:07,A,"African cassava mosaic virus isolate CF:CF124AN:07 segment A, complete sequence",2783,complete,Central African Republic,Central African Republic,Manihot esculenta,2007-08-26,A,cf:cf124an:07,cf:cf124an:07, || begomovirus manihotis || begomovirus manihotis || complete || central african republic || central african republic || manihot esculenta || 2007-08-26 || cf:cf124an:07
KJ887801.1,,Begomovirus manihotis,Begomovirus manihotis,CF:CF125AN:07,A,"African cassava mosaic virus isolate CF:CF125AN:07 segment A, complete sequence",2781,complete,Central African Republic,Central African Republic,Manihot esculenta,2007-08-26,A,cf:cf125an:07,cf:cf125an:07, || begomovirus manihotis || begomovirus manihotis || complete || central african republic || central african republic || manihot esculenta || 2007-08-26 || cf:cf125an:07
KJ887802.1,,Begomovirus manihotis,Begomovirus manihotis,CF:CF127AB:07,A,"African cassava mosaic virus isolate CF:CF127AB:07 segment A, complete sequence",2782,complete,Central African Republic,Central African Republic,Manihot esculenta,2007-08-26,A,cf:cf127ab:07,cf:cf127ab:07, || begomovirus manihotis || begomovirus manihotis || complete || central african republic || central african republic || manihot esculenta || 2007-08-26 || cf:cf127ab:07
KJ887803.1,,Begomovirus manihotis,Begomovirus manihotis,CF:CF143AN:07,A,"African cassava mosaic virus isolate CF:CF143AN:07 segment A, complete sequence",2783,complete,Central African Republic,Central African Republic,Manihot esculenta,2007-08-29,A,cf:cf143an:07,cf:cf143an:07, || begomovirus manihotis || begomovirus manihotis || complete || central african republic || central african republic || manihot esculenta || 2007-08-29 || cf:cf143an:07
KJ887804.1,,Begomovirus manihotis,Begomovirus manihotis,CF:CF144AN:07,A,"African cassava mosaic virus isolate CF:CF144AN:07 segment A, complete sequence",2781,complete,Central African Republic,Central African Republic,Manihot esculenta,2007-08-29,A,cf:cf144an:07,cf:cf144an:07, || begomovirus manihotis || begomovirus manihotis || complete || central african republic || central african republic || manihot esculenta || 2007-08-29 || cf:cf144an:07
KJ887805.1,,Begomovirus manihotis,Begomovirus manihotis,CF:CF147AB:07,A,"African cassava mosaic virus isolate CF:CF147AB:07 segment A, complete sequence",2783,complete,Central African Republic,Central African Republic,Manihot esculenta,2007-08-29,A,cf:cf147ab:07,cf:cf147ab:07, || begomovirus manihotis || begomovirus manihotis || complete || central african republic || central african republic || manihot esculenta || 2007-08-29 || cf:cf147ab:07
KJ887806.1,,Begomovirus manihotis,Begomovirus manihotis,CF:CF149AB1:07,A,"African cassava mosaic virus isolate CF:CF149AB1:07 segment A, complete sequence",2780,complete,Central African Republic,Central African Republic,Manihot esculenta,2007-08-29,A,cf:cf149ab1:07,cf:cf149ab1:07, || begomovirus manihotis || begomovirus manihotis || complete || central african republic || central african republic || manihot esculenta || 2007-08-29 || cf:cf149ab1:07
KJ887807.1,,Begomovirus manihotis,Begomovirus manihotis,CF:CF149AB2:07,A,"African cassava mosaic virus isolate CF:CF149AB2:07 segment A, complete sequence",2781,complete,Central African Republic,Central African Republic,Manihot esculenta,2007-08-29,A,cf:cf149ab2:07,cf:cf149ab2:07, || begomovirus manihotis || begomovirus manihotis || complete || central african republic || central african republic || manihot esculenta || 2007-08-29 || cf:cf149ab2:07
KJ887808.1,,Begomovirus manihotis,Begomovirus manihotis,CF:CF151AB:07,A,"African cassava mosaic virus isolate CF:CF151AB:07 segment A, complete sequence",2781,complete,Central African Republic,Central African Republic,Manihot esculenta,2007-08-30,A,cf:cf151ab:07,cf:cf151ab:07, || begomovirus manihotis || begomovirus manihotis || complete || central african republic || central african republic || manihot esculenta || 2007-08-30 || cf:cf151ab:07
KJ887809.1,,Begomovirus manihotis,Begomovirus manihotis,CF:CF160AB:08,A,"African cassava mosaic virus isolate CF:CF160AB:08 segment A, complete sequence",2782,complete,Central African Republic,Central African Republic,Manihot esculenta,2008-01-16,A,cf:cf160ab:08,cf:cf160ab:08, || begomovirus manihotis || begomovirus manihotis || complete || central african republic || central african republic || manihot esculenta || 2008-01-16 || cf:cf160ab:08
KJ887810.1,,Begomovirus manihotis,Begomovirus manihotis,CF:CF161AB:08,A,"African cassava mosaic virus isolate CF:CF161AB:08 segment A, complete sequence",2779,complete,Central African Republic,Central African Republic,Manihot esculenta,2008-01-16,A,cf:cf161ab:08,cf:cf161ab:08, || begomovirus manihotis || begomovirus manihotis || complete || central african republic || central african republic || manihot esculenta || 2008-01-16 || cf:cf161ab:08
KJ887811.1,,Begomovirus manihotis,Begomovirus manihotis,CF:CF185AB:08,A,"African cassava mosaic virus isolate CF:CF185AB:08 segment A, complete sequence",2781,complete,Central African Republic,Central African Republic,Manihot esculenta,2008-01-20,A,cf:cf185ab:08,cf:cf185ab:08, || begomovirus manihotis || begomovirus manihotis || complete || central african republic || central african republic || manihot esculenta || 2008-01-20 || cf:cf185ab:08
KJ887812.1,,Begomovirus manihotis,Begomovirus manihotis,CF:CF345AB:08,A,"African cassava mosaic virus isolate CF:CF345AB:08 segment A, complete sequence",2781,complete,Central African Republic,Central African Republic,Manihot esculenta,2008,A,cf:cf345ab:08,cf:cf345ab:08, || begomovirus manihotis || begomovirus manihotis || complete || central african republic || central african republic || manihot esculenta || 2008 || cf:cf345ab:08
KJ887813.1,,Begomovirus manihotis,Begomovirus manihotis,CF:CF351A:08,A,"African cassava mosaic virus isolate CF:CF351A:08 segment A, complete sequence",2781,complete,Central African Republic,Central African Republic,Manihot esculenta,2008,A,cf:cf351a:08,cf:cf351a:08, || begomovirus manihotis || begomovirus manihotis || complete || central african republic || central african republic || manihot esculenta || 2008 || cf:cf351a:08
KJ887814.1,,Begomovirus manihotis,Begomovirus manihotis,CF:CF352AB1:08,A,"African cassava mosaic virus isolate CF:CF352AB1:08 segment A, complete sequence",2781,complete,Central African Republic,Central African Republic,Manihot esculenta,2008,A,cf:cf352ab1:08,cf:cf352ab1:08, || begomovirus manihotis || begomovirus manihotis || complete || central african republic || central african republic || manihot esculenta || 2008 || cf:cf352ab1:08
KJ887815.1,,Begomovirus manihotis,Begomovirus manihotis,CF:CF352AB2:08,A,"African cassava mosaic virus isolate CF:CF352AB2:08 segment A, complete sequence",2781,complete,Central African Republic,Central African Republic,Manihot esculenta,2008,A,cf:cf352ab2:08,cf:cf352ab2:08, || begomovirus manihotis || begomovirus manihotis || complete || central african republic || central african republic || manihot esculenta || 2008 || cf:cf352ab2:08
KJ887816.1,,Begomovirus manihotis,Begomovirus manihotis,CF:CF354AB1:08,A,"African cassava mosaic virus isolate CF:CF354AB1:08 segment A, complete sequence",2781,complete,Central African Republic,Central African Republic,Manihot esculenta,2008,A,cf:cf354ab1:08,cf:cf354ab1:08, || begomovirus manihotis || begomovirus manihotis || complete || central african republic || central african republic || manihot esculenta || 2008 || cf:cf354ab1:08
KJ887817.1,,Begomovirus manihotis,Begomovirus manihotis,CF:CF354AB2:08,A,"African cassava mosaic virus isolate CF:CF354AB2:08 segment A, complete sequence",2781,complete,Central African Republic,Central African Republic,Manihot esculenta,2008,A,cf:cf354ab2:08,cf:cf354ab2:08, || begomovirus manihotis || begomovirus manihotis || complete || central african republic || central african republic || manihot esculenta || 2008 || cf:cf354ab2:08
KJ887818.1,,Begomovirus manihotis,Begomovirus manihotis,CF:CF355A:08,A,"African cassava mosaic virus isolate CF:CF355A:08 segment A, complete sequence",2784,complete,Central African Republic,Central African Republic,Manihot esculenta,2008,A,cf:cf355a:08,cf:cf355a:08, || begomovirus manihotis || begomovirus manihotis || complete || central african republic || central african republic || manihot esculenta || 2008 || cf:cf355a:08
KJ887819.1,,Begomovirus manihotis,Begomovirus manihotis,CF:CF356AB:08,A,"African cassava mosaic virus isolate CF:CF356AB:08 segment A, complete sequence",2781,complete,Central African Republic,Central African Republic,Manihot esculenta,2008,A,cf:cf356ab:08,cf:cf356ab:08, || begomovirus manihotis || begomovirus manihotis || complete || central african republic || central african republic || manihot esculenta || 2008 || cf:cf356ab:08
KJ887821.1,,Begomovirus manihotis,Begomovirus manihotis,MG:MG2A9:05,A,"African cassava mosaic virus isolate MG:MG2A9:05 segment A, complete sequence",2783,complete,Madagascar,Madagascar,Manihot esculenta,2005-12-13,A,mg:mg2a9:05,mg:mg2a9:05, || begomovirus manihotis || begomovirus manihotis || complete || madagascar || madagascar || manihot esculenta || 2005-12-13 || mg:mg2a9:05
KJ887822.1,,Begomovirus manihotis,Begomovirus manihotis,MG:MG3A13:05,A,"African cassava mosaic virus isolate MG:MG3A13:05 segment A, complete sequence",2781,complete,Madagascar,Madagascar,Manihot esculenta,2005-12-14,A,mg:mg3a13:05,mg:mg3a13:05, || begomovirus manihotis || begomovirus manihotis || complete || madagascar || madagascar || manihot esculenta || 2005-12-14 || mg:mg3a13:05
KJ887823.1,,Begomovirus manihotis,Begomovirus manihotis,MG:MG4A18:05,A,"African cassava mosaic virus isolate MG:MG4A18:05 segment A, complete sequence",2782,complete,Madagascar,Madagascar,Manihot esculenta,2005-12-14,A,mg:mg4a18:05,mg:mg4a18:05, || begomovirus manihotis || begomovirus manihotis || complete || madagascar || madagascar || manihot esculenta || 2005-12-14 || mg:mg4a18:05
KJ887824.1,,Begomovirus manihotis,Begomovirus manihotis,MG:MG5A23:05,A,"African cassava mosaic virus isolate MG:MG5A23:05 segment A, complete sequence",2781,complete,Madagascar,Madagascar,Manihot esculenta,2005-12-14,A,mg:mg5a23:05,mg:mg5a23:05, || begomovirus manihotis || begomovirus manihotis || complete || madagascar || madagascar || manihot esculenta || 2005-12-14 || mg:mg5a23:05
KJ887828.1,,Begomovirus manihotis,Begomovirus manihotis,MG:MG8A36:05,A,"African cassava mosaic virus isolate MG:MG8A36:05 segment A, complete sequence",2783,complete,Madagascar,Madagascar,Manihot esculenta,2005-12-12,A,mg:mg8a36:05,mg:mg8a36:05, || begomovirus manihotis || begomovirus manihotis || complete || madagascar || madagascar || manihot esculenta || 2005-12-12 || mg:mg8a36:05
KJ887832.1,,Begomovirus manihotis,Begomovirus manihotis,MG:MG12A8:06,A,"African cassava mosaic virus isolate MG:MG12A8:06 segment A, complete sequence",2782,complete,Madagascar,Madagascar,Manihot esculenta,2006-03-31,A,mg:mg12a8:06,mg:mg12a8:06, || begomovirus manihotis || begomovirus manihotis || complete || madagascar || madagascar || manihot esculenta || 2006-03-31 || mg:mg12a8:06
KJ887833.1,,Begomovirus manihotis,Begomovirus manihotis,MG:MG13A14:06,A,"African cassava mosaic virus isolate MG:MG13A14:06 segment A, complete sequence",2783,complete,Madagascar,Madagascar,Manihot esculenta,2006-03-26,A,mg:mg13a14:06,mg:mg13a14:06, || begomovirus manihotis || begomovirus manihotis || complete || madagascar || madagascar || manihot esculenta || 2006-03-26 || mg:mg13a14:06
KJ887834.1,,Begomovirus manihotis,Begomovirus manihotis,MG:MG14A17:06,A,"African cassava mosaic virus isolate MG:MG14A17:06 segment A, complete sequence",2782,complete,Madagascar,Madagascar,Manihot esculenta,2006-03-28,A,mg:mg14a17:06,mg:mg14a17:06, || begomovirus manihotis || begomovirus manihotis || complete || madagascar || madagascar || manihot esculenta || 2006-03-28 || mg:mg14a17:06
KJ887835.1,,Begomovirus manihotis,Begomovirus manihotis,MG:MG15A22:06,A,"African cassava mosaic virus isolate MG:MG15A22:06 segment A, complete sequence",2781,complete,Madagascar,Madagascar,Manihot esculenta,2006-04-06,A,mg:mg15a22:06,mg:mg15a22:06, || begomovirus manihotis || begomovirus manihotis || complete || madagascar || madagascar || manihot esculenta || 2006-04-06 || mg:mg15a22:06
KJ887836.1,,Begomovirus manihotis,Begomovirus manihotis,MG:MG16A28:06,A,"African cassava mosaic virus isolate MG:MG16A28:06 segment A, complete sequence",2781,complete,Madagascar,Madagascar,Manihot esculenta,2006-04-06,A,mg:mg16a28:06,mg:mg16a28:06, || begomovirus manihotis || begomovirus manihotis || complete || madagascar || madagascar || manihot esculenta || 2006-04-06 || mg:mg16a28:06
KJ887837.1,,Begomovirus manihotis,Begomovirus manihotis,MG:MG17A33:06,A,"African cassava mosaic virus isolate MG:MG17A33:06 segment A, complete sequence",2781,complete,Madagascar,Madagascar,Manihot esculenta,2006-01-05,A,mg:mg17a33:06,mg:mg17a33:06, || begomovirus manihotis || begomovirus manihotis || complete || madagascar || madagascar || manihot esculenta || 2006-01-05 || mg:mg17a33:06
KJ887838.1,,Begomovirus manihotis,Begomovirus manihotis,MG:MG18A38:06,A,"African cassava mosaic virus isolate MG:MG18A38:06 segment A, complete sequence",2780,complete,Madagascar,Madagascar,Manihot esculenta,2006-11-17,A,mg:mg18a38:06,mg:mg18a38:06, || begomovirus manihotis || begomovirus manihotis || complete || madagascar || madagascar || manihot esculenta || 2006-11-17 || mg:mg18a38:06
KJ887842.1,,Begomovirus manihotis,Begomovirus manihotis,MG:MG22A3:06,A,"African cassava mosaic virus isolate MG:MG22A3:06 segment A, complete sequence",2781,complete,Madagascar,Madagascar,Manihot esculenta,2006-11-16,A,mg:mg22a3:06,mg:mg22a3:06, || begomovirus manihotis || begomovirus manihotis || complete || madagascar || madagascar || manihot esculenta || 2006-11-16 || mg:mg22a3:06
KJ887843.1,,Begomovirus manihotis,Begomovirus manihotis,MG:MG23A1:06,A,"African cassava mosaic virus isolate MG:MG23A1:06 segment A, complete sequence",2782,complete,Madagascar,Madagascar,Manihot esculenta,2006-11-16,A,mg:mg23a1:06,mg:mg23a1:06, || begomovirus manihotis || begomovirus manihotis || complete || madagascar || madagascar || manihot esculenta || 2006-11-16 || mg:mg23a1:06
KJ887844.1,,Begomovirus manihotis,Begomovirus manihotis,MG:MG24A1:06,A,"African cassava mosaic virus isolate MG:MG24A1:06 segment A, complete sequence",2788,complete,Madagascar,Madagascar,Manihot esculenta,2006-11-20,A,mg:mg24a1:06,mg:mg24a1:06, || begomovirus manihotis || begomovirus manihotis || complete || madagascar || madagascar || manihot esculenta || 2006-11-20 || mg:mg24a1:06
KJ887846.1,,Begomovirus manihotis,Begomovirus manihotis,MG:MG26A1:06,A,"African cassava mosaic virus isolate MG:MG26A1:06 segment A, complete sequence",2782,complete,Madagascar,Madagascar,Manihot esculenta,2006-11-16,A,mg:mg26a1:06,mg:mg26a1:06, || begomovirus manihotis || begomovirus manihotis || complete || madagascar || madagascar || manihot esculenta || 2006-11-16 || mg:mg26a1:06
KJ887847.1,,Begomovirus manihotis,Begomovirus manihotis,MG:MG27A3:06,A,"African cassava mosaic virus isolate MG:MG27A3:06 segment A, complete sequence",2780,complete,Madagascar,Madagascar,Manihot esculenta,2006-11-21,A,mg:mg27a3:06,mg:mg27a3:06, || begomovirus manihotis || begomovirus manihotis || complete || madagascar || madagascar || manihot esculenta || 2006-11-21 || mg:mg27a3:06
KJ887849.1,,Begomovirus manihotis,Begomovirus manihotis,MG:MG30A1:06,A,"African cassava mosaic virus isolate MG:MG30A1:06 segment A, complete sequence",2783,complete,Madagascar,Madagascar,Manihot esculenta,2006-11-21,A,mg:mg30a1:06,mg:mg30a1:06, || begomovirus manihotis || begomovirus manihotis || complete || madagascar || madagascar || manihot esculenta || 2006-11-21 || mg:mg30a1:06
KJ887850.1,,Begomovirus manihotis,Begomovirus manihotis,MG:MG31A1:06,A,"African cassava mosaic virus isolate MG:MG31A1:06 segment A, complete sequence",2785,complete,Madagascar,Madagascar,Manihot esculenta,2006-11-18,A,mg:mg31a1:06,mg:mg31a1:06, || begomovirus manihotis || begomovirus manihotis || complete || madagascar || madagascar || manihot esculenta || 2006-11-18 || mg:mg31a1:06
KJ887852.1,,Begomovirus manihotis,Begomovirus manihotis,MG:MG35A1:06,A,"African cassava mosaic virus isolate MG:MG35A1:06 segment A, complete sequence",2781,complete,Madagascar,Madagascar,Manihot esculenta,2006-11-16,A,mg:mg35a1:06,mg:mg35a1:06, || begomovirus manihotis || begomovirus manihotis || complete || madagascar || madagascar || manihot esculenta || 2006-11-16 || mg:mg35a1:06
KJ887854.1,,Begomovirus manihotis,Begomovirus manihotis,MG:MG38A1:06,A,"African cassava mosaic virus isolate MG:MG38A1:06 segment A, complete sequence",2781,complete,Madagascar,Madagascar,Manihot esculenta,2006-11-18,A,mg:mg38a1:06,mg:mg38a1:06, || begomovirus manihotis || begomovirus manihotis || complete || madagascar || madagascar || manihot esculenta || 2006-11-18 || mg:mg38a1:06
KJ887856.1,,Begomovirus manihotis,Begomovirus manihotis,MG:MG40A2:06,A,"African cassava mosaic virus isolate MG:MG40A2:06 segment A, complete sequence",2781,complete,Madagascar,Madagascar,Manihot esculenta,2006-11-15,A,mg:mg40a2:06,mg:mg40a2:06, || begomovirus manihotis || begomovirus manihotis || complete || madagascar || madagascar || manihot esculenta || 2006-11-15 || mg:mg40a2:06
KJ887858.1,,Begomovirus manihotis,Begomovirus manihotis,MG:MG43A3:06,A,"African cassava mosaic virus isolate MG:MG43A3:06 segment A, complete sequence",2786,complete,Madagascar,Madagascar,Manihot esculenta,2006-11-18,A,mg:mg43a3:06,mg:mg43a3:06, || begomovirus manihotis || begomovirus manihotis || complete || madagascar || madagascar || manihot esculenta || 2006-11-18 || mg:mg43a3:06
KJ887860.1,,Begomovirus manihotis,Begomovirus manihotis,MG:MG44B1:06,A,"African cassava mosaic virus isolate MG:MG44B1:06 segment A, complete sequence",2784,complete,Madagascar,Madagascar,Manihot esculenta,2006-11-18,A,mg:mg44b1:06,mg:mg44b1:06, || begomovirus manihotis || begomovirus manihotis || complete || madagascar || madagascar || manihot esculenta || 2006-11-18 || mg:mg44b1:06
KJ887861.1,,Begomovirus manihotis,Begomovirus manihotis,MG:MG45A7:06,A,"African cassava mosaic virus isolate MG:MG45A7:06 segment A, complete sequence",2781,complete,Madagascar,Madagascar,Manihot esculenta,2006-11-18,A,mg:mg45a7:06,mg:mg45a7:06, || begomovirus manihotis || begomovirus manihotis || complete || madagascar || madagascar || manihot esculenta || 2006-11-18 || mg:mg45a7:06
KJ887863.1,,Begomovirus manihotis,Begomovirus manihotis,MG:MG46A1:06,A,"African cassava mosaic virus isolate MG:MG46A1:06 segment A, complete sequence",2781,complete,Madagascar,Madagascar,Manihot esculenta,2006-11-15,A,mg:mg46a1:06,mg:mg46a1:06, || begomovirus manihotis || begomovirus manihotis || complete || madagascar || madagascar || manihot esculenta || 2006-11-15 || mg:mg46a1:06
KJ887865.1,,Begomovirus manihotis,Begomovirus manihotis,MG:MG47A6:06,A,"African cassava mosaic virus isolate MG:MG47A6:06 segment A, complete sequence",2781,complete,Madagascar,Madagascar,Manihot esculenta,2006-11-15,A,mg:mg47a6:06,mg:mg47a6:06, || begomovirus manihotis || begomovirus manihotis || complete || madagascar || madagascar || manihot esculenta || 2006-11-15 || mg:mg47a6:06
KJ887866.1,,Begomovirus manihotis,Begomovirus manihotis,MG:MG48A1:06,A,"African cassava mosaic virus isolate MG:MG48A1:06 segment A, complete sequence",2783,complete,Madagascar,Madagascar,Manihot esculenta,2006-11-16,A,mg:mg48a1:06,mg:mg48a1:06, || begomovirus manihotis || begomovirus manihotis || complete || madagascar || madagascar || manihot esculenta || 2006-11-16 || mg:mg48a1:06
KJ887867.1,,Begomovirus manihotis,Begomovirus manihotis,MG:MG49A1:06,A,"African cassava mosaic virus isolate MG:MG49A1:06 segment A, complete sequence",2782,complete,Madagascar,Madagascar,Manihot esculenta,2006-11-14,A,mg:mg49a1:06,mg:mg49a1:06, || begomovirus manihotis || begomovirus manihotis || complete || madagascar || madagascar || manihot esculenta || 2006-11-14 || mg:mg49a1:06
KJ887870.1,,Begomovirus manihotis,Begomovirus manihotis,MG:MG52A1:06,A,"African cassava mosaic virus isolate MG:MG52A1:06 segment A, complete sequence",2784,complete,Madagascar,Madagascar,Manihot esculenta,2006-11-20,A,mg:mg52a1:06,mg:mg52a1:06, || begomovirus manihotis || begomovirus manihotis || complete || madagascar || madagascar || manihot esculenta || 2006-11-20 || mg:mg52a1:06
KJ887872.1,,Begomovirus manihotis,Begomovirus manihotis,MG:MG53A1:06,A,"African cassava mosaic virus isolate MG:MG53A1:06 segment A, complete sequence",2781,complete,Madagascar,Madagascar,Manihot esculenta,2006-11-16,A,mg:mg53a1:06,mg:mg53a1:06, || begomovirus manihotis || begomovirus manihotis || complete || madagascar || madagascar || manihot esculenta || 2006-11-16 || mg:mg53a1:06
KJ887873.1,,Begomovirus manihotis,Begomovirus manihotis,MG:MG54A1:06,A,"African cassava mosaic virus isolate MG:MG54A1:06 segment A, complete sequence",2784,complete,Madagascar,Madagascar,Manihot esculenta,2006-11-14,A,mg:mg54a1:06,mg:mg54a1:06, || begomovirus manihotis || begomovirus manihotis || complete || madagascar || madagascar || manihot esculenta || 2006-11-14 || mg:mg54a1:06
KJ887874.1,,Begomovirus manihotis,Begomovirus manihotis,MG:MG55A2:06,A,"African cassava mosaic virus isolate MG:MG55A2:06 segment A, complete sequence",2781,complete,Madagascar,Madagascar,Manihot esculenta,2006-11-15,A,mg:mg55a2:06,mg:mg55a2:06, || begomovirus manihotis || begomovirus manihotis || complete || madagascar || madagascar || manihot esculenta || 2006-11-15 || mg:mg55a2:06
KJ887875.1,,Begomovirus manihotis,Begomovirus manihotis,MG:MG56A1:06,A,"African cassava mosaic virus isolate MG:MG56A1:06 segment A, complete sequence",2783,complete,Madagascar,Madagascar,Manihot esculenta,2006-11-15,A,mg:mg56a1:06,mg:mg56a1:06, || begomovirus manihotis || begomovirus manihotis || complete || madagascar || madagascar || manihot esculenta || 2006-11-15 || mg:mg56a1:06
KJ887876.1,,Begomovirus manihotis,Begomovirus manihotis,MG:MG57A1:06,A,"African cassava mosaic virus isolate MG:MG57A1:06 segment A, complete sequence",2781,complete,Madagascar,Madagascar,Manihot esculenta,2006-11-21,A,mg:mg57a1:06,mg:mg57a1:06, || begomovirus manihotis || begomovirus manihotis || complete || madagascar || madagascar || manihot esculenta || 2006-11-21 || mg:mg57a1:06
KJ887877.1,,Begomovirus manihotis,Begomovirus manihotis,MG:MG58A3:06,A,"African cassava mosaic virus isolate MG:MG58A3:06 segment A, complete sequence",2781,complete,Madagascar,Madagascar,Manihot esculenta,2006-11-19,A,mg:mg58a3:06,mg:mg58a3:06, || begomovirus manihotis || begomovirus manihotis || complete || madagascar || madagascar || manihot esculenta || 2006-11-19 || mg:mg58a3:06
KJ887878.1,,Begomovirus manihotis,Begomovirus manihotis,MG:MG59A2:06,A,"African cassava mosaic virus isolate MG:MG59A2:06 segment A, complete sequence",2782,complete,Madagascar,Madagascar,Manihot esculenta,2006-11-15,A,mg:mg59a2:06,mg:mg59a2:06, || begomovirus manihotis || begomovirus manihotis || complete || madagascar || madagascar || manihot esculenta || 2006-11-15 || mg:mg59a2:06
KJ887879.1,,Begomovirus manihotis,Begomovirus manihotis,MG:MG60A2:06,A,"African cassava mosaic virus isolate MG:MG60A2:06 segment A, complete sequence",2781,complete,Madagascar,Madagascar,Manihot esculenta,2006-11-15,A,mg:mg60a2:06,mg:mg60a2:06, || begomovirus manihotis || begomovirus manihotis || complete || madagascar || madagascar || manihot esculenta || 2006-11-15 || mg:mg60a2:06
KJ887880.1,,Begomovirus manihotis,Begomovirus manihotis,MG:MG61A1:06,A,"African cassava mosaic virus isolate MG:MG61A1:06 segment A, complete sequence",2782,complete,Madagascar,Madagascar,Manihot esculenta,2006-11-16,A,mg:mg61a1:06,mg:mg61a1:06, || begomovirus manihotis || begomovirus manihotis || complete || madagascar || madagascar || manihot esculenta || 2006-11-16 || mg:mg61a1:06
KJ887881.1,,Begomovirus manihotis,Begomovirus manihotis,MG:MG62A1:06,A,"African cassava mosaic virus isolate MG:MG62A1:06 segment A, complete sequence",2782,complete,Madagascar,Madagascar,Manihot esculenta,2006-11-17,A,mg:mg62a1:06,mg:mg62a1:06, || begomovirus manihotis || begomovirus manihotis || complete || madagascar || madagascar || manihot esculenta || 2006-11-17 || mg:mg62a1:06
KJ887882.1,,Begomovirus manihotis,Begomovirus manihotis,MG:MG63A3:06,A,"African cassava mosaic virus isolate MG:MG63A3:06 segment A, complete sequence",2781,complete,Madagascar,Madagascar,Manihot esculenta,2006-11-21,A,mg:mg63a3:06,mg:mg63a3:06, || begomovirus manihotis || begomovirus manihotis || complete || madagascar || madagascar || manihot esculenta || 2006-11-21 || mg:mg63a3:06
KJ887883.1,,Begomovirus manihotis,Begomovirus manihotis,MG:MG64A1:06,A,"African cassava mosaic virus isolate MG:MG64A1:06 segment A, complete sequence",2783,complete,Madagascar,Madagascar,Manihot esculenta,2006-11-16,A,mg:mg64a1:06,mg:mg64a1:06, || begomovirus manihotis || begomovirus manihotis || complete || madagascar || madagascar || manihot esculenta || 2006-11-16 || mg:mg64a1:06
KJ887884.1,,Begomovirus manihotis,Begomovirus manihotis,MG:MG65A1:06,A,"African cassava mosaic virus isolate MG:MG65A1:06 segment A, complete sequence",2781,complete,Madagascar,Madagascar,Manihot esculenta,2006-11-15,A,mg:mg65a1:06,mg:mg65a1:06, || begomovirus manihotis || begomovirus manihotis || complete || madagascar || madagascar || manihot esculenta || 2006-11-15 || mg:mg65a1:06
KJ887885.1,,Begomovirus manihotis,Begomovirus manihotis,MG:MG66A1:06,A,"African cassava mosaic virus isolate MG:MG66A1:06 segment A, complete sequence",2783,complete,Madagascar,Madagascar,Manihot esculenta,2006-11-16,A,mg:mg66a1:06,mg:mg66a1:06, || begomovirus manihotis || begomovirus manihotis || complete || madagascar || madagascar || manihot esculenta || 2006-11-16 || mg:mg66a1:06
KJ887887.1,,Begomovirus manihotis,Begomovirus manihotis,MG:MG67A9:06,A,"African cassava mosaic virus isolate MG:MG67A9:06 segment A, complete sequence",2781,complete,Madagascar,Madagascar,Manihot esculenta,2006-11-20,A,mg:mg67a9:06,mg:mg67a9:06, || begomovirus manihotis || begomovirus manihotis || complete || madagascar || madagascar || manihot esculenta || 2006-11-20 || mg:mg67a9:06
KJ887888.1,,Begomovirus manihotis,Begomovirus manihotis,MG:MG68A1:06,A,"African cassava mosaic virus isolate MG:MG68A1:06 segment A, complete sequence",2783,complete,Madagascar,Madagascar,Manihot esculenta,2006-11-14,A,mg:mg68a1:06,mg:mg68a1:06, || begomovirus manihotis || begomovirus manihotis || complete || madagascar || madagascar || manihot esculenta || 2006-11-14 || mg:mg68a1:06
KJ887889.1,,Begomovirus manihotis,Begomovirus manihotis,MG:MG69A1:06,A,"African cassava mosaic virus isolate MG:MG69A1:06 segment A, complete sequence",2784,complete,Madagascar,Madagascar,Manihot esculenta,2006-11-15,A,mg:mg69a1:06,mg:mg69a1:06, || begomovirus manihotis || begomovirus manihotis || complete || madagascar || madagascar || manihot esculenta || 2006-11-15 || mg:mg69a1:06
KJ887891.1,,Begomovirus manihotis,Begomovirus manihotis,MG:MG72A1:06,A,"African cassava mosaic virus isolate MG:MG72A1:06 segment A, complete sequence",2782,complete,Madagascar,Madagascar,Manihot esculenta,2006-11-15,A,mg:mg72a1:06,mg:mg72a1:06, || begomovirus manihotis || begomovirus manihotis || complete || madagascar || madagascar || manihot esculenta || 2006-11-15 || mg:mg72a1:06
KJ887893.1,,Begomovirus manihotis,Begomovirus manihotis,MG:MG74A3:06,A,"African cassava mosaic virus isolate MG:MG74A3:06 segment A, complete sequence",2781,complete,Madagascar,Madagascar,Manihot esculenta,2006-11-14,A,mg:mg74a3:06,mg:mg74a3:06, || begomovirus manihotis || begomovirus manihotis || complete || madagascar || madagascar || manihot esculenta || 2006-11-14 || mg:mg74a3:06
KJ887894.1,,Begomovirus manihotis,Begomovirus manihotis,MG:MG75A1:06,A,"African cassava mosaic virus isolate MG:MG75A1:06 segment A, complete sequence",2781,complete,Madagascar,Madagascar,Manihot esculenta,2006-11-20,A,mg:mg75a1:06,mg:mg75a1:06, || begomovirus manihotis || begomovirus manihotis || complete || madagascar || madagascar || manihot esculenta || 2006-11-20 || mg:mg75a1:06
KJ887895.1,,Begomovirus manihotis,Begomovirus manihotis,MG:MG76A1:06,A,"African cassava mosaic virus isolate MG:MG76A1:06 segment A, complete sequence",2781,complete,Madagascar,Madagascar,Manihot esculenta,2006-11-16,A,mg:mg76a1:06,mg:mg76a1:06, || begomovirus manihotis || begomovirus manihotis || complete || madagascar || madagascar || manihot esculenta || 2006-11-16 || mg:mg76a1:06
KJ887896.1,,Begomovirus manihotis,Begomovirus manihotis,MG:MG77A2:06,A,"African cassava mosaic virus isolate MG:MG77A2:06 segment A, complete sequence",2782,complete,Madagascar,Madagascar,Manihot esculenta,2006-11-16,A,mg:mg77a2:06,mg:mg77a2:06, || begomovirus manihotis || begomovirus manihotis || complete || madagascar || madagascar || manihot esculenta || 2006-11-16 || mg:mg77a2:06
KJ887897.1,,Begomovirus manihotis,Begomovirus manihotis,MG:MG78A2:06,A,"African cassava mosaic virus isolate MG:MG78A2:06 segment A, complete sequence",2782,complete,Madagascar,Madagascar,Manihot esculenta,2006-11-16,A,mg:mg78a2:06,mg:mg78a2:06, || begomovirus manihotis || begomovirus manihotis || complete || madagascar || madagascar || manihot esculenta || 2006-11-16 || mg:mg78a2:06
KJ887898.1,,Begomovirus manihotis,Begomovirus manihotis,MG:MG79A1:06,A,"African cassava mosaic virus isolate MG:MG79A1:06 segment A, complete sequence",2781,complete,Madagascar,Madagascar,Manihot esculenta,2006-11-16,A,mg:mg79a1:06,mg:mg79a1:06, || begomovirus manihotis || begomovirus manihotis || complete || madagascar || madagascar || manihot esculenta || 2006-11-16 || mg:mg79a1:06
KJ887899.1,,Begomovirus manihotis,Begomovirus manihotis,MG:MG86A1:06,A,"African cassava mosaic virus isolate MG:MG86A1:06 segment A, complete sequence",2780,complete,Madagascar,Madagascar,Manihot esculenta,2006-11-04,A,mg:mg86a1:06,mg:mg86a1:06, || begomovirus manihotis || begomovirus manihotis || complete || madagascar || madagascar || manihot esculenta || 2006-11-04 || mg:mg86a1:06
KJ887900.1,,Begomovirus manihotis,Begomovirus manihotis,MG:MG87A1:06,A,"African cassava mosaic virus isolate MG:MG87A1:06 segment A, complete sequence",2782,complete,Madagascar,Madagascar,Manihot esculenta,2006-11-04,A,mg:mg87a1:06,mg:mg87a1:06, || begomovirus manihotis || begomovirus manihotis || complete || madagascar || madagascar || manihot esculenta || 2006-11-04 || mg:mg87a1:06
KJ887901.1,,Begomovirus manihotis,Begomovirus manihotis,MG:MG88A1:06,A,"African cassava mosaic virus isolate MG:MG88A1:06 segment A, complete sequence",2783,complete,Madagascar,Madagascar,Manihot esculenta,2006-11-04,A,mg:mg88a1:06,mg:mg88a1:06, || begomovirus manihotis || begomovirus manihotis || complete || madagascar || madagascar || manihot esculenta || 2006-11-04 || mg:mg88a1:06
KJ887904.1,,Begomovirus manihotis,Begomovirus manihotis,MG:MG95A1:07,A,"African cassava mosaic virus isolate MG:MG95A1:07 segment A, complete sequence",2781,complete,Madagascar,Madagascar,Manihot esculenta,2007-03-02,A,mg:mg95a1:07,mg:mg95a1:07, || begomovirus manihotis || begomovirus manihotis || complete || madagascar || madagascar || manihot esculenta || 2007-03-02 || mg:mg95a1:07
KJ887905.1,,Begomovirus manihotis,Begomovirus manihotis,MG:MG97A3:07,A,"African cassava mosaic virus isolate MG:MG97A3:07 segment A, complete sequence",2781,complete,Madagascar,Madagascar,Manihot esculenta,2007-03-02,A,mg:mg97a3:07,mg:mg97a3:07, || begomovirus manihotis || begomovirus manihotis || complete || madagascar || madagascar || manihot esculenta || 2007-03-02 || mg:mg97a3:07
KJ887906.1,,Begomovirus manihotis,Begomovirus manihotis,MG:MG98A3:07,A,"African cassava mosaic virus isolate MG:MG98A3:07 segment A, complete sequence",2781,complete,Madagascar,Madagascar,Manihot esculenta,2007-03-02,A,mg:mg98a3:07,mg:mg98a3:07, || begomovirus manihotis || begomovirus manihotis || complete || madagascar || madagascar || manihot esculenta || 2007-03-02 || mg:mg98a3:07
KJ887907.1,,Begomovirus manihotis,Begomovirus manihotis,MG:MG99A2:07,A,"African cassava mosaic virus isolate MG:MG99A2:07 segment A, complete sequence",2783,complete,Madagascar,Madagascar,Manihot esculenta,2007-03-02,A,mg:mg99a2:07,mg:mg99a2:07, || begomovirus manihotis || begomovirus manihotis || complete || madagascar || madagascar || manihot esculenta || 2007-03-02 || mg:mg99a2:07
KJ887908.1,,Begomovirus manihotis,Begomovirus manihotis,MG:MG100A1:07,A,"African cassava mosaic virus isolate MG:MG100A1:07 segment A, complete sequence",2782,complete,Madagascar,Madagascar,Manihot esculenta,2007-03-02,A,mg:mg100a1:07,mg:mg100a1:07, || begomovirus manihotis || begomovirus manihotis || complete || madagascar || madagascar || manihot esculenta || 2007-03-02 || mg:mg100a1:07
KJ887909.1,,Begomovirus manihotis,Begomovirus manihotis,MG:MG101A1:07,A,"African cassava mosaic virus isolate MG:MG101A1:07 segment A, complete sequence",2781,complete,Madagascar,Madagascar,Manihot esculenta,2007-03-02,A,mg:mg101a1:07,mg:mg101a1:07, || begomovirus manihotis || begomovirus manihotis || complete || madagascar || madagascar || manihot esculenta || 2007-03-02 || mg:mg101a1:07
KJ887910.1,,Begomovirus manihotis,Begomovirus manihotis,MG:MG102A1:07,A,"African cassava mosaic virus isolate MG:MG102A1:07 segment A, complete sequence",2781,complete,Madagascar,Madagascar,Manihot esculenta,2007-03-02,A,mg:mg102a1:07,mg:mg102a1:07, || begomovirus manihotis || begomovirus manihotis || complete || madagascar || madagascar || manihot esculenta || 2007-03-02 || mg:mg102a1:07
KJ887911.1,,Begomovirus manihotis,Begomovirus manihotis,MG:MG103A2:07,A,"African cassava mosaic virus isolate MG:MG103A2:07 segment A, complete sequence",2783,complete,Madagascar,Madagascar,Manihot esculenta,2007-03-02,A,mg:mg103a2:07,mg:mg103a2:07, || begomovirus manihotis || begomovirus manihotis || complete || madagascar || madagascar || manihot esculenta || 2007-03-02 || mg:mg103a2:07
KJ887912.1,,Begomovirus manihotis,Begomovirus manihotis,MG:MG104A1:07,A,"African cassava mosaic virus isolate MG:MG104A1:07 segment A, complete sequence",2781,complete,Madagascar,Madagascar,Manihot esculenta,2007-03-02,A,mg:mg104a1:07,mg:mg104a1:07, || begomovirus manihotis || begomovirus manihotis || complete || madagascar || madagascar || manihot esculenta || 2007-03-02 || mg:mg104a1:07
KJ887913.1,,Begomovirus manihotis,Begomovirus manihotis,MG:MG105A1:07,A,"African cassava mosaic virus isolate MG:MG105A1:07 segment A, complete sequence",2781,complete,Madagascar,Madagascar,Manihot esculenta,2007-03-02,A,mg:mg105a1:07,mg:mg105a1:07, || begomovirus manihotis || begomovirus manihotis || complete || madagascar || madagascar || manihot esculenta || 2007-03-02 || mg:mg105a1:07
KJ887914.1,,Begomovirus manihotis,Begomovirus manihotis,MG:MG112A2:09,A,"African cassava mosaic virus isolate MG:MG112A2:09 segment A, complete sequence",2782,complete,Madagascar,Madagascar,Manihot esculenta,2009-05-27,A,mg:mg112a2:09,mg:mg112a2:09, || begomovirus manihotis || begomovirus manihotis || complete || madagascar || madagascar || manihot esculenta || 2009-05-27 || mg:mg112a2:09
KJ887943.1,,Begomovirus manihotis,Begomovirus manihotis,MG:MG177A1:09,A,"African cassava mosaic virus isolate MG:MG177A1:09 segment A, complete sequence",2781,complete,Madagascar,Madagascar,Manihot esculenta,2009-06-03,A,mg:mg177a1:09,mg:mg177a1:09, || begomovirus manihotis || begomovirus manihotis || complete || madagascar || madagascar || manihot esculenta || 2009-06-03 || mg:mg177a1:09
KJ887954.1,,Begomovirus manihotis,Begomovirus manihotis,MG:MG214A2:08,A,"African cassava mosaic virus isolate MG:MG214A2:08 segment A, complete sequence",2783,complete,Madagascar,Madagascar,Manihot esculenta,2008-05-09,A,mg:mg214a2:08,mg:mg214a2:08, || begomovirus manihotis || begomovirus manihotis || complete || madagascar || madagascar || manihot esculenta || 2008-05-09 || mg:mg214a2:08
KJ887955.1,,Begomovirus manihotis,Begomovirus manihotis,MG:MG215A1:08,A,"African cassava mosaic virus isolate MG:MG215A1:08 segment A, complete sequence",2781,complete,Madagascar,Madagascar,Manihot esculenta,2008-10-09,A,mg:mg215a1:08,mg:mg215a1:08, || begomovirus manihotis || begomovirus manihotis || complete || madagascar || madagascar || manihot esculenta || 2008-10-09 || mg:mg215a1:08
KJ887956.1,,Begomovirus manihotis,Begomovirus manihotis,MG:MG215A2:09,A,"African cassava mosaic virus isolate MG:MG215A2:09 segment A, complete sequence",2781,complete,Madagascar,Madagascar,Manihot esculenta,2008-10-09,A,mg:mg215a2:09,mg:mg215a2:09, || begomovirus manihotis || begomovirus manihotis || complete || madagascar || madagascar || manihot esculenta || 2008-10-09 || mg:mg215a2:09
KJ887966.1,,Begomovirus manihotis,Begomovirus manihotis,MG:MG249A1:10,A,"African cassava mosaic virus isolate MG:MG249A1:10 segment A, complete sequence",2782,complete,Madagascar,Madagascar,Manihot esculenta,2010-04-29,A,mg:mg249a1:10,mg:mg249a1:10, || begomovirus manihotis || begomovirus manihotis || complete || madagascar || madagascar || manihot esculenta || 2010-04-29 || mg:mg249a1:10
KJ887974.1,,Begomovirus manihotis,Begomovirus manihotis,MG:MG306A2:10,A,"African cassava mosaic virus isolate MG:MG306A2:10 segment A, complete sequence",2781,complete,Madagascar,Madagascar,Manihot esculenta,2010-05-05,A,mg:mg306a2:10,mg:mg306a2:10, || begomovirus manihotis || begomovirus manihotis || complete || madagascar || madagascar || manihot esculenta || 2010-05-05 || mg:mg306a2:10
KJ887975.1,,Begomovirus manihotis,Begomovirus manihotis,MG:MG306A4:10,A,"African cassava mosaic virus isolate MG:MG306A4:10 segment A, complete sequence",2781,complete,Madagascar,Madagascar,Manihot esculenta,2010-05-05,A,mg:mg306a4:10,mg:mg306a4:10, || begomovirus manihotis || begomovirus manihotis || complete || madagascar || madagascar || manihot esculenta || 2010-05-05 || mg:mg306a4:10
KJ887976.1,,Begomovirus manihotis,Begomovirus manihotis,MG:MG307A1:10,A,"African cassava mosaic virus isolate MG:MG307A1:10 segment A, complete sequence",2781,complete,Madagascar,Madagascar,Manihot esculenta,2010-05-05,A,mg:mg307a1:10,mg:mg307a1:10, || begomovirus manihotis || begomovirus manihotis || complete || madagascar || madagascar || manihot esculenta || 2010-05-05 || mg:mg307a1:10
KJ887977.1,,Begomovirus manihotis,Begomovirus manihotis,MG:MG309A1:10,A,"African cassava mosaic virus isolate MG:MG309A1:10 segment A, complete sequence",2781,complete,Madagascar,Madagascar,Manihot esculenta,2010-05-05,A,mg:mg309a1:10,mg:mg309a1:10, || begomovirus manihotis || begomovirus manihotis || complete || madagascar || madagascar || manihot esculenta || 2010-05-05 || mg:mg309a1:10
KJ887978.1,,Begomovirus manihotis,Begomovirus manihotis,MG:MG310A1:10,A,"African cassava mosaic virus isolate MG:MG310A1:10 segment A, complete sequence",2783,complete,Madagascar,Madagascar,Manihot esculenta,2010-05-05,A,mg:mg310a1:10,mg:mg310a1:10, || begomovirus manihotis || begomovirus manihotis || complete || madagascar || madagascar || manihot esculenta || 2010-05-05 || mg:mg310a1:10
KJ887979.1,,Begomovirus manihotis,Begomovirus manihotis,MG:MG311A2:10,A,"African cassava mosaic virus isolate MG:MG311A2:10 segment A, complete sequence",2782,complete,Madagascar,Madagascar,Manihot esculenta,2010-05-05,A,mg:mg311a2:10,mg:mg311a2:10, || begomovirus manihotis || begomovirus manihotis || complete || madagascar || madagascar || manihot esculenta || 2010-05-05 || mg:mg311a2:10
KJ887980.1,,Begomovirus manihotis,Begomovirus manihotis,MG:MG318A1:10,A,"African cassava mosaic virus isolate MG:MG318A1:10 segment A, complete sequence",2781,complete,Madagascar,Madagascar,Manihot esculenta,2010-05-06,A,mg:mg318a1:10,mg:mg318a1:10, || begomovirus manihotis || begomovirus manihotis || complete || madagascar || madagascar || manihot esculenta || 2010-05-06 || mg:mg318a1:10
KJ887995.1,,Begomovirus manihotis,Begomovirus manihotis,MG:MG343A10:11,A,"African cassava mosaic virus isolate MG:MG343A10:11 segment A, complete sequence",2783,complete,Madagascar,Madagascar,Manihot esculenta,2011-05-23,A,mg:mg343a10:11,mg:mg343a10:11, || begomovirus manihotis || begomovirus manihotis || complete || madagascar || madagascar || manihot esculenta || 2011-05-23 || mg:mg343a10:11
KJ887997.1,,Begomovirus manihotis,Begomovirus manihotis,MG:MG349A3:11,A,"African cassava mosaic virus isolate MG:MG349A3:11 segment A, complete sequence",2783,complete,Madagascar,Madagascar,Manihot esculenta,2011-05-23,A,mg:mg349a3:11,mg:mg349a3:11, || begomovirus manihotis || begomovirus manihotis || complete || madagascar || madagascar || manihot esculenta || 2011-05-23 || mg:mg349a3:11
KJ888008.1,,Begomovirus manihotis,Begomovirus manihotis,MG:MG408A1:11,A,"African cassava mosaic virus isolate MG:MG408A1:11 segment A, complete sequence",2781,complete,Madagascar,Madagascar,Manihot esculenta,2011-05-25,A,mg:mg408a1:11,mg:mg408a1:11, || begomovirus manihotis || begomovirus manihotis || complete || madagascar || madagascar || manihot esculenta || 2011-05-25 || mg:mg408a1:11
KJ888059.1,,Begomovirus manihotis,Begomovirus manihotis,MG:MG619A7:11,A,"African cassava mosaic virus isolate MG:MG619A7:11 segment A, complete sequence",2783,complete,Madagascar,Madagascar,Manihot esculenta,2011-07-03,A,mg:mg619a7:11,mg:mg619a7:11, || begomovirus manihotis || begomovirus manihotis || complete || madagascar || madagascar || manihot esculenta || 2011-07-03 || mg:mg619a7:11
KJ888062.1,,Begomovirus manihotis,Begomovirus manihotis,MG:MG624A1:11,A,"African cassava mosaic virus isolate MG:MG624A1:11 segment A, complete sequence",2781,complete,Madagascar,Madagascar,Manihot esculenta,2011-07-03,A,mg:mg624a1:11,mg:mg624a1:11, || begomovirus manihotis || begomovirus manihotis || complete || madagascar || madagascar || manihot esculenta || 2011-07-03 || mg:mg624a1:11
KJ888067.1,,Begomovirus manihotis,Begomovirus manihotis,MG:MG632A2:11,A,"African cassava mosaic virus isolate MG:MG632A2:11 segment A, complete sequence",2782,complete,Madagascar,Madagascar,Manihot esculenta,2011-07-04,A,mg:mg632a2:11,mg:mg632a2:11, || begomovirus manihotis || begomovirus manihotis || complete || madagascar || madagascar || manihot esculenta || 2011-07-04 || mg:mg632a2:11
KJ888070.1,,Begomovirus manihotis,Begomovirus manihotis,MG:MG638A4:11,A,"African cassava mosaic virus isolate MG:MG638A4:11 segment A, complete sequence",2782,complete,Madagascar,Madagascar,Manihot esculenta,2011-07-04,A,mg:mg638a4:11,mg:mg638a4:11, || begomovirus manihotis || begomovirus manihotis || complete || madagascar || madagascar || manihot esculenta || 2011-07-04 || mg:mg638a4:11
KJ888075.1,,Begomovirus manihotis,Begomovirus manihotis,MG:MG648A1:11,A,"African cassava mosaic virus isolate MG:MG648A1:11 segment A, complete sequence",2783,complete,Madagascar,Madagascar,Manihot esculenta,2011-07-04,A,mg:mg648a1:11,mg:mg648a1:11, || begomovirus manihotis || begomovirus manihotis || complete || madagascar || madagascar || manihot esculenta || 2011-07-04 || mg:mg648a1:11
KJ888080.1,,Begomovirus manihotis,Begomovirus manihotis,MG:MG650A1:11,A,"African cassava mosaic virus isolate MG:MG650A1:11 segment A, complete sequence",2781,complete,Madagascar,Madagascar,Manihot esculenta,2011-07-04,A,mg:mg650a1:11,mg:mg650a1:11, || begomovirus manihotis || begomovirus manihotis || complete || madagascar || madagascar || manihot esculenta || 2011-07-04 || mg:mg650a1:11
KJ888082.1,,Begomovirus manihotis,Begomovirus manihotis,MG:MG652A9:11,A,"African cassava mosaic virus isolate MG:MG652A9:11 segment A, complete sequence",2781,complete,Madagascar,Madagascar,Manihot esculenta,2011-07-04,A,mg:mg652a9:11,mg:mg652a9:11, || begomovirus manihotis || begomovirus manihotis || complete || madagascar || madagascar || manihot esculenta || 2011-07-04 || mg:mg652a9:11
KJ888086.1,,Begomovirus manihotis,Begomovirus manihotis,MG:MG656A1:11,A,"African cassava mosaic virus isolate MG:MG656A1:11 segment A, complete sequence",2782,complete,Madagascar,Madagascar,Manihot esculenta,2011-07-04,A,mg:mg656a1:11,mg:mg656a1:11, || begomovirus manihotis || begomovirus manihotis || complete || madagascar || madagascar || manihot esculenta || 2011-07-04 || mg:mg656a1:11
KJ888088.1,,Begomovirus manihotis,Begomovirus manihotis,MG:MG688A3:11,A,"African cassava mosaic virus isolate MG:MG688A3:11 segment A, complete sequence",2781,complete,Madagascar,Madagascar,Manihot esculenta,2011-07-06,A,mg:mg688a3:11,mg:mg688a3:11, || begomovirus manihotis || begomovirus manihotis || complete || madagascar || madagascar || manihot esculenta || 2011-07-06 || mg:mg688a3:11
KJ888096.1,,Begomovirus manihotis,Begomovirus manihotis,MG:MG729A4:11,A,"African cassava mosaic virus isolate MG:MG729A4:11 segment A, complete sequence",2781,complete,Madagascar,Madagascar,Manihot esculenta,2011-07-09,A,mg:mg729a4:11,mg:mg729a4:11, || begomovirus manihotis || begomovirus manihotis || complete || madagascar || madagascar || manihot esculenta || 2011-07-09 || mg:mg729a4:11
KJ888098.1,,Begomovirus manihotis,Begomovirus manihotis,TD:TD3A:08,A,"African cassava mosaic virus isolate TD:TD3A:08 segment A, complete sequence",2780,complete,Chad,Chad,Manihot esculenta,2008,A,td:td3a:08,td:td3a:08, || begomovirus manihotis || begomovirus manihotis || complete || chad || chad || manihot esculenta || 2008 || td:td3a:08
KJ888099.1,,Begomovirus manihotis,Begomovirus manihotis,TD:TD4AB:08,A,"African cassava mosaic virus isolate TD:TD4AB:08 segment A, complete sequence",2729,complete,Chad,Chad,Manihot esculenta,2008,A,td:td4ab:08,td:td4ab:08, || begomovirus manihotis || begomovirus manihotis || complete || chad || chad || manihot esculenta || 2008 || td:td4ab:08
KJ888100.1,,Begomovirus manihotis,Begomovirus manihotis,TD:TD6AB:08,A,"African cassava mosaic virus isolate TD:TD6AB:08 segment A, complete sequence",2782,complete,Chad,Chad,Manihot esculenta,2008,A,td:td6ab:08,td:td6ab:08, || begomovirus manihotis || begomovirus manihotis || complete || chad || chad || manihot esculenta || 2008 || td:td6ab:08
HG530110.1,,Begomovirus manihotis,Begomovirus manihotis,KE:mtw:CMD-MI64:12,DNA A,"African cassava mosaic virus DNA A complete sequence, isolate KE:mtw:CMD-MI64:12",2780,complete,Kenya:Mtwapa,Kenya,Manihot esculenta,2012,A,ke:mtw:cmd-mi64:12,ke:mtw:cmd-mi64:12, || begomovirus manihotis || begomovirus manihotis || complete || kenya:mtwapa || kenya || manihot esculenta || 2012 || ke:mtw:cmd-mi64:12
HG530111.1,,Begomovirus manihotis,Begomovirus manihotis,KE:mtw:CMD-MI79:12,DNA A,"African cassava mosaic virus DNA A complete sequence, isolate KE:mtw:CMD-MI79:12",2780,complete,Kenya:Mtwapa,Kenya,Manihot esculenta,2012,A,ke:mtw:cmd-mi79:12,ke:mtw:cmd-mi79:12, || begomovirus manihotis || begomovirus manihotis || complete || kenya:mtwapa || kenya || manihot esculenta || 2012 || ke:mtw:cmd-mi79:12
HG530117.1,,Begomovirus manihotis,Begomovirus manihotis,KE:mtw:CMD-MI73:12,DNA B,"African cassava mosaic virus DNA B complete sequence, isolate KE:mtw:CMD-MI73:12",2724,complete,Kenya:Mtwapa,Kenya,Manihot esculenta,2012,B,ke:mtw:cmd-mi73:12,ke:mtw:cmd-mi73:12, || begomovirus manihotis || begomovirus manihotis || complete || kenya:mtwapa || kenya || manihot esculenta || 2012 || ke:mtw:cmd-mi73:12
HG530118.1,,Begomovirus manihotis,Begomovirus manihotis,KE:mtw:CMD-MI74:12,DNA B,"African cassava mosaic virus DNA B complete sequence, isolate KE:mtw:CMD-MI74:12",2706,complete,Kenya:Mtwapa,Kenya,Manihot esculenta,2012,B,ke:mtw:cmd-mi74:12,ke:mtw:cmd-mi74:12, || begomovirus manihotis || begomovirus manihotis || complete || kenya:mtwapa || kenya || manihot esculenta || 2012 || ke:mtw:cmd-mi74:12
HG530119.1,,Begomovirus manihotis,Begomovirus manihotis,KE:mtw:CMD-MI77:12,DNA B,"African cassava mosaic virus DNA B complete sequence, isolate KE:mtw:CMD-MI77:12",2724,complete,Kenya:Mtwapa,Kenya,Manihot esculenta,2012,B,ke:mtw:cmd-mi77:12,ke:mtw:cmd-mi77:12, || begomovirus manihotis || begomovirus manihotis || complete || kenya:mtwapa || kenya || manihot esculenta || 2012 || ke:mtw:cmd-mi77:12
HG530120.1,,Begomovirus manihotis,Begomovirus manihotis,KE:mtw:CMD-MI75:12,DNA B,"African cassava mosaic virus DNA B complete sequence, isolate KE:mtw:CMD-MI75:12",2725,complete,Kenya:Mtwapa,Kenya,Manihot esculenta,2012,B,ke:mtw:cmd-mi75:12,ke:mtw:cmd-mi75:12, || begomovirus manihotis || begomovirus manihotis || complete || kenya:mtwapa || kenya || manihot esculenta || 2012 || ke:mtw:cmd-mi75:12
HG530121.1,,Begomovirus manihotis,Begomovirus manihotis,KE:mtw:CMD-MI83:12,DNA B,"African cassava mosaic virus DNA B complete sequence, isolate KE:mtw:CMD-MI83:12",2724,complete,Kenya:Mtwapa,Kenya,Manihot esculenta,2012,B,ke:mtw:cmd-mi83:12,ke:mtw:cmd-mi83:12, || begomovirus manihotis || begomovirus manihotis || complete || kenya:mtwapa || kenya || manihot esculenta || 2012 || ke:mtw:cmd-mi83:12
HG530122.1,,Begomovirus manihotis,Begomovirus manihotis,KE:mtw:CMD-MI92:12,DNA B,"African cassava mosaic virus DNA B complete sequence, isolate KE:mtw:CMD-MI92:12",2723,complete,Kenya:Mtwapa,Kenya,Manihot esculenta,2012,B,ke:mtw:cmd-mi92:12,ke:mtw:cmd-mi92:12, || begomovirus manihotis || begomovirus manihotis || complete || kenya:mtwapa || kenya || manihot esculenta || 2012 || ke:mtw:cmd-mi92:12
JX658682.1,,Begomovirus manihotis,Begomovirus manihotis,,,"UNVERIFIED: African cassava mosaic virus clone ACMV[Ma:07:4N] AV2 gene, complete cds; CP-like gene, complete sequence; and REn, TrAP, and Rep genes, complete cds",2812,complete,Malawi,Malawi,Manihot esculenta,,UNKNOWN,,, || begomovirus manihotis || begomovirus manihotis || complete || malawi || malawi || manihot esculenta ||  || 
HE979758.1,,Begomovirus manihotis,Begomovirus manihotis,ACMV-[UG:Nam:CMD-MI17:12],DNA-A,"African cassava mosaic virus segment DNA-A, isolate ACMV-[UG:Nam:CMD-MI17:12], complete genome",2781,complete,Uganda:Namulonge,Uganda,Manihot esculenta,2012,A,acmv-[ug:nam:cmd-mi17:12],acmv-[ug:nam:cmd-mi17:12], || begomovirus manihotis || begomovirus manihotis || complete || uganda:namulonge || uganda || manihot esculenta || 2012 || acmv-[ug:nam:cmd-mi17:12]
HE979759.1,,Begomovirus manihotis,Begomovirus manihotis,ACMV-[UG:Nam:CMD-MI19:12],DNA-A,"African cassava mosaic virus segment DNA-A, isolate ACMV-[UG:Nam:CMD-MI19:12], complete genome",2781,complete,Uganda:Namulonge,Uganda,Manihot esculenta,2012,A,acmv-[ug:nam:cmd-mi19:12],acmv-[ug:nam:cmd-mi19:12], || begomovirus manihotis || begomovirus manihotis || complete || uganda:namulonge || uganda || manihot esculenta || 2012 || acmv-[ug:nam:cmd-mi19:12]
HE979760.1,,Begomovirus manihotis,Begomovirus manihotis,ACMV-[UG:Nam:CMD-MI22:12],DNA-A,"African cassava mosaic virus segment DNA-A, isolate ACMV-[UG:Nam:CMD-MI22:12], complete genome",2780,complete,Uganda:Namulonge,Uganda,Manihot esculenta,2012,A,acmv-[ug:nam:cmd-mi22:12],acmv-[ug:nam:cmd-mi22:12], || begomovirus manihotis || begomovirus manihotis || complete || uganda:namulonge || uganda || manihot esculenta || 2012 || acmv-[ug:nam:cmd-mi22:12]
HE979761.1,,Begomovirus manihotis,Begomovirus manihotis,ACMV-[UG:Nam:CMD-MI24:12],DNA-A,"African cassava mosaic virus segment DNA-A, isolate ACMV-[UG:Nam:CMD-MI24:12], complete genome",2781,complete,Uganda:Namulonge,Uganda,Manihot esculenta,2012,A,acmv-[ug:nam:cmd-mi24:12],acmv-[ug:nam:cmd-mi24:12], || begomovirus manihotis || begomovirus manihotis || complete || uganda:namulonge || uganda || manihot esculenta || 2012 || acmv-[ug:nam:cmd-mi24:12]
HE979762.1,,Begomovirus manihotis,Begomovirus manihotis,ACMV-[UG:Nam:CMD-MI26:12],DNA-A,"African cassava mosaic virus segment DNA-A, isolate ACMV-[UG:Nam:CMD-MI26:12], complete genome",2781,complete,Uganda:Namulonge,Uganda,Manihot esculenta,2012,A,acmv-[ug:nam:cmd-mi26:12],acmv-[ug:nam:cmd-mi26:12], || begomovirus manihotis || begomovirus manihotis || complete || uganda:namulonge || uganda || manihot esculenta || 2012 || acmv-[ug:nam:cmd-mi26:12]
HE979763.1,,Begomovirus manihotis,Begomovirus manihotis,ACMV-[UG:Nam:CMD-MI27:12],DNA-A,"African cassava mosaic virus segment DNA-A, isolate ACMV-[UG:Nam:CMD-MI27:12], complete genome",2781,complete,Uganda:Namulonge,Uganda,Manihot esculenta,2012,A,acmv-[ug:nam:cmd-mi27:12],acmv-[ug:nam:cmd-mi27:12], || begomovirus manihotis || begomovirus manihotis || complete || uganda:namulonge || uganda || manihot esculenta || 2012 || acmv-[ug:nam:cmd-mi27:12]
HE979764.1,,Begomovirus manihotis,Begomovirus manihotis,ACMV-[UG:Nam:CMD-MI28:12],DNA-A,"African cassava mosaic virus segment DNA-A, isolate ACMV-[UG:Nam:CMD-MI28:12], complete genome",2781,complete,Uganda:Namulonge,Uganda,Manihot esculenta,2012,A,acmv-[ug:nam:cmd-mi28:12],acmv-[ug:nam:cmd-mi28:12], || begomovirus manihotis || begomovirus manihotis || complete || uganda:namulonge || uganda || manihot esculenta || 2012 || acmv-[ug:nam:cmd-mi28:12]
HE979765.1,,Begomovirus manihotis,Begomovirus manihotis,ACMV-[UG:Nam:CMD-MI29:12],DNA-A,"African cassava mosaic virus segment DNA-A, isolate ACMV-[UG:Nam:CMD-MI29:12], complete genome",2781,complete,Uganda:Namulonge,Uganda,Manihot esculenta,2012,A,acmv-[ug:nam:cmd-mi29:12],acmv-[ug:nam:cmd-mi29:12], || begomovirus manihotis || begomovirus manihotis || complete || uganda:namulonge || uganda || manihot esculenta || 2012 || acmv-[ug:nam:cmd-mi29:12]
HE979766.1,,Begomovirus manihotis,Begomovirus manihotis,ACMV-[UG:Nam:CMD-MI31:12],DNA-A,"African cassava mosaic virus segment DNA-A, isolate ACMV-[UG:Nam:CMD-MI31:12], complete genome",2780,complete,Uganda:Namulonge,Uganda,Manihot esculenta,2012,A,acmv-[ug:nam:cmd-mi31:12],acmv-[ug:nam:cmd-mi31:12], || begomovirus manihotis || begomovirus manihotis || complete || uganda:namulonge || uganda || manihot esculenta || 2012 || acmv-[ug:nam:cmd-mi31:12]
HE979767.1,,Begomovirus manihotis,Begomovirus manihotis,ACMV-[UG:Nam:CMD-MI33:12],DNA-A,"African cassava mosaic virus segment DNA-A, isolate ACMV-[UG:Nam:CMD-MI33:12], complete genome",2781,complete,Uganda:Namulonge,Uganda,Manihot esculenta,2012,A,acmv-[ug:nam:cmd-mi33:12],acmv-[ug:nam:cmd-mi33:12], || begomovirus manihotis || begomovirus manihotis || complete || uganda:namulonge || uganda || manihot esculenta || 2012 || acmv-[ug:nam:cmd-mi33:12]
HE979768.1,,Begomovirus manihotis,Begomovirus manihotis,ACMV-[UG:Nam:CMD-MI34:12],DNA-A,"African cassava mosaic virus segment DNA-A, isolate ACMV-[UG:Nam:CMD-MI34:12], complete genome",2781,complete,Uganda:Namulonge,Uganda,Manihot esculenta,2012,A,acmv-[ug:nam:cmd-mi34:12],acmv-[ug:nam:cmd-mi34:12], || begomovirus manihotis || begomovirus manihotis || complete || uganda:namulonge || uganda || manihot esculenta || 2012 || acmv-[ug:nam:cmd-mi34:12]
HE979781.1,,Begomovirus manihotis,Begomovirus manihotis,ACMV-[UG:Nam:CMD-MI1:12]DNA-B,DNA-B,"African cassava mosaic virus segment DNA-B, isolate ACMV-[UG:Nam:CMD-MI1:12]DNA-B, complete genome",2724,complete,Uganda:Namulonge,Uganda,Manihot esculenta,2012,B,acmv-[ug:nam:cmd-mi1:12]dna-b,acmv-[ug:nam:cmd-mi1:12]dna, || begomovirus manihotis || begomovirus manihotis || complete || uganda:namulonge || uganda || manihot esculenta || 2012 || acmv-[ug:nam:cmd-mi1:12]dna
HE979782.1,,Begomovirus manihotis,Begomovirus manihotis,ACMV-[UG:Nam:CMD-MI3:12]DNA-B,DNA-B,"African cassava mosaic virus segment DNA-B, isolate ACMV-[UG:Nam:CMD-MI3:12]DNA-B, complete genome",2725,complete,Uganda:Namulonge,Uganda,Manihot esculenta,2012,B,acmv-[ug:nam:cmd-mi3:12]dna-b,acmv-[ug:nam:cmd-mi3:12]dna, || begomovirus manihotis || begomovirus manihotis || complete || uganda:namulonge || uganda || manihot esculenta || 2012 || acmv-[ug:nam:cmd-mi3:12]dna
HE979783.1,,Begomovirus manihotis,Begomovirus manihotis,ACMV-[UG:Nam:CMD-MI6:12]DNA-B,DNA-B,"African cassava mosaic virus segment DNA-B, isolate ACMV-[UG:Nam:CMD-MI6:12]DNA-B, complete genome",2725,complete,Uganda:Namulonge,Uganda,Manihot esculenta,2012,B,acmv-[ug:nam:cmd-mi6:12]dna-b,acmv-[ug:nam:cmd-mi6:12]dna, || begomovirus manihotis || begomovirus manihotis || complete || uganda:namulonge || uganda || manihot esculenta || 2012 || acmv-[ug:nam:cmd-mi6:12]dna
HE979784.1,,Begomovirus manihotis,Begomovirus manihotis,ACMV-[UG:Nam:CMD-MI10:12]DNA-B,DNA-B,"African cassava mosaic virus segment DNA-B, isolate ACMV-[UG:Nam:CMD-MI10:12]DNA-B, complete genome",2725,complete,Uganda:Namulonge,Uganda,Manihot esculenta,2012,B,acmv-[ug:nam:cmd-mi10:12]dna-b,acmv-[ug:nam:cmd-mi10:12]dna, || begomovirus manihotis || begomovirus manihotis || complete || uganda:namulonge || uganda || manihot esculenta || 2012 || acmv-[ug:nam:cmd-mi10:12]dna
HE979785.1,,Begomovirus manihotis,Begomovirus manihotis,ACMV-[UG:Nam:CMD-MI12:12]DNA-B,DNA-B,"African cassava mosaic virus segment DNA-B, isolate ACMV-[UG:Nam:CMD-MI12:12]DNA-B, complete genome",2725,complete,Uganda:Namulonge,Uganda,Manihot esculenta,2012,B,acmv-[ug:nam:cmd-mi12:12]dna-b,acmv-[ug:nam:cmd-mi12:12]dna, || begomovirus manihotis || begomovirus manihotis || complete || uganda:namulonge || uganda || manihot esculenta || 2012 || acmv-[ug:nam:cmd-mi12:12]dna
HE979786.1,,Begomovirus manihotis,Begomovirus manihotis,ACMV-[UG:Nam:CMD-MI18:12]DNA-B,DNA-B,"African cassava mosaic virus segment DNA-B, isolate ACMV-[UG:Nam:CMD-MI18:12]DNA-B, complete genome",2724,complete,Uganda:Namulonge,Uganda,Manihot esculenta,2012,B,acmv-[ug:nam:cmd-mi18:12]dna-b,acmv-[ug:nam:cmd-mi18:12]dna, || begomovirus manihotis || begomovirus manihotis || complete || uganda:namulonge || uganda || manihot esculenta || 2012 || acmv-[ug:nam:cmd-mi18:12]dna
HE979787.1,,Begomovirus manihotis,Begomovirus manihotis,ACMV-[UG:Nam:CMD-MI20:12]DNA-B,DNA-B,"African cassava mosaic virus segment DNA-B, isolate ACMV-[UG:Nam:CMD-MI20:12]DNA-B, complete genome",2724,complete,Uganda:Namulonge,Uganda,Manihot esculenta,2012,B,acmv-[ug:nam:cmd-mi20:12]dna-b,acmv-[ug:nam:cmd-mi20:12]dna, || begomovirus manihotis || begomovirus manihotis || complete || uganda:namulonge || uganda || manihot esculenta || 2012 || acmv-[ug:nam:cmd-mi20:12]dna
HE979788.1,,Begomovirus manihotis,Begomovirus manihotis,ACMV-[UG:Nam:CMD-MI21:12]DNA-B,DNA-B,"African cassava mosaic virus segment DNA-B, isolate ACMV-[UG:Nam:CMD-MI21:12]DNA-B, complete genome",2724,complete,Uganda:Namulonge,Uganda,Manihot esculenta,2012,B,acmv-[ug:nam:cmd-mi21:12]dna-b,acmv-[ug:nam:cmd-mi21:12]dna, || begomovirus manihotis || begomovirus manihotis || complete || uganda:namulonge || uganda || manihot esculenta || 2012 || acmv-[ug:nam:cmd-mi21:12]dna
HE979789.1,,Begomovirus manihotis,Begomovirus manihotis,ACMV-[UG:Nam:CMD-MI23:12]DNA-B,DNA-B,"African cassava mosaic virus segment DNA-B, isolate ACMV-[UG:Nam:CMD-MI23:12]DNA-B, complete genome",2724,complete,Uganda:Namulonge,Uganda,Manihot esculenta,2012,B,acmv-[ug:nam:cmd-mi23:12]dna-b,acmv-[ug:nam:cmd-mi23:12]dna, || begomovirus manihotis || begomovirus manihotis || complete || uganda:namulonge || uganda || manihot esculenta || 2012 || acmv-[ug:nam:cmd-mi23:12]dna
HE979790.1,,Begomovirus manihotis,Begomovirus manihotis,ACMV-[UG:Nam:CMD-MI25:12]DNA-B,DNA-B,"African cassava mosaic virus segment DNA-B, isolate ACMV-[UG:Nam:CMD-MI25:12]DNA-B, complete genome",2725,complete,Uganda:Namulonge,Uganda,Manihot esculenta,2012,B,acmv-[ug:nam:cmd-mi25:12]dna-b,acmv-[ug:nam:cmd-mi25:12]dna, || begomovirus manihotis || begomovirus manihotis || complete || uganda:namulonge || uganda || manihot esculenta || 2012 || acmv-[ug:nam:cmd-mi25:12]dna
HE979791.1,,Begomovirus manihotis,Begomovirus manihotis,ACMV-[UG:Nam:CMD-MI30:12]DNA-B,DNA-B,"African cassava mosaic virus segment DNA-B, isolate ACMV-[UG:Nam:CMD-MI30:12]DNA-B, complete genome",2724,complete,Uganda:Namulonge,Uganda,Manihot esculenta,2012,B,acmv-[ug:nam:cmd-mi30:12]dna-b,acmv-[ug:nam:cmd-mi30:12]dna, || begomovirus manihotis || begomovirus manihotis || complete || uganda:namulonge || uganda || manihot esculenta || 2012 || acmv-[ug:nam:cmd-mi30:12]dna
HE979792.1,,Begomovirus manihotis,Begomovirus manihotis,ACMV-[UG:Nam:CMD-MI32:12]DNA-B,DNA-B,"African cassava mosaic virus segment DNA-B, isolate ACMV-[UG:Nam:CMD-MI32:12]DNA-B, complete genome",2724,complete,Uganda:Namulonge,Uganda,Manihot esculenta,2012,B,acmv-[ug:nam:cmd-mi32:12]dna-b,acmv-[ug:nam:cmd-mi32:12]dna, || begomovirus manihotis || begomovirus manihotis || complete || uganda:namulonge || uganda || manihot esculenta || 2012 || acmv-[ug:nam:cmd-mi32:12]dna
HE979793.1,,Begomovirus manihotis,Begomovirus manihotis,ACMV-[UG:Nam:CMD-MI35:12]DNA-B,DNA-B,"African cassava mosaic virus segment DNA-B, isolate ACMV-[UG:Nam:CMD-MI35:12]DNA-B, complete genome",2725,complete,Uganda:Namulonge,Uganda,Manihot esculenta,2012,B,acmv-[ug:nam:cmd-mi35:12]dna-b,acmv-[ug:nam:cmd-mi35:12]dna, || begomovirus manihotis || begomovirus manihotis || complete || uganda:namulonge || uganda || manihot esculenta || 2012 || acmv-[ug:nam:cmd-mi35:12]dna
HE979794.1,,Begomovirus manihotis,Begomovirus manihotis,ACMV-[UG:Nam:CMD-MI36:12]DNA-B,DNA-B,"African cassava mosaic virus segment DNA-B, isolate ACMV-[UG:Nam:CMD-MI36:12]DNA-B, complete genome",2725,complete,Uganda:Namulonge,Uganda,Manihot esculenta,2012,B,acmv-[ug:nam:cmd-mi36:12]dna-b,acmv-[ug:nam:cmd-mi36:12]dna, || begomovirus manihotis || begomovirus manihotis || complete || uganda:namulonge || uganda || manihot esculenta || 2012 || acmv-[ug:nam:cmd-mi36:12]dna
HE979795.1,,Begomovirus manihotis,Begomovirus manihotis,ACMV-[UG:Nam:CMD-MI37:12]DNA-B,DNA-B,"African cassava mosaic virus segment DNA-B, isolate ACMV-[UG:Nam:CMD-MI37:12]DNA-B, complete genome",2724,complete,Uganda:Namulonge,Uganda,Manihot esculenta,2012,B,acmv-[ug:nam:cmd-mi37:12]dna-b,acmv-[ug:nam:cmd-mi37:12]dna, || begomovirus manihotis || begomovirus manihotis || complete || uganda:namulonge || uganda || manihot esculenta || 2012 || acmv-[ug:nam:cmd-mi37:12]dna
HE979796.1,,Begomovirus manihotis,Begomovirus manihotis,ACMV-[UG:Nam:CMD-MI38:12]DNA-B,DNA-B,"African cassava mosaic virus segment DNA-B, isolate ACMV-[UG:Nam:CMD-MI38:12]DNA-B, complete genome",2724,complete,Uganda:Namulonge,Uganda,Manihot esculenta,2012,B,acmv-[ug:nam:cmd-mi38:12]dna-b,acmv-[ug:nam:cmd-mi38:12]dna, || begomovirus manihotis || begomovirus manihotis || complete || uganda:namulonge || uganda || manihot esculenta || 2012 || acmv-[ug:nam:cmd-mi38:12]dna
HM468428.1,,Begomovirus manihotis,Begomovirus manihotis,,,"African cassava mosaic virus strain Pakistan/Multan/Tomentosum/08, complete genome",2790,complete,Pakistan,Pakistan,Gossypium tomentosum,2008-04,UNKNOWN,,, || begomovirus manihotis || begomovirus manihotis || complete || pakistan || pakistan || gossypium tomentosum || 2008-04 || 
JN053421.1,,Begomovirus manihotis,Begomovirus manihotis,K1J1,DNA-A,"African cassava mosaic virus isolate K1J1 segment DNA-A, complete sequence",2781,complete,Kenya,Kenya,Jatropha curcas,2009-08-28,A,k1j1,k1j1, || begomovirus manihotis || begomovirus manihotis || complete || kenya || kenya || jatropha curcas || 2009-08-28 || k1j1
JN053422.1,,Begomovirus manihotis,Begomovirus manihotis,B5J1,DNA-A,"African cassava mosaic virus isolate B5J1 segment DNA-A, complete sequence",2781,complete,Kenya,Kenya,Jatropha curcas,2009-08-28,A,b5j1,b5j1, || begomovirus manihotis || begomovirus manihotis || complete || kenya || kenya || jatropha curcas || 2009-08-28 || b5j1
JN053423.1,,Begomovirus manihotis,Begomovirus manihotis,B5J2,DNA-A,"African cassava mosaic virus isolate B5J2 segment DNA-A, complete sequence",2781,complete,Kenya,Kenya,Jatropha curcas,2009-08-28,A,b5j2,b5j2, || begomovirus manihotis || begomovirus manihotis || complete || kenya || kenya || jatropha curcas || 2009-08-28 || b5j2
JN053424.1,,Begomovirus manihotis,Begomovirus manihotis,K1J16,DNA-A,"African cassava mosaic virus isolate K1J16 segment DNA-A, complete sequence",2781,complete,Kenya,Kenya,Jatropha curcas,2009-08-28,A,k1j16,k1j16, || begomovirus manihotis || begomovirus manihotis || complete || kenya || kenya || jatropha curcas || 2009-08-28 || k1j16
JN053425.1,,Begomovirus manihotis,Begomovirus manihotis,K4J2,DNA-A,"African cassava mosaic virus isolate K4J2 segment DNA-A, complete sequence",2781,complete,Kenya,Kenya,Jatropha curcas,2009-08-28,A,k4j2,k4j2, || begomovirus manihotis || begomovirus manihotis || complete || kenya || kenya || jatropha curcas || 2009-08-28 || k4j2
JN053426.1,,Begomovirus manihotis,Begomovirus manihotis,S5J1,DNA-A,"African cassava mosaic virus isolate S5J1 segment DNA-A, complete sequence",2781,complete,Kenya,Kenya,Jatropha curcas,2009-08-28,A,s5j1,s5j1, || begomovirus manihotis || begomovirus manihotis || complete || kenya || kenya || jatropha curcas || 2009-08-28 || s5j1
JN053427.1,,Begomovirus manihotis,Begomovirus manihotis,K3J16,DNA-A,"African cassava mosaic virus isolate K3J16 segment DNA-A, complete sequence",2781,complete,Kenya,Kenya,Jatropha curcas,2009-08-28,A,k3j16,k3j16, || begomovirus manihotis || begomovirus manihotis || complete || kenya || kenya || jatropha curcas || 2009-08-28 || k3j16
JN053428.1,,Begomovirus manihotis,Begomovirus manihotis,K4J20,DNA-A,"African cassava mosaic virus isolate K4J20 segment DNA-A, complete sequence",2781,complete,Kenya,Kenya,Jatropha curcas,2009-08-28,A,k4j20,k4j20, || begomovirus manihotis || begomovirus manihotis || complete || kenya || kenya || jatropha curcas || 2009-08-28 || k4j20
JN053429.1,,Begomovirus manihotis,Begomovirus manihotis,S5J3,DNA-A,"African cassava mosaic virus isolate S5J3 segment DNA-A, complete sequence",2781,complete,Kenya,Kenya,Jatropha curcas,2009-08-28,A,s5j3,s5j3, || begomovirus manihotis || begomovirus manihotis || complete || kenya || kenya || jatropha curcas || 2009-08-28 || s5j3
JN053430.1,,Begomovirus manihotis,Begomovirus manihotis,K4C1,DNA-A,"African cassava mosaic virus isolate K4C1 segment DNA-A, complete sequence",2781,complete,Kenya,Kenya,Manihot esculenta,2009-08-28,A,k4c1,k4c1, || begomovirus manihotis || begomovirus manihotis || complete || kenya || kenya || manihot esculenta || 2009-08-28 || k4c1
JN053431.1,,Begomovirus manihotis,Begomovirus manihotis,S4C2,DNA-A,"African cassava mosaic virus isolate S4C2 segment DNA-A, complete sequence",2781,complete,Kenya,Kenya,Manihot esculenta,2009-08-28,A,s4c2,s4c2, || begomovirus manihotis || begomovirus manihotis || complete || kenya || kenya || manihot esculenta || 2009-08-28 || s4c2
JN165086.1,,African cassava mosaic virus-Ghana,Begomovirus manihotis,ACMV,DNA-B,"African cassava mosaic virus-Ghana isolate ACMV segment DNA-B, complete sequence",2725,complete,Ghana,Ghana,Manihot esculenta,2008,B,acmv,acmv, || african cassava mosaic virus-ghana || begomovirus manihotis || complete || ghana || ghana || manihot esculenta || 2008 || acmv
JN165088.1,,African cassava mosaic virus-Ghana,Begomovirus manihotis,ACMV,DNA-A,"African cassava mosaic virus-Ghana isolate ACMV segment DNA-A, complete sequence",2781,complete,Ghana,Ghana,Manihot esculenta,2008,A,acmv,acmv, || african cassava mosaic virus-ghana || begomovirus manihotis || complete || ghana || ghana || manihot esculenta || 2008 || acmv
GQ169505.1,,Begomovirus manihotis,Begomovirus manihotis,,DNA-A,"African cassava mosaic virus clone ACMV-[PK;Mul;Dar;06] segment DNA-A, complete sequence",2714,complete,Pakistan,Pakistan,Gossypium darwinii,2006-11,A,,, || begomovirus manihotis || begomovirus manihotis || complete || pakistan || pakistan || gossypium darwinii || 2006-11 || 
GQ204106.1,,Begomovirus manihotis,Begomovirus manihotis,,DNA-A,"African cassava mosaic virus clone ACMV/PK/Mul/Gos2/08 segment DNA-A, complete sequence",2782,complete,Pakistan: Multan,Pakistan,Gossypium gossypioides,2008-03,A,,, || begomovirus manihotis || begomovirus manihotis || complete || pakistan: multan || pakistan || gossypium gossypioides || 2008-03 || 
GQ204107.1,,Begomovirus manihotis,Begomovirus manihotis,,DNA-A,"African cassava mosaic virus clone ACMV/PK/Mul/Har/08 segment DNA-A, complete sequence",2784,complete,Pakistan: Multan,Pakistan,Gossypium harknessii,2008-03,A,,, || begomovirus manihotis || begomovirus manihotis || complete || pakistan: multan || pakistan || gossypium harknessii || 2008-03 || 
GQ204108.1,,Begomovirus manihotis,Begomovirus manihotis,,DNA-A,"African cassava mosaic virus clone ACMV/PK/Mul/Som/08 segment DNA-A, complete sequence",2781,complete,Pakistan: Multan,Pakistan,Gossypium somalense,2008-03,A,,, || begomovirus manihotis || begomovirus manihotis || complete || pakistan: multan || pakistan || gossypium somalense || 2008-03 || 
GQ204109.1,,Begomovirus manihotis,Begomovirus manihotis,,DNA-A,"African cassava mosaic virus clone ACMV/PK/Mul/Sto/08 segment DNA-A, complete sequence",2781,complete,Pakistan: Multan,Pakistan,Gossypium stocksii,2008-03,A,,, || begomovirus manihotis || begomovirus manihotis || complete || pakistan: multan || pakistan || gossypium stocksii || 2008-03 || 
FJ751233.1,,African cassava mosaic virus-cotton,Begomovirus manihotis,,,"African cassava mosaic virus-cotton clone ACMV-Punc19, complete genome",2756,complete,Pakistan,Pakistan,Gossypium hirsutum var. punctatum,2006-11,UNKNOWN,,, || african cassava mosaic virus-cotton || begomovirus manihotis || complete || pakistan || pakistan || gossypium hirsutum var. punctatum || 2006-11 || 
FJ751234.1,,African cassava mosaic virus-cotton,Begomovirus manihotis,,,"African cassava mosaic virus-cotton clone ACMV-Lob1, complete genome",2781,complete,Pakistan,Pakistan,Gossypium lobatum,2008-03,UNKNOWN,,, || african cassava mosaic virus-cotton || begomovirus manihotis || complete || pakistan || pakistan || gossypium lobatum || 2008-03 || 
FJ751235.1,,African cassava mosaic virus-cotton,Begomovirus manihotis,,,"African cassava mosaic virus-cotton clone ACMV-Gos1, complete genome",2779,complete,Pakistan,Pakistan,Gossypium gossypioides,2008-03,UNKNOWN,,, || african cassava mosaic virus-cotton || begomovirus manihotis || complete || pakistan || pakistan || gossypium gossypioides || 2008-03 || 
FJ807631.1,,Begomovirus manihotis,Begomovirus manihotis,Angola:Funda:2008,DNA-A,"African cassava mosaic virus isolate Angola:Funda:2008 segment DNA-A, complete sequence",2783,complete,Angola,Angola,Manihot esculenta,2008-04-26,A,angola:funda:2008,angola:funda:2008, || begomovirus manihotis || begomovirus manihotis || complete || angola || angola || manihot esculenta || 2008-04-26 || angola:funda:2008
FM877473.1,,Begomovirus manihotis,Begomovirus manihotis,Burkina Faso-Kamboinse-2008,,"African cassava mosaic virus complete genome, isolate Burkina Faso-Kamboinse-2008",2781,complete,Burkina Faso,Burkina Faso,Manihot esculenta,2008-09,UNKNOWN,burkina faso-kamboinse-2008,burkina faso-kamboinse-2008, || begomovirus manihotis || begomovirus manihotis || complete || burkina faso || burkina faso || manihot esculenta || 2008-09 || burkina faso-kamboinse-2008
EU685318.1,,Begomovirus manihotis,Begomovirus manihotis,ACMV-[NG:Mg:03],DNA-A,"African cassava mosaic virus isolate ACMV-[NG:Mg:03] segment DNA-A, complete sequence",2781,complete,Nigeria,Nigeria,Manihot glaziovii,,A,acmv-[ng:mg:03],acmv-[ng:mg:03], || begomovirus manihotis || begomovirus manihotis || complete || nigeria || nigeria || manihot glaziovii ||  || acmv-[ng:mg:03]
EU685320.1,,Begomovirus manihotis,Begomovirus manihotis,ACMV-[NG:Ll:06],DNA-A,"African cassava mosaic virus isolate ACMV-[NG:Ll:06] segment DNA-A, complete sequence",2781,complete,Nigeria,Nigeria,Leucaena leucocephala,,A,acmv-[ng:ll:06],acmv-[ng:ll:06], || begomovirus manihotis || begomovirus manihotis || complete || nigeria || nigeria || leucaena leucocephala ||  || acmv-[ng:ll:06]
EU685322.1,,Begomovirus manihotis,Begomovirus manihotis,ACMV-[NG:So:03],DNA-A,"African cassava mosaic virus isolate ACMV-[NG:So:03] segment DNA-A, complete sequence",2781,complete,Nigeria,Nigeria,Senna occidentalis,,A,acmv-[ng:so:03],acmv-[ng:so:03], || begomovirus manihotis || begomovirus manihotis || complete || nigeria || nigeria || senna occidentalis ||  || acmv-[ng:so:03]
EU685324.1,,Begomovirus manihotis,Begomovirus manihotis,ACMV-[NG:Rc:03],DNA-A,"African cassava mosaic virus isolate ACMV-[NG:Rc:03] segment DNA-A, complete sequence",2780,complete,Nigeria,Nigeria,Ricinus communis,,A,acmv-[ng:rc:03],acmv-[ng:rc:03], || begomovirus manihotis || begomovirus manihotis || complete || nigeria || nigeria || ricinus communis ||  || acmv-[ng:rc:03]
EU685325.1,,Begomovirus manihotis,Begomovirus manihotis,ACMV-[NG:Sb:07],DNA-A,"African cassava mosaic virus isolate ACMV-[NG:Sb:07] segment DNA-A, complete sequence",2781,complete,Nigeria,Nigeria,Glycine max,,A,acmv-[ng:sb:07],acmv-[ng:sb:07], || begomovirus manihotis || begomovirus manihotis || complete || nigeria || nigeria || glycine max ||  || acmv-[ng:sb:07]
EU685328.1,,Begomovirus manihotis,Begomovirus manihotis,ACMV-CM[NG:Cc:03],DNA-A,"African cassava mosaic virus isolate ACMV-CM[NG:Cc:03] segment DNA-A, complete sequence",2781,complete,Nigeria,Nigeria,Combretum confertum,,A,acmv-cm[ng:cc:03],acmv-cm[ng:cc:03], || begomovirus manihotis || begomovirus manihotis || complete || nigeria || nigeria || combretum confertum ||  || acmv-cm[ng:cc:03]
AF259894.1,,African cassava mosaic virus-[Ivory Coast],Begomovirus manihotis,,DNA-A,"African cassava mosaic virus-[Ivory Coast] DNA-A, complete sequence",2781,complete,Cote d'Ivoire,Cote d'Ivoire,,,A,,, || african cassava mosaic virus-[ivory coast] || begomovirus manihotis || complete || cote d'ivoire || cote d'ivoire ||  ||  || 
AF259895.1,,African cassava mosaic virus-[Ivory Coast],Begomovirus manihotis,,DNA-B,"African cassava mosaic virus-[Ivory Coast] DNA-B, complete sequence",2727,complete,Cote d'Ivoire,Cote d'Ivoire,,,B,,, || african cassava mosaic virus-[ivory coast] || begomovirus manihotis || complete || cote d'ivoire || cote d'ivoire ||  ||  || 
AF366902.1,,African cassava mosaic virus-[Cameroon-DO2],Begomovirus manihotis,,,"African cassava mosaic virus-[Cameroon-DO2] strain ACMV-CM/D02 component A, complete sequence",2781,complete,Cameroon: southwestern rainforest region,Cameroon,,,A,,, || african cassava mosaic virus-[cameroon-do2] || begomovirus manihotis || complete || cameroon: southwestern rainforest region || cameroon ||  ||  || 
AF112352.1,,African cassava mosaic virus-[Cameroon],Begomovirus manihotis,,component A,"African cassava mosaic virus-[Cameroon] component A, complete sequence",2777,complete,Cameroon: southwestern rainforest region,Cameroon,,,A,,, || african cassava mosaic virus-[cameroon] || begomovirus manihotis || complete || cameroon: southwestern rainforest region || cameroon ||  ||  || 
AF112353.1,,African cassava mosaic virus-[Cameroon],Begomovirus manihotis,,component B,"African cassava mosaic virus-[Cameroon] component B, complete sequence",2726,complete,Cameroon: southwestern rainforest region,Cameroon,,,B,,, || african cassava mosaic virus-[cameroon] || begomovirus manihotis || complete || cameroon: southwestern rainforest region || cameroon ||  ||  || 
J02057.1,,African cassava mosaic virus,Begomovirus manihotis,West Kenyan 844,DNA1,"African cassava mosaic virus isolate West Kenyan 844 segment DNA1, complete sequence",2779,complete,,,Manihot esculenta,,A,west kenyan 844,west kenyan 844, || african cassava mosaic virus || begomovirus manihotis || complete ||  ||  || manihot esculenta ||  || west kenyan 844
J02058.1,,African cassava mosaic virus,Begomovirus manihotis,West Kenyan 844,DNA2,"African cassava mosaic virus isolate West Kenyan 844 segment DNA2, complete sequence",2724,complete,,,Manihot esculenta,,B,west kenyan 844,west kenyan 844, || african cassava mosaic virus || begomovirus manihotis || complete ||  ||  || manihot esculenta ||  || west kenyan 844
