Accession,BioSample,Organism_Name,Species,Isolate,Segment,GenBank_Title,Length,Nuc_Completeness,Geo_Location,Country,Host,Collection_Date
NC_001467.1,,Begomovirus manihotis,Begomovirus manihotis,West Kenyan 844,DNA A,"African cassava mosaic virus isolate West Kenyan 844 segment DNA1, complete sequence",2779,complete,,,Manihot esculenta,
NC_001468.1,,Begomovirus manihotis,Begomovirus manihotis,West Kenyan 844,DNA B,"African cassava mosaic virus isolate West Kenyan 844 segment DNA2, complete sequence",2724,complete,,,Manihot esculenta,
PV297817.1,,Begomovirus manihotis,Begomovirus manihotis,ACMV-B[CI:Abeng:CI51:20],DNA-B,"Begomovirus manihotis isolate ACMV-B[CI:Abeng:CI51:20] segment DNA-B, complete sequence",2724,complete,Cote d'Ivoire,Cote d'Ivoire,Manihot esculenta,2020-08-28
PV297818.1,,Begomovirus manihotis,Begomovirus manihotis,ACMV-B[CI:Abeng:CI55:20],DNA-B,"Begomovirus manihotis isolate ACMV-B[CI:Abeng:CI55:20] segment DNA-B, complete sequence",2726,complete,Cote d'Ivoire,Cote d'Ivoire,Manihot esculenta,2020-08-29
PV297819.1,,Begomovirus manihotis,Begomovirus manihotis,ACMV-B[CI:Abidj:CI6:20],DNA-B,"Begomovirus manihotis isolate ACMV-B[CI:Abidj:CI6:20] segment DNA-B, complete sequence",2723,complete,Cote d'Ivoire,Cote d'Ivoire,Manihot esculenta,2020-08-29
PV297820.1,,Begomovirus manihotis,Begomovirus manihotis,ACMV-B[CI:Abidj:CI92:20],DNA-B,"Begomovirus manihotis isolate ACMV-B[CI:Abidj:CI92:20] segment DNA-B, complete sequence",2729,complete,Cote d'Ivoire,Cote d'Ivoire,Manihot esculenta,2020-08-29
PV297821.1,,Begomovirus manihotis,Begomovirus manihotis,ACMV-B[CI:Abidj:CI99:20],DNA-B,"Begomovirus manihotis isolate ACMV-B[CI:Abidj:CI99:20] segment DNA-B, complete sequence",2720,complete,Cote d'Ivoire,Cote d'Ivoire,Manihot esculenta,2020-08-29
PV297822.1,,Begomovirus manihotis,Begomovirus manihotis,ACMV-B[CI:Abois:CI10:20],DNA-B,"Begomovirus manihotis isolate ACMV-B[CI:Abois:CI10:20] segment DNA-B, complete sequence",2727,complete,Cote d'Ivoire,Cote d'Ivoire,Manihot esculenta,2020-07-30
PV297823.1,,Begomovirus manihotis,Begomovirus manihotis,ACMV-B[CI:Abois:CI36:20],DNA-B,"Begomovirus manihotis isolate ACMV-B[CI:Abois:CI36:20] segment DNA-B, complete sequence",2727,complete,Cote d'Ivoire,Cote d'Ivoire,Manihot esculenta,2020-07-30
PV297824.1,,Begomovirus manihotis,Begomovirus manihotis,ACMV-B[CI:Adzop:CI57:20],DNA-B,"Begomovirus manihotis isolate ACMV-B[CI:Adzop:CI57:20] segment DNA-B, complete sequence",2724,complete,Cote d'Ivoire,Cote d'Ivoire,Manihot esculenta,2020-07-30
PV297825.1,,Begomovirus manihotis,Begomovirus manihotis,ACMV-B[CI:Adzop:CI284:20],DNA-B,"Begomovirus manihotis isolate ACMV-B[CI:Adzop:CI284:20] segment DNA-B, complete sequence",2723,complete,Cote d'Ivoire,Cote d'Ivoire,Manihot esculenta,2020-07-30
PV297826.1,,Begomovirus manihotis,Begomovirus manihotis,ACMV-B[CI:Alepe:CI16:20],DNA-B,"Begomovirus manihotis isolate ACMV-B[CI:Alepe:CI16:20] segment DNA-B, complete sequence",2727,complete,Cote d'Ivoire,Cote d'Ivoire,Manihot esculenta,2020-08-29
PV297827.1,,Begomovirus manihotis,Begomovirus manihotis,ACMV-B[CI:Anyam:CI275:20],DNA-B,"Begomovirus manihotis isolate ACMV-B[CI:Anyam:CI275:20] segment DNA-B, complete sequence",2724,complete,Cote d'Ivoire,Cote d'Ivoire,Manihot esculenta,2020-07-30
PV297828.1,,Begomovirus manihotis,Begomovirus manihotis,ACMV-B[CI:Azag:CI277:20],DNA-B,"Begomovirus manihotis isolate ACMV-B[CI:Azag:CI277:20] segment DNA-B, complete sequence",2726,complete,Cote d'Ivoire,Cote d'Ivoire,Manihot esculenta,2020-07-28
PV297829.1,,Begomovirus manihotis,Begomovirus manihotis,ACMV-B[CI:Bass:CI1:20],DNA-B,"Begomovirus manihotis isolate ACMV-B[CI:Bass:CI1:20] segment DNA-B, complete sequence",2727,complete,Cote d'Ivoire,Cote d'Ivoire,Manihot esculenta,2020-09-01
PV297830.1,,Begomovirus manihotis,Begomovirus manihotis,ACMV-B[CI:Bondou:CI329:20],DNA-B,"Begomovirus manihotis isolate ACMV-B[CI:Bondou:CI329:20] segment DNA-B, complete sequence",2725,complete,Cote d'Ivoire,Cote d'Ivoire,Manihot esculenta,2020-09-01
PV297831.1,,Begomovirus manihotis,Begomovirus manihotis,ACMV-B[CI:Bondou:CI339:20],DNA-B,"Begomovirus manihotis isolate ACMV-B[CI:Bondou:CI339:20] segment DNA-B, complete sequence",2724,complete,Cote d'Ivoire,Cote d'Ivoire,Manihot esculenta,2020-09-01
PV297832.1,,Begomovirus manihotis,Begomovirus manihotis,ACMV-B[CI:Bongou:CI109:20],DNA-B,"Begomovirus manihotis isolate ACMV-B[CI:Bongou:CI109:20] segment DNA-B, complete sequence",2726,complete,Cote d'Ivoire,Cote d'Ivoire,Manihot esculenta,2020-09-01
PV297833.1,,Begomovirus manihotis,Begomovirus manihotis,ACMV-B[CI:Bonou:CI11:20],DNA-B,"Begomovirus manihotis isolate ACMV-B[CI:Bonou:CI11:20] segment DNA-B, complete sequence",2726,complete,Cote d'Ivoire,Cote d'Ivoire,Manihot esculenta,2020-08-22
PV297834.1,,Begomovirus manihotis,Begomovirus manihotis,ACMV-B[CI:Daloa:CI152:20],DNA-B,"Begomovirus manihotis isolate ACMV-B[CI:Daloa:CI152:20] segment DNA-B, complete sequence",2725,complete,Cote d'Ivoire,Cote d'Ivoire,Manihot esculenta,2020-08-22
PV297835.1,,Begomovirus manihotis,Begomovirus manihotis,ACMV-B[CI:Daouk:CI113:20],DNA-B,"Begomovirus manihotis isolate ACMV-B[CI:Daouk:CI113:20] segment DNA-B, complete sequence",2724,complete,Cote d'Ivoire,Cote d'Ivoire,Manihot esculenta,2020-08-22
PV297836.1,,Begomovirus manihotis,Begomovirus manihotis,ACMV-B[CI:Duek:CI167:20],DNA-B,"Begomovirus manihotis isolate ACMV-B[CI:Duek:CI167:20] segment DNA-B, complete sequence",2725,complete,Cote d'Ivoire,Cote d'Ivoire,Manihot esculenta,2020-08-22
PV297837.1,,Begomovirus manihotis,Begomovirus manihotis,ACMV-B[CI:Ferke:CI277:20],DNA-B,"Begomovirus manihotis isolate ACMV-B[CI:Ferke:CI277:20] segment DNA-B, complete sequence",2727,complete,Cote d'Ivoire,Cote d'Ivoire,Manihot esculenta,2020-08-22
PV297838.1,,Begomovirus manihotis,Begomovirus manihotis,ACMV-B[CI:Guig:CI244:20],DNA-B,"Begomovirus manihotis isolate ACMV-B[CI:Guig:CI244:20] segment DNA-B, complete sequence",2727,complete,Cote d'Ivoire,Cote d'Ivoire,Manihot esculenta,2020-08-22
PV297839.1,,Begomovirus manihotis,Begomovirus manihotis,ACMV-B[CI:KounF:CI311:20],DNA-B,"Begomovirus manihotis isolate ACMV-B[CI:KounF:CI311:20] segment DNA-B, complete sequence",2725,complete,Cote d'Ivoire,Cote d'Ivoire,Manihot esculenta,2020-08-22
PV297840.1,,Begomovirus manihotis,Begomovirus manihotis,ACMV-B[CI:KounF:CI313:20],DNA-B,"Begomovirus manihotis isolate ACMV-B[CI:KounF:CI313:20] segment DNA-B, complete sequence",2726,complete,Cote d'Ivoire,Cote d'Ivoire,Manihot esculenta,2020-08-22
PV297841.1,,Begomovirus manihotis,Begomovirus manihotis,ACMV-B[CI:Logoua:CI170:20],DNA-B,"Begomovirus manihotis isolate ACMV-B[CI:Logoua:CI170:20] segment DNA-B, complete sequence",2725,complete,Cote d'Ivoire,Cote d'Ivoire,Manihot esculenta,2020-08-22
PV297842.1,,Begomovirus manihotis,Begomovirus manihotis,ACMV-B[CI:Manko:CI383:20],DNA-B,"Begomovirus manihotis isolate ACMV-B[CI:Manko:CI383:20] segment DNA-B, complete sequence",2727,complete,Cote d'Ivoire,Cote d'Ivoire,Manihot esculenta,2020-08-22
PV297843.1,,Begomovirus manihotis,Begomovirus manihotis,ACMV-B[CI:Odien:CI247:20],DNA-B,"Begomovirus manihotis isolate ACMV-B[CI:Odien:CI247:20] segment DNA-B, complete sequence",2727,complete,Cote d'Ivoire,Cote d'Ivoire,Manihot esculenta,2020-08-22
PV297844.1,,Begomovirus manihotis,Begomovirus manihotis,ACMV-B[CI:Saiou:CI258:20],DNA-B,"Begomovirus manihotis isolate ACMV-B[CI:Saiou:CI258:20] segment DNA-B, complete sequence",2725,complete,Cote d'Ivoire,Cote d'Ivoire,Manihot esculenta,2020-08-22
PV297845.1,,Begomovirus manihotis,Begomovirus manihotis,ACMV-B[CI:Sassan:CI81:20],DNA-B,"Begomovirus manihotis isolate ACMV-B[CI:Sassan:CI81:20] segment DNA-B, complete sequence",2722,complete,Cote d'Ivoire,Cote d'Ivoire,Manihot esculenta,2020-08-22
PV297846.1,,Begomovirus manihotis,Begomovirus manihotis,ACMV-B[CI:Sassan:CI83:20],DNA-B,"Begomovirus manihotis isolate ACMV-B[CI:Sassan:CI83:20] segment DNA-B, complete sequence",2723,complete,Cote d'Ivoire,Cote d'Ivoire,Manihot esculenta,2020-08-22
PV297847.1,,Begomovirus manihotis,Begomovirus manihotis,ACMV-B[CI:Sassan:CI191:20],DNA-B,"Begomovirus manihotis isolate ACMV-B[CI:Sassan:CI191:20] segment DNA-B, complete sequence",2723,complete,Cote d'Ivoire,Cote d'Ivoire,Manihot esculenta,2020-08-22
PV297848.1,,Begomovirus manihotis,Begomovirus manihotis,ACMV-B[CI:Segue:CI349:20],DNA-B,"Begomovirus manihotis isolate ACMV-B[CI:Segue:CI349:20] segment DNA-B, complete sequence",2727,complete,Cote d'Ivoire,Cote d'Ivoire,Manihot esculenta,2020-08-29
PV297849.1,,Begomovirus manihotis,Begomovirus manihotis,ACMV-B[CI:Segue:CI372:20],DNA-B,"Begomovirus manihotis isolate ACMV-B[CI:Segue:CI372:20] segment DNA-B, complete sequence",2727,complete,Cote d'Ivoire,Cote d'Ivoire,Manihot esculenta,2020-08-29
PV297850.1,,Begomovirus manihotis,Begomovirus manihotis,ACMV-B[CI:Tingr:CI279:20],DNA-B,"Begomovirus manihotis isolate ACMV-B[CI:Tingr:CI279:20] segment DNA-B, complete sequence",2727,complete,Cote d'Ivoire,Cote d'Ivoire,Manihot esculenta,2020-08-29
PV297851.1,,Begomovirus manihotis,Begomovirus manihotis,ACMV-B[CI:Touba:CI240:20],DNA-B,"Begomovirus manihotis isolate ACMV-B[CI:Touba:CI240:20] segment DNA-B, complete sequence",2725,complete,Cote d'Ivoire,Cote d'Ivoire,Manihot esculenta,2020-08-29
PQ261058.1,,Begomovirus manihotis,Begomovirus manihotis,ACMV-A-CI008-2-22,DNA-A,"Begomovirus manihotis isolate ACMV-A-CI008-2-22 segment DNA-A, complete sequence",2784,complete,Cote d'Ivoire,Cote d'Ivoire,Manihot esculenta,2022-01-18
PQ261059.1,,Begomovirus manihotis,Begomovirus manihotis,ACMV-A-CI008-2-9,DNA-A,"Begomovirus manihotis isolate ACMV-A-CI008-2-9 segment DNA-A, complete sequence",2784,complete,Cote d'Ivoire,Cote d'Ivoire,Manihot esculenta,2022-01-18
PQ261060.1,,Begomovirus manihotis,Begomovirus manihotis,ACMV-A-CI008-2-5,DNA-A,"Begomovirus manihotis isolate ACMV-A-CI008-2-5 segment DNA-A, complete sequence",2784,complete,Cote d'Ivoire,Cote d'Ivoire,Manihot esculenta,2022-01-18
PQ261061.1,,Begomovirus manihotis,Begomovirus manihotis,ACMV-A-CI008-2-29,DNA-A,"Begomovirus manihotis isolate ACMV-A-CI008-2-29 segment DNA-A, complete sequence",2784,complete,Cote d'Ivoire,Cote d'Ivoire,Manihot esculenta,2022-01-18
PQ261062.1,,Begomovirus manihotis,Begomovirus manihotis,ACMV-A-CI008-2-43,DNA-A,"Begomovirus manihotis isolate ACMV-A-CI008-2-43 segment DNA-A, complete sequence",2784,complete,Cote d'Ivoire,Cote d'Ivoire,Manihot esculenta,2022-01-18
PQ261063.1,,Begomovirus manihotis,Begomovirus manihotis,ACMV-A-CI008-2-61,DNA-A,"Begomovirus manihotis isolate ACMV-A-CI008-2-61 segment DNA-A, complete sequence",2784,complete,Cote d'Ivoire,Cote d'Ivoire,Manihot esculenta,2022-01-18
PQ261064.1,,Begomovirus manihotis,Begomovirus manihotis,ACMV-A-CI008-2-18,DNA-A,"Begomovirus manihotis isolate ACMV-A-CI008-2-18 segment DNA-A, complete sequence",2788,complete,Cote d'Ivoire,Cote d'Ivoire,Manihot esculenta,2022-01-18
PQ261065.1,,Begomovirus manihotis,Begomovirus manihotis,ACMV-A-CI008-2-34,DNA-A,"Begomovirus manihotis isolate ACMV-A-CI008-2-34 segment DNA-A, complete sequence",2785,complete,Cote d'Ivoire,Cote d'Ivoire,Manihot esculenta,2022-01-18
PQ261066.1,,Begomovirus manihotis,Begomovirus manihotis,ACMV-A-CI008-2-6,DNA-A,"Begomovirus manihotis isolate ACMV-A-CI008-2-6 segment DNA-A, complete sequence",2784,complete,Cote d'Ivoire,Cote d'Ivoire,Manihot esculenta,2022-01-18
PQ261067.1,,Begomovirus manihotis,Begomovirus manihotis,ACMV-B-CI008-2-59,DNA-B,"Begomovirus manihotis isolate ACMV-B-CI008-2-59 segment DNA-B, complete sequence",2726,complete,Cote d'Ivoire,Cote d'Ivoire,Manihot esculenta,2022-01-18
PQ261068.1,,Begomovirus manihotis,Begomovirus manihotis,ACMV-B-CI008-2-101,DNA-B,"Begomovirus manihotis isolate ACMV-B-CI008-2-101 segment DNA-B, complete sequence",2726,complete,Cote d'Ivoire,Cote d'Ivoire,Manihot esculenta,2022-01-18
PQ261069.1,,Begomovirus manihotis,Begomovirus manihotis,ACMV-B-CI008-1-11,DNA-B,"Begomovirus manihotis isolate ACMV-B-CI008-1-11 segment DNA-B, complete sequence",2726,complete,Cote d'Ivoire,Cote d'Ivoire,Manihot esculenta,2022-01-18
PQ261070.1,,Begomovirus manihotis,Begomovirus manihotis,ACMV-B-CI008-2-123,DNA-B,"Begomovirus manihotis isolate ACMV-B-CI008-2-123 segment DNA-B, complete sequence",2726,complete,Cote d'Ivoire,Cote d'Ivoire,Manihot esculenta,2022-01-18
PQ261071.1,,Begomovirus manihotis,Begomovirus manihotis,ACMV-A-CI008-01_A_M,DNA-A,"Begomovirus manihotis isolate ACMV-A-CI008-01_A_M segment DNA-A, complete sequence",2784,complete,Cote d'Ivoire,Cote d'Ivoire,Manihot esculenta,2022-01-18
PQ261072.1,,Begomovirus manihotis,Begomovirus manihotis,ACMV-B-CI008-01_B_M,DNA-B,"Begomovirus manihotis isolate ACMV-B-CI008-01_B_M segment DNA-B, complete sequence",2726,complete,Cote d'Ivoire,Cote d'Ivoire,Manihot esculenta,2022-01-18
PX289778.1,,Begomovirus manihotis,Begomovirus manihotis,CMD03A,DNA-A,"Begomovirus manihotis isolate CMD03A segment DNA-A, complete sequence",2781,complete,Nigeria: Oyo,Nigeria,Manihot esculenta,2020-09-12
PX289779.1,,Begomovirus manihotis,Begomovirus manihotis,CMD03B,DNA-B,"Begomovirus manihotis isolate CMD03B segment DNA-B, complete sequence",2728,complete,Nigeria: Oyo,Nigeria,Manihot esculenta,2020-09-12
PX289780.1,,Begomovirus manihotis,Begomovirus manihotis,CMD04A,DNA-A,"Begomovirus manihotis isolate CMD04A segment DNA-A, complete sequence",2781,complete,Nigeria: FCT,Nigeria,Manihot esculenta,2020-03-11
PX289781.1,,Begomovirus manihotis,Begomovirus manihotis,CMD04B,DNA-B,"Begomovirus manihotis isolate CMD04B segment DNA-B, complete sequence",2729,complete,Nigeria: FCT,Nigeria,Manihot esculenta,2020-03-11
PX289782.1,,Begomovirus manihotis,Begomovirus manihotis,CMD07A,DNA-A,"Begomovirus manihotis isolate CMD07A segment DNA-A, complete sequence",2781,complete,Nigeria: Ekiti,Nigeria,Manihot esculenta,2020-09-12
PX289783.1,,Begomovirus manihotis,Begomovirus manihotis,CMD07B,DNA-B,"Begomovirus manihotis isolate CMD07B segment DNA-B, complete sequence",2734,complete,Nigeria: Ekiti,Nigeria,Manihot esculenta,2020-09-12
PX289784.1,,Begomovirus manihotis,Begomovirus manihotis,CMD08A,DNA-A,"Begomovirus manihotis isolate CMD08A segment DNA-A, complete sequence",2653,complete,Nigeria: Ogun,Nigeria,Manihot esculenta,2020-05-05
PX289785.1,,Begomovirus manihotis,Begomovirus manihotis,CMD08B,DNA-B,"Begomovirus manihotis isolate CMD08B segment DNA-B, complete sequence",2724,complete,Nigeria: Ogun,Nigeria,Manihot esculenta,2020-05-05
PX289786.1,,Begomovirus manihotis,Begomovirus manihotis,CMD09A,DNA-A,"Begomovirus manihotis isolate CMD09A segment DNA-A, complete sequence",2781,complete,Nigeria: Ogun,Nigeria,Manihot esculenta,2020-05-05
PX289787.1,,Begomovirus manihotis,Begomovirus manihotis,CMD09B,DNA-B,"Begomovirus manihotis isolate CMD09B segment DNA-B, complete sequence",2741,complete,Nigeria: Ogun,Nigeria,Manihot esculenta,2020-05-05
PX289788.1,,Begomovirus manihotis,Begomovirus manihotis,CMD10A,DNA-A,"Begomovirus manihotis isolate CMD10A segment DNA-A, complete sequence",2781,complete,Nigeria: Ogun,Nigeria,Manihot esculenta,2020-05-05
PX289789.1,,Begomovirus manihotis,Begomovirus manihotis,CMD10B,DNA-B,"Begomovirus manihotis isolate CMD10B segment DNA-B, complete sequence",2725,complete,Nigeria: Ogun,Nigeria,Manihot esculenta,2020-05-05
PX289790.1,,Begomovirus manihotis,Begomovirus manihotis,CMD12A,DNA-A,"Begomovirus manihotis isolate CMD12A segment DNA-A, complete sequence",2781,complete,Nigeria: Lagos,Nigeria,Manihot esculenta,2020-11-11
PX289791.1,,Begomovirus manihotis,Begomovirus manihotis,CMD12B,DNA-B,"Begomovirus manihotis isolate CMD12B segment DNA-B, complete sequence",2726,complete,Nigeria: Lagos,Nigeria,Manihot esculenta,2020-11-11
PX289792.1,,Begomovirus manihotis,Begomovirus manihotis,CMD01A,DNA-A,"Begomovirus manihotis isolate CMD01A segment DNA-A, complete sequence",2781,complete,Nigeria: Niger,Nigeria,Manihot esculenta,2016-03-11
PX289793.1,,Begomovirus manihotis,Begomovirus manihotis,CMD11A,DNA-A,"Begomovirus manihotis isolate CMD11A segment DNA-A, complete sequence",2784,complete,Nigeria: Lagos,Nigeria,Manihot esculenta,2020-11-11
PX289794.1,,Begomovirus manihotis,Begomovirus manihotis,CMD02B,DNA-B,"Begomovirus manihotis isolate CMD02B segment DNA-B, complete sequence",2726,complete,Nigeria: Oyo,Nigeria,Manihot esculenta,2020-09-12
PV747991.1,,Begomovirus manihotis,Begomovirus manihotis,DSMZ PV-0871,DNA-A,"Begomovirus manihotis isolate DSMZ PV-0871 segment DNA-A, complete sequence",2784,complete,Republic of the Congo,Republic of the Congo,Manihot esculenta,
PV747992.1,,Begomovirus manihotis,Begomovirus manihotis,DSMZ PV-0871,DNA-B,"Begomovirus manihotis isolate DSMZ PV-0871 segment DNA-B, complete sequence",2725,complete,Republic of the Congo,Republic of the Congo,Manihot esculenta,
PV747993.1,,Begomovirus manihotis,Begomovirus manihotis,DSMZ PV-0982,DNA-A,"Begomovirus manihotis isolate DSMZ PV-0982 segment DNA-A, complete sequence",2780,complete,Republic of the Congo,Republic of the Congo,Manihot esculenta,
PV747994.1,,Begomovirus manihotis,Begomovirus manihotis,DSMZ PV-0982,DNA-B,"Begomovirus manihotis isolate DSMZ PV-0982 segment DNA-B, complete sequence",2726,complete,Republic of the Congo,Republic of the Congo,Manihot esculenta,
LC832866.1,,Begomovirus manihotis,Begomovirus manihotis,Forecariah-21,DNA-A,"Begomovirus manihotis Forecariah-21 DNA, segment DNA-A, complete genome",2784,complete,Guinea:Forecariah,Guinea,Manihot esculenta,2023-07-31
PP503026.1,,African cassava mosaic virus,Begomovirus manihotis,DSMZ PV-0095,DNA A,"African cassava mosaic virus isolate DSMZ PV-0095 segment DNA A, complete sequence",2779,complete,Kenya,Kenya,Manihot esculenta,
PP503027.1,,African cassava mosaic virus,Begomovirus manihotis,DSMZ PV-0095,DNA B,"African cassava mosaic virus isolate DSMZ PV-0095 segment DNA B, complete sequence",2722,complete,Kenya,Kenya,Manihot esculenta,
OP947587.1,,Begomovirus manihotis,Begomovirus manihotis,DSMZ PV-0421,DNA A,"African cassava mosaic virus isolate DSMZ PV-0421 segment DNA A, complete sequence",2782,complete,Nigeria,Nigeria,Manihot esculenta,
OP947588.1,,Begomovirus manihotis,Begomovirus manihotis,DSMZ PV-0421,DNA B,"African cassava mosaic virus isolate DSMZ PV-0421 segment DNA B, complete sequence",2724,complete,Nigeria,Nigeria,Manihot esculenta,
LC721738.1,,Begomovirus manihotis,Begomovirus manihotis,ACMV-A-CI-Man-CI25-17,DNA-A,"African cassava mosaic virus ACMV-A-CI-Man-CI25-17 DNA, segment DNA-A, complete sequence",2781,complete,Cote d'Ivoire,Cote d'Ivoire,Manihot esculenta,2017-10-20
LC721739.1,,African cassava mosaic virus,Begomovirus manihotis,ACMV-CI-Man-CI32-17,DNA-A,"African cassava mosaic virus ACMV-CI-Man-CI32-17 DNA, segment DNA-A, complete sequence",2781,complete,Cote d'Ivoire,Cote d'Ivoire,Manihot esculenta,2017-10-20
LC721740.1,,Begomovirus manihotis,Begomovirus manihotis,ACMV-CI-Bou-CI10-6B-17,DNA-A,"African cassava mosaic virus ACMV-CI-Bou-CI10-6B-17 DNA, segment DNA-A, complete sequence",2783,complete,Cote d'Ivoire,Cote d'Ivoire,Manihot esculenta,2017-09-20
LC722230.1,,Begomovirus manihotis,Begomovirus manihotis,ACMV-CI-Bou-CI6-17,DNA-A,"African cassava mosaic virus ACMV-CI-Bou-CI6-17 DNA, segment DNA-A, complete sequence",2783,complete,Cote d'Ivoire,Cote d'Ivoire,Manihot esculenta,2017-09-20
LC722237.1,,Begomovirus manihotis,Begomovirus manihotis,ACMV-CI-Bou-CI7-2-17,DNA-B,"African cassava mosaic virus ACMV-CI-Bou-CI7-2-17 DNA, segment DNA-B, complete sequence",2729,complete,Cote d'Ivoire,Cote d'Ivoire,Manihot esculenta,2017-09-20
LC723864.1,,Begomovirus manihotis,Begomovirus manihotis,ACMV-[CI:Bou:CI2:17],DNA-A,"African cassava mosaic virus ACMV-[CI:Bou:CI2:17] DNA, segment DNA-A, complete sequence",2781,complete,Cote d'Ivoire: Bouake,Cote d'Ivoire,Centrosema pubescens,2017-09-20
LC723865.1,,Begomovirus manihotis,Begomovirus manihotis,ACMV-[CI:Bou:CI3:17],DNA-A,"African cassava mosaic virus ACMV-[CI:Bou:CI3:17] DNA, segment DNA-A, complete sequence",2781,complete,Cote d'Ivoire: Bouake,Cote d'Ivoire,Centrosema pubescens,2017-09-20
LC723866.1,,Begomovirus manihotis,Begomovirus manihotis,ACMV-[CI:Bou:CI6:17],DNA-B,"African cassava mosaic virus ACMV-[CI:Bou:CI6:17] DNA, segment DNA-B, complete sequence",2721,complete,Cote d'Ivoire: Bouake,Cote d'Ivoire,Asystasia gangetica,2017-09-20
LC723867.1,,Begomovirus manihotis,Begomovirus manihotis,ACMV-[CI:Bou:CI5:17],DNA-B,"African cassava mosaic virus ACMV-[CI:Bou:CI5:17] DNA, segment DNA-B, complete sequence",2719,complete,Cote d'Ivoire: Bouake,Cote d'Ivoire,Asystasia gangetica,2017-09-20
LC723868.1,,Begomovirus manihotis,Begomovirus manihotis,ACMV-[CI:Bou:CI10:17],DNA-B,"African cassava mosaic virus ACMV-[CI:Bou:CI10:17] DNA, segment DNA-B, complete sequence",2722,complete,Cote d'Ivoire: Bouake,Cote d'Ivoire,Centrosema pubescens,2017-09-20
LC724016.1,,Begomovirus manihotis,Begomovirus manihotis,ACMV-[CI:Aboi:CI71:17],DNA-B,"African cassava mosaic virus ACMV-[CI:Aboi:CI71:17] DNA, segment DNA-B, complete sequence",2722,complete,Cote d'Ivoire: Aboisso,Cote d'Ivoire,Centrosema pubescens,2017-09-20
LC724017.1,,Begomovirus manihotis,Begomovirus manihotis,ACMV-[CI:Aboi:CI72:17],DNA-B,"African cassava mosaic virus ACMV-[CI:Aboi:CI72:17] DNA, segment DNA-B, complete sequence",2722,complete,Cote d'Ivoire: Aboisso,Cote d'Ivoire,Centrosema pubescens,2017-09-20
MT821855.1,,Begomovirus manihotis,Begomovirus manihotis,Ls-Ru-ZM01-A,DNA-A,"African cassava mosaic virus isolate Ls-Ru-ZM01-A segment DNA-A, complete sequence",2768,complete,Zambia,Zambia,Manihot esculenta,2013
MT821856.1,,Begomovirus manihotis,Begomovirus manihotis,Ls-Ru-ZM02-A,DNA-A,"African cassava mosaic virus isolate Ls-Ru-ZM02-A segment DNA-A, complete sequence",2766,complete,Zambia,Zambia,Manihot esculenta,2013
MT821857.1,,Begomovirus manihotis,Begomovirus manihotis,Ls-Ru-ZM03-A,DNA-A,"African cassava mosaic virus isolate Ls-Ru-ZM03-A segment DNA-A, complete sequence",2766,complete,Zambia,Zambia,Manihot esculenta,2013
MT821858.1,,Begomovirus manihotis,Begomovirus manihotis,E-Pe-ZM04-A,DNA-A,"African cassava mosaic virus isolate E-Pe-ZM04-A segment DNA-A, complete sequence",2766,complete,Zambia,Zambia,Manihot esculenta,2013
MT821859.1,,Begomovirus manihotis,Begomovirus manihotis,E-Pe-ZM05-A,DNA-A,"African cassava mosaic virus isolate E-Pe-ZM05-A segment DNA-A, complete sequence",2768,complete,Zambia,Zambia,Manihot esculenta,2013
MT821860.1,,Begomovirus manihotis,Begomovirus manihotis,Lu-Mw-ZM06-A,DNA-A,"African cassava mosaic virus isolate Lu-Mw-ZM06-A segment DNA-A, complete sequence",2767,complete,Zambia,Zambia,Manihot esculenta,2013
MT821861.1,,Begomovirus manihotis,Begomovirus manihotis,E-Ln-ZM07-A,DNA-A,"African cassava mosaic virus isolate E-Ln-ZM07-A segment DNA-A, complete sequence",2767,complete,Zambia,Zambia,Manihot esculenta,2013
MT821862.1,,Begomovirus manihotis,Begomovirus manihotis,E-Ln-ZM08-A,DNA-A,"UNVERIFIED: African cassava mosaic virus isolate E-Ln-ZM08-A segment DNA-A, complete sequence",2765,complete,Zambia,Zambia,Manihot esculenta,2013
MT821863.1,,Begomovirus manihotis,Begomovirus manihotis,E-Ln-ZM09-A,DNA-A,"African cassava mosaic virus isolate E-Ln-ZM09-A segment DNA-A, complete sequence",2766,complete,Zambia,Zambia,Manihot esculenta,2013
MT821864.1,,Begomovirus manihotis,Begomovirus manihotis,E-Ma-ZM10-A,DNA-A,"African cassava mosaic virus isolate E-Ma-ZM10-A segment DNA-A, complete sequence",2767,complete,Zambia,Zambia,Manihot esculenta,2013
MT821865.1,,Begomovirus manihotis,Begomovirus manihotis,W-Ka-ZM11-A,DNA-A,"African cassava mosaic virus isolate W-Ka-ZM11-A segment DNA-A, complete sequence",2767,complete,Zambia,Zambia,Manihot esculenta,2013
MT821866.1,,Begomovirus manihotis,Begomovirus manihotis,W-Ka-ZM12-A,DNA-A,"African cassava mosaic virus isolate W-Ka-ZM12-A segment DNA-A, complete sequence",2768,complete,Zambia,Zambia,Manihot esculenta,2013
MT821867.1,,Begomovirus manihotis,Begomovirus manihotis,W-Ka-ZM13-A,DNA-A,"UNVERIFIED: African cassava mosaic virus isolate W-Ka-ZM13-A segment DNA-A, complete sequence",2768,complete,Zambia,Zambia,Manihot esculenta,2013
MT821868.1,,Begomovirus manihotis,Begomovirus manihotis,W-Lu-ZM15-A,DNA-A,"African cassava mosaic virus isolate W-Lu-ZM15-A segment DNA-A, complete sequence",2767,complete,Zambia,Zambia,Manihot esculenta,2013
MT821869.1,,Begomovirus manihotis,Begomovirus manihotis,W-Lu-ZM16-A,DNA-A,"UNVERIFIED: African cassava mosaic virus isolate W-Lu-ZM16-A segment DNA-A, complete sequence",2768,complete,Zambia,Zambia,Manihot esculenta,2013
MT821870.1,,Begomovirus manihotis,Begomovirus manihotis,W-Mo-ZM17-A,DNA-A,"UNVERIFIED: African cassava mosaic virus isolate W-Mo-ZM17-A segment DNA-A, complete sequence",2780,complete,Zambia,Zambia,Manihot esculenta,2013
MT821871.1,,Begomovirus manihotis,Begomovirus manihotis,W-Mo-ZM18-A,DNA-A,"African cassava mosaic virus isolate W-Mo-ZM18-A segment DNA-A, complete sequence",2768,complete,Zambia,Zambia,Manihot esculenta,2013
MT821872.1,,Begomovirus manihotis,Begomovirus manihotis,W-Se-ZM19-A,DNA-A,"African cassava mosaic virus isolate W-Se-ZM19-A segment DNA-A, complete sequence",2767,complete,Zambia,Zambia,Manihot esculenta,2013
MT821873.1,,Begomovirus manihotis,Begomovirus manihotis,W-Se-ZM20-A,DNA-A,"UNVERIFIED: African cassava mosaic virus isolate W-Se-ZM20-A segment DNA-A, complete sequence",2777,complete,Zambia,Zambia,Manihot esculenta,2013
MT821874.1,,Begomovirus manihotis,Begomovirus manihotis,E-Pe-ZM21-A,DNA-A,"African cassava mosaic virus isolate E-Pe-ZM21-A segment DNA-A, complete sequence",2767,complete,Zambia,Zambia,Manihot esculenta,2013
MT821875.1,,Begomovirus manihotis,Begomovirus manihotis,W-Ka-ZM22-A,DNA-A,"UNVERIFIED: African cassava mosaic virus isolate W-Ka-ZM22-A segment DNA-A, complete sequence",2776,complete,Zambia,Zambia,Manihot esculenta,2013
MT821876.1,,Begomovirus manihotis,Begomovirus manihotis,E-Ln-ZM23-A,DNA-A,"African cassava mosaic virus isolate E-Ln-ZM23-A segment DNA-A, complete sequence",2768,complete,Zambia,Zambia,Manihot esculenta,2013
MT821877.1,,Begomovirus manihotis,Begomovirus manihotis,E-Ln-ZM24-A,DNA-A,"African cassava mosaic virus isolate E-Ln-ZM24-A segment DNA-A, complete sequence",2768,complete,Zambia,Zambia,Manihot esculenta,2013
MT821878.1,,Begomovirus manihotis,Begomovirus manihotis,Ls-Ls-ZM25-A,DNA-A,"UNVERIFIED: African cassava mosaic virus isolate Ls-Ls-ZM25-A segment DNA-A, complete sequence",2773,complete,Zambia,Zambia,Manihot esculenta,2013
MZ595263.1,,Begomovirus manihotis,Begomovirus manihotis,TZ UNG 13,A,"African cassava mosaic virus isolate TZ UNG 13 segment A, complete sequence",2777,complete,Tanzania,Tanzania,,2018-08-18
MZ595265.1,,Begomovirus manihotis,Begomovirus manihotis,TZ PMB 15,A,"African cassava mosaic virus isolate TZ PMB 15 segment A, complete sequence",2780,complete,Tanzania,Tanzania,,2018-08-18
LC658342.1,,Begomovirus manihotis,Begomovirus manihotis,BFW004-4B,,"African cassava mosaic virus BFW004-4B DNA, complete genome",2781,complete,Burkina Faso,Burkina Faso,Manihot esculenta,2015-08-21
LC658343.1,,Begomovirus manihotis,Begomovirus manihotis,ACMV-[BF:Sam:BFW004-6B:15],,"African cassava mosaic virus ACMV-[BF:Sam:BFW004-6B:15] DNA, complete genome",2781,complete,Burkina Faso,Burkina Faso,Manihot esculenta,2015-08-21
LC658344.1,,Begomovirus manihotis,Begomovirus manihotis,ACMV-[BF:Oro:BFW020-4H:15],,"African cassava mosaic virus ACMV-[BF:Oro:BFW020-4H:15] DNA, complete genome",2781,complete,Burkina Faso,Burkina Faso,Manihot esculenta,2015-08-22
LC658345.1,,Begomovirus manihotis,Begomovirus manihotis,ACMV-[BF:Oro:BFW021-9E:15],,"African cassava mosaic virus ACMV-[BF:Oro:BFW021-9E:15] DNA, complete genome",2782,complete,Burkina Faso,Burkina Faso,Manihot esculenta,2015-08-22
LC658346.1,,Begomovirus manihotis,Begomovirus manihotis,ACMV-[BF:Dia:BFW060-12B:15],,"African cassava mosaic virus ACMV-[BF:Dia:BFW060-12B:15] DNA, complete genome",2783,complete,Burkina Faso,Burkina Faso,Manihot esculenta,2015-09-11
LC658347.1,,Begomovirus manihotis,Begomovirus manihotis,ACMV-[BF:Naf:BFW067-11B:15],,"African cassava mosaic virus ACMV-[BF:Naf:BFW067-11B:15] DNA, complete genome",2781,complete,Burkina Faso,Burkina Faso,Manihot esculenta,2015-09-12
LC658348.1,,Begomovirus manihotis,Begomovirus manihotis,ACMV-[BF:Baz:BFW148-3B:15],,"African cassava mosaic virus ACMV-[BF:Baz:BFW148-3B:15] DNA, complete genome",2782,complete,Burkina Faso,Burkina Faso,Manihot esculenta,2015-09-27
LC658956.1,,Begomovirus manihotis,Begomovirus manihotis,ACMV-[BF:Baz:BFW148-10B:15],,"African cassava mosaic virus ACMV-[BF:Baz:BFW148-10B:15] DNA, complete genome",2782,complete,Burkina Faso,Burkina Faso,Manihot esculenta,2015-09-27
LC658957.1,,Begomovirus manihotis,Begomovirus manihotis,ACMV-[BF:Sag:BFW213-3B:16],DNA-A,"African cassava mosaic virus ACMV-[BF:Sag:BFW213-3B:16] DNA, segment: DNA-A, complete sequence",2781,complete,Burkina Faso,Burkina Faso,Manihot esculenta,2016-03-06
LC658958.1,,Begomovirus manihotis,Begomovirus manihotis,ACMV-[BF:Mil:BFW223-4B:16],DNA-A,"African cassava mosaic virus ACMV-[BF:Mil:BFW223-4B:16] DNA, segment: DNA-A, complete sequence",2782,complete,Burkina Faso,Burkina Faso,Manihot esculenta,2016-03-11
LC658959.1,,Begomovirus manihotis,Begomovirus manihotis,ACMV-[BF:Mil:BFW223-5B:16],DNA-A,"African cassava mosaic virus ACMV-[BF:Mil:BFW223-5B:16] DNA, segment: DNA-A, complete sequence",2781,complete,Burkina Faso,Burkina Faso,Manihot esculenta,2016-03-06
LC658960.1,,Begomovirus manihotis,Begomovirus manihotis,ACMV-[BF:Yel:BFW239-1B:16],DNA-A,"African cassava mosaic virus ACMV-[BF:Yel:BFW239-1B:16] DNA, segment: DNA-A, complete sequence",2781,complete,Burkina Faso,Burkina Faso,Manihot esculenta,2016-10-19
LC658961.1,,Begomovirus manihotis,Begomovirus manihotis,ACMV-[BF:Tin:BFW396-4B:17],DNA-A,"African cassava mosaic virus ACMV-[BF:Tin:BFW396-4B:17] DNA, segment: DNA-A, complete sequence",2780,complete,Burkina Faso,Burkina Faso,Manihot esculenta,2017-05-18
LC658962.1,,Begomovirus manihotis,Begomovirus manihotis,ACMV-[BF:Bob:BFW571-3B:17],DNA-A,"African cassava mosaic virus ACMV-[BF:Bob:BFW571-3B:17] DNA, segment: DNA-A, complete sequence",2781,complete,Burkina Faso,Burkina Faso,Manihot esculenta,2017-05-24
LC658963.1,,Begomovirus manihotis,Begomovirus manihotis,ACMV-[BF:Bio:BFW635-1B:17],DNA-A,"African cassava mosaic virus ACMV-[BF:Bio:BFW635-1B:17] DNA, segment: DNA-A, complete sequence",2783,complete,Burkina Faso,Burkina Faso,Manihot esculenta,2017-07-07
LC658964.1,,Begomovirus manihotis,Begomovirus manihotis,ACMV-[BF:Nou:BFW670-15B:17],DNA-A,"African cassava mosaic virus ACMV-[BF:Nou:BFW670-15B:17] DNA, segment: DNA-A, complete sequence",2781,complete,Burkina Faso,Burkina Faso,Manihot esculenta,2017-08-10
LC659081.1,,Begomovirus manihotis,Begomovirus manihotis,ACMV-[BF:Baz:BFW148-2N:15],DNA-B,"African cassava mosaic virus ACMV-[BF:Baz:BFW148-2N:15] DNA, segment: DNA-B, complete sequence",2731,complete,Burkina Faso,Burkina Faso,Manihot esculenta,2015-09-27
LC659082.1,,Begomovirus manihotis,Begomovirus manihotis,ACMV-[BF:Oro:BFW477-4B:17],DNA-B,"African cassava mosaic virus ACMV-[BF:Oro:BFW477-4B:17] DNA, segment: DNA-B, complete sequence",2727,complete,Burkina Faso,Burkina Faso,Manihot esculenta,2017-05-20
MW788219.1,,African cassava mosaic virus,Begomovirus manihotis,CF:Bambari:1928,DNA-B,"UNVERIFIED: African cassava mosaic virus isolate CF:Bambari:1928 segment DNA-B genomic sequence, sequence",2727,complete,Central African Republic,Central African Republic,Manihot glaziovii,1928
MW788220.1,,African cassava mosaic virus,Begomovirus manihotis,CF:Bambari:1928,DNA-A,"UNVERIFIED: African cassava mosaic virus isolate CF:Bambari:1928 segment DNA-A genomic sequence, sequence",2812,complete,Central African Republic,Central African Republic,Manihot glaziovii,1928
MW848516.1,,Begomovirus manihotis,Begomovirus manihotis,NGSTPS18/DSMZ PV-0421,DNA A,"Begomovirus manihotis isolate NGSTPS18/DSMZ PV-0421 segment DNA A, complete sequence",2782,complete,Nigeria,Nigeria,Manihot esculenta,1994
MW848517.1,,Begomovirus manihotis,Begomovirus manihotis,NGSTPS18/DSMZ PV-0421,DNA B,"Begomovirus manihotis isolate NGSTPS18/DSMZ PV-0421 segment DNA B, complete sequence",2724,complete,Nigeria,Nigeria,Manihot esculenta,1994
MN809985.1,,African cassava mosaic virus,Begomovirus manihotis,NG-001,DNA-A,"African cassava mosaic virus isolate NG-001 segment DNA-A, complete sequence",2781,complete,Nigeria,Nigeria,Manihot esculenta,2017-02-01
MN809986.1,,African cassava mosaic virus,Begomovirus manihotis,NG-002,DNA-A,"African cassava mosaic virus isolate NG-002 segment DNA-A, complete sequence",2781,complete,Nigeria,Nigeria,Manihot esculenta,2017-02-01
MN809987.1,,African cassava mosaic virus,Begomovirus manihotis,NG-003,DNA-A,"UNVERIFIED: African cassava mosaic virus isolate NG-003 segment DNA-A, complete sequence",2780,complete,Nigeria,Nigeria,Manihot esculenta,2017-02-01
MN809988.1,,African cassava mosaic virus,Begomovirus manihotis,NG-004,DNA-A,"UNVERIFIED: African cassava mosaic virus isolate NG-004 segment DNA-A, complete sequence",2780,complete,Nigeria,Nigeria,Manihot esculenta,2017-02-01
MT858793.1,,Begomovirus manihotis,Begomovirus manihotis,CM:2:98,A,"Begomovirus manihotis isolate CM:2:98 segment A, complete sequence",2781,complete,Cameroon,Cameroon,Manihot esculenta,1998
MT858794.1,,Begomovirus manihotis,Begomovirus manihotis,CM:2:98,B,"Begomovirus manihotis isolate CM:2:98 segment B, complete sequence",2725,complete,Cameroon,Cameroon,Manihot esculenta,1998
MH646683.1,,Begomovirus manihotis,Begomovirus manihotis,ACMV_GH:KM11B:13,DNA-B,"Begomovirus manihotis isolate ACMV_GH:KM11B:13 segment DNA-B, complete sequence",2725,complete,Ghana,Ghana,Manihot esculenta,2013-08
MH646684.1,,Begomovirus manihotis,Begomovirus manihotis,ACMV_GH:KM8B:13,DNA-B,"Begomovirus manihotis isolate ACMV_GH:KM8B:13 segment DNA-B, complete sequence",2725,complete,Ghana,Ghana,Manihot esculenta,2013-08
MH646685.1,,Begomovirus manihotis,Begomovirus manihotis,ACMV_GH:KM12B:13,DNA-B,"Begomovirus manihotis isolate ACMV_GH:KM12B:13 segment DNA-B, complete sequence",2725,complete,Ghana,Ghana,Manihot esculenta,2013-08
MH646686.1,,Begomovirus manihotis,Begomovirus manihotis,ACMV_GH:KM10B:13,DNA-B,"Begomovirus manihotis isolate ACMV_GH:KM10B:13 segment DNA-B, complete sequence",2725,complete,Ghana,Ghana,Manihot esculenta,2013-08
MH646687.1,,Begomovirus manihotis,Begomovirus manihotis,ACMV_GH:KM9B:13,DNA-B,"Begomovirus manihotis isolate ACMV_GH:KM9B:13 segment DNA-B, complete sequence",2725,complete,Ghana,Ghana,Manihot esculenta,2013-08
MH646688.1,,Begomovirus manihotis,Begomovirus manihotis,ACMV_GH:KM14B:13,DNA-B,"Begomovirus manihotis isolate ACMV_GH:KM14B:13 segment DNA-B, complete sequence",2725,complete,Ghana,Ghana,Manihot esculenta,2013-08
MH646689.1,,Begomovirus manihotis,Begomovirus manihotis,ACMV_GH:KM13B:13,DNA-B,"Begomovirus manihotis isolate ACMV_GH:KM13B:13 segment DNA-B, complete sequence",2725,complete,Ghana,Ghana,Manihot esculenta,2013-08
MH646690.1,,Begomovirus manihotis,Begomovirus manihotis,ACMV_GH:KM5B:13,DNA-B,"Begomovirus manihotis isolate ACMV_GH:KM5B:13 segment DNA-B, complete sequence",2725,complete,Ghana,Ghana,Manihot esculenta,2013-08
MH646691.1,,Begomovirus manihotis,Begomovirus manihotis,ACMV_GH:KM6B:13,DNA-B,"Begomovirus manihotis isolate ACMV_GH:KM6B:13 segment DNA-B, complete sequence",2725,complete,Ghana,Ghana,Manihot esculenta,2013-08
MH646692.1,,Begomovirus manihotis,Begomovirus manihotis,ACMV_GH:KM4B:13,DNA-B,"Begomovirus manihotis isolate ACMV_GH:KM4B:13 segment DNA-B, complete sequence",2725,complete,Ghana,Ghana,Manihot esculenta,2013-08
MH646693.1,,Begomovirus manihotis,Begomovirus manihotis,ACMV_GH:KM7B:13,DNA-B,"Begomovirus manihotis isolate ACMV_GH:KM7B:13 segment DNA-B, complete sequence",2725,complete,Ghana,Ghana,Manihot esculenta,2013-08
MH646695.1,,Begomovirus manihotis,Begomovirus manihotis,ACMV_GH:MO15B:13,DNA-B,"Begomovirus manihotis isolate ACMV_GH:MO15B:13 segment DNA-B, complete sequence",2727,complete,Ghana,Ghana,Manihot esculenta,2013-08
MH646696.1,,Begomovirus manihotis,Begomovirus manihotis,ACMV_GH:MO16B:13,DNA-B,"Begomovirus manihotis isolate ACMV_GH:MO16B:13 segment DNA-B, complete sequence",2725,complete,Ghana,Ghana,Manihot esculenta,2013-08
MH646697.1,,Begomovirus manihotis,Begomovirus manihotis,ACMV_GH:FU6B:13,DNA-B,"Begomovirus manihotis isolate ACMV_GH:FU6B:13 segment DNA-B, complete sequence",2724,complete,Ghana,Ghana,Manihot esculenta,2013-08
MH646698.1,,Begomovirus manihotis,Begomovirus manihotis,ACMV_GH:FU7B:13,DNA-B,"Begomovirus manihotis isolate ACMV_GH:FU7B:13 segment DNA-B, complete sequence",2724,complete,Ghana,Ghana,Manihot esculenta,2013-08
MH646699.1,,Begomovirus manihotis,Begomovirus manihotis,ACMV_GH:FU8B:13,DNA-B,"Begomovirus manihotis isolate ACMV_GH:FU8B:13 segment DNA-B, complete sequence",2725,complete,Ghana,Ghana,Manihot esculenta,2013-08
MH646700.1,,Begomovirus manihotis,Begomovirus manihotis,ACMV_GH:FU9B:13,DNA-B,"Begomovirus manihotis isolate ACMV_GH:FU9B:13 segment DNA-B, complete sequence",2726,complete,Ghana,Ghana,Manihot esculenta,2013-08
MH646701.1,,Begomovirus manihotis,Begomovirus manihotis,ACMV_GH:FU5B:13,DNA-B,"Begomovirus manihotis isolate ACMV_GH:FU5B:13 segment DNA-B, complete sequence",2606,complete,Ghana,Ghana,Manihot esculenta,2013-08
MH646702.1,,Begomovirus manihotis,Begomovirus manihotis,ACMV_GH:FU10B:13,DNA-B,"Begomovirus manihotis isolate ACMV_GH:FU10B:13 segment DNA-B, complete sequence",2724,complete,Ghana,Ghana,Manihot esculenta,2013-08
MH646703.1,,Begomovirus manihotis,Begomovirus manihotis,ACMV_GH:KW19B:13,DNA-B,"Begomovirus manihotis isolate ACMV_GH:KW19B:13 segment DNA-B, complete sequence",2625,complete,Ghana,Ghana,Manihot esculenta,2013-08
MH646704.1,,Begomovirus manihotis,Begomovirus manihotis,ACMV_GH:KW20B:13,DNA-B,"Begomovirus manihotis isolate ACMV_GH:KW20B:13 segment DNA-B, complete sequence",2735,complete,Ghana,Ghana,Manihot esculenta,2013-08
MH646705.1,,Begomovirus manihotis,Begomovirus manihotis,ACMV_GH:KW17B:13,DNA-B,"Begomovirus manihotis isolate ACMV_GH:KW17B:13 segment DNA-B, complete sequence",2688,complete,Ghana,Ghana,Manihot esculenta,2013-08
MH646706.1,,Begomovirus manihotis,Begomovirus manihotis,ACMV_GH:KW16B:13,DNA-B,"Begomovirus manihotis isolate ACMV_GH:KW16B:13 segment DNA-B, complete sequence",2778,complete,Ghana,Ghana,Manihot esculenta,2013-08
MH646707.1,,Begomovirus manihotis,Begomovirus manihotis,ACMV_GH:KW18B:13,DNA-B,"Begomovirus manihotis isolate ACMV_GH:KW18B:13 segment DNA-B, complete sequence",2685,complete,Ghana,Ghana,Manihot esculenta,2013-08
MH646708.1,,Begomovirus manihotis,Begomovirus manihotis,ACMV_GH:KW23B:13,DNA-B,"Begomovirus manihotis isolate ACMV_GH:KW23B:13 segment DNA-B, complete sequence",2685,complete,Ghana,Ghana,Manihot esculenta,2013-08
MH646709.1,,Begomovirus manihotis,Begomovirus manihotis,ACMV_GH:KW13B:13,DNA-B,"Begomovirus manihotis isolate ACMV_GH:KW13B:13 segment DNA-B, complete sequence",2725,complete,Ghana,Ghana,Manihot esculenta,2013-08
MH646710.1,,Begomovirus manihotis,Begomovirus manihotis,ACMV_GH:KW14B:13,DNA-B,"Begomovirus manihotis isolate ACMV_GH:KW14B:13 segment DNA-B, complete sequence",2726,complete,Ghana,Ghana,Manihot esculenta,2013-08
MH646711.1,,Begomovirus manihotis,Begomovirus manihotis,ACMV_GH:KW21B:13,DNA-B,"Begomovirus manihotis isolate ACMV_GH:KW21B:13 segment DNA-B, complete sequence",2721,complete,Ghana,Ghana,Manihot esculenta,2013-08
MH646712.1,,Begomovirus manihotis,Begomovirus manihotis,ACMV_GH:KW22B:13,DNA-B,"Begomovirus manihotis isolate ACMV_GH:KW22B:13 segment DNA-B, complete sequence",2719,complete,Ghana,Ghana,Manihot esculenta,2013-08
MH646713.1,,Begomovirus manihotis,Begomovirus manihotis,ACMV_GH:KWB15:13,DNA-B,"Begomovirus manihotis isolate ACMV_GH:KWB15:13 segment DNA-B, complete sequence",2723,complete,Ghana,Ghana,Manihot esculenta,2013-08
MH646714.1,,Begomovirus manihotis,Begomovirus manihotis,ACMV_GH:AK12B:13,DNA-B,"Begomovirus manihotis isolate ACMV_GH:AK12B:13 segment DNA-B, complete sequence",2725,complete,Ghana,Ghana,Manihot esculenta,2013-08
MH646715.1,,Begomovirus manihotis,Begomovirus manihotis,ACMV_GH:AK16B:13,DNA-B,"Begomovirus manihotis isolate ACMV_GH:AK16B:13 segment DNA-B, complete sequence",2727,complete,Ghana,Ghana,Manihot esculenta,2013-08
MH646716.1,,Begomovirus manihotis,Begomovirus manihotis,ACMV_GH:AK15B:13,DNA-B,"Begomovirus manihotis isolate ACMV_GH:AK15B:13 segment DNA-B, complete sequence",2724,complete,Ghana,Ghana,Manihot esculenta,2013-08
MH646717.1,,Begomovirus manihotis,Begomovirus manihotis,ACMV_GH:AK13B:13,DNA-B,"Begomovirus manihotis isolate ACMV_GH:AK13B:13 segment DNA-B, complete sequence",2725,complete,Ghana,Ghana,Manihot esculenta,2013-08
MH646718.1,,Begomovirus manihotis,Begomovirus manihotis,ACMV_GH:AK14B:13,DNA-B,"Begomovirus manihotis isolate ACMV_GH:AK14B:13 segment DNA-B, complete sequence",2725,complete,Ghana,Ghana,Manihot esculenta,2013-08
MH646719.1,,Begomovirus manihotis,Begomovirus manihotis,ACMV_GH:AK11B:13,DNA-B,"Begomovirus manihotis isolate ACMV_GH:AK11B:13 segment DNA-B, complete sequence",2725,complete,Ghana,Ghana,Manihot esculenta,2013-08
MH646720.1,,Begomovirus manihotis,Begomovirus manihotis,ACMV_GH_AK17B_13,DNA-B,"Begomovirus manihotis isolate ACMV_GH_AK17B_13 segment DNA-B, complete sequence",2722,complete,Ghana,Ghana,Manihot esculenta,2013-08
MH646721.1,,Begomovirus manihotis,Begomovirus manihotis,ACMV_GH:BU15B:13,DNA-B,"Begomovirus manihotis isolate ACMV_GH:BU15B:13 segment DNA-B, complete sequence",2725,complete,Ghana,Ghana,Manihot esculenta,2013-08
MH646722.1,,Begomovirus manihotis,Begomovirus manihotis,ACMV_GH:BU16B:13,DNA-B,"Begomovirus manihotis isolate ACMV_GH:BU16B:13 segment DNA-B, complete sequence",2723,complete,Ghana,Ghana,Manihot esculenta,2013-08
MH646723.1,,Begomovirus manihotis,Begomovirus manihotis,ACMV_GH:BW10B:13,DNA-B,"Begomovirus manihotis isolate ACMV_GH:BW10B:13 segment DNA-B, complete sequence",2727,complete,Ghana,Ghana,Manihot esculenta,2013-08
MG250084.1,,Begomovirus manihotis,Begomovirus manihotis,ACMV_GH:AK8A:13,DNA-A,"Begomovirus manihotis isolate ACMV_GH:AK8A:13, complete genome",2780,complete,Ghana,Ghana,Manihot esculenta,2013-08
MG250085.1,,Begomovirus manihotis,Begomovirus manihotis,ACMV_GH:AK10A:13,DNA-A,"Begomovirus manihotis isolate ACMV_GH:AK10A:13, complete genome",2780,complete,Ghana,Ghana,Manihot esculenta,2013-08
MG250086.1,,Begomovirus manihotis,Begomovirus manihotis,ACMV_GH:AK1A:13,DNA-A,"Begomovirus manihotis isolate ACMV_GH:AK1A:13, complete genome",2781,complete,Ghana,Ghana,Manihot esculenta,2013-08
MG250087.1,,Begomovirus manihotis,Begomovirus manihotis,ACMV_GH:AK9A:13,DNA-A,"Begomovirus manihotis isolate ACMV_GH:AK9A:13, complete genome",2780,complete,Ghana,Ghana,Manihot esculenta,2013-08
MG250088.1,,Begomovirus manihotis,Begomovirus manihotis,ACMV_GH:AK2A:13,DNA-A,"Begomovirus manihotis isolate ACMV_GH:AK2A:13, complete genome",2781,complete,Ghana,Ghana,Manihot esculenta,2013-08
MG250089.1,,Begomovirus manihotis,Begomovirus manihotis,ACMV_GH:AK7A:13,DNA-A,"Begomovirus manihotis isolate ACMV_GH:AK7A:13, complete genome",2782,complete,Ghana,Ghana,Manihot esculenta,2013-08
MG250090.1,,Begomovirus manihotis,Begomovirus manihotis,ACMV_GH:AK3A:13,DNA-A,"Begomovirus manihotis isolate ACMV_GH:AK3A:13, complete genome",2781,complete,Ghana,Ghana,Manihot esculenta,2013-08
MG250091.1,,Begomovirus manihotis,Begomovirus manihotis,ACMV_GH:AK5A:13,DNA-A,"Begomovirus manihotis isolate ACMV_GH:AK5A:13, complete genome",2780,complete,Ghana,Ghana,Manihot esculenta,2013-08
MG250092.1,,Begomovirus manihotis,Begomovirus manihotis,ACMV_GH:AK6A:13,DNA-A,"Begomovirus manihotis isolate ACMV_GH:AK6A:13, complete genome",2782,complete,Ghana,Ghana,Manihot esculenta,2013-08
MG250093.1,,Begomovirus manihotis,Begomovirus manihotis,ACMV_GH:AK4A:13,DNA-A,"Begomovirus manihotis isolate ACMV_GH:AK4A:13, complete genome",2782,complete,Ghana,Ghana,Manihot esculenta,2013-08
MG250094.1,,Begomovirus manihotis,Begomovirus manihotis,ACMV_GH:KW1A:13,DNA-A,"Begomovirus manihotis isolate ACMV_GH:KW1A:13, complete genome",2781,complete,Ghana,Ghana,Manihot esculenta,2013-08
MG250095.1,,Begomovirus manihotis,Begomovirus manihotis,ACMV_GH:KW3A:13,DNA-A,"Begomovirus manihotis isolate ACMV_GH:KW3A:13, complete genome",2782,complete,Ghana,Ghana,Manihot esculenta,2013-08
MG250096.1,,Begomovirus manihotis,Begomovirus manihotis,ACMV_GH:KW7A:13,DNA-A,"Begomovirus manihotis isolate ACMV_GH:KW7A:13, complete genome",2777,complete,Ghana,Ghana,Manihot esculenta,2013-08
MG250097.1,,Begomovirus manihotis,Begomovirus manihotis,ACMV_GH:KW8A:13,DNA-A,"Begomovirus manihotis isolate ACMV_GH:KW8A:13, complete genome",2782,complete,Ghana,Ghana,Manihot esculenta,2013-08
MG250098.1,,Begomovirus manihotis,Begomovirus manihotis,ACMV_GH:KW9A:13,DNA-A,"Begomovirus manihotis isolate ACMV_GH:KW9A:13, complete genome",2781,complete,Ghana,Ghana,Manihot esculenta,2013-08
MG250099.1,,Begomovirus manihotis,Begomovirus manihotis,ACMV_GH:KW4A:13,DNA-A,"Begomovirus manihotis isolate ACMV_GH:KW4A:13, complete genome",2782,complete,Ghana,Ghana,Manihot esculenta,2013-08
MG250100.1,,Begomovirus manihotis,Begomovirus manihotis,ACMV_GH:KW6A:13,DNA-A,"Begomovirus manihotis isolate ACMV_GH:KW6A:13, complete genome",2782,complete,Ghana,Ghana,Manihot esculenta,2013-08
MG250101.1,,Begomovirus manihotis,Begomovirus manihotis,ACMV_GH:KW2A:13,DNA-A,"Begomovirus manihotis isolate ACMV_GH:KW2A:13, complete genome",2782,complete,Ghana,Ghana,Manihot esculenta,2013-08
MG250102.1,,Begomovirus manihotis,Begomovirus manihotis,ACMV_GH:KW5A:13,DNA-A,"Begomovirus manihotis isolate ACMV_GH:KW5A:13, complete genome",2783,complete,Ghana,Ghana,Manihot esculenta,2013-08
MG250103.1,,Begomovirus manihotis,Begomovirus manihotis,ACMV_GH:KM1A:13,DNA-A,"Begomovirus manihotis isolate ACMV_GH:KM1A:13, complete genome",2781,complete,Ghana,Ghana,Manihot esculenta,2013-08
MG250104.1,,Begomovirus manihotis,Begomovirus manihotis,ACMV_GH:KM2A:13,DNA-A,"Begomovirus manihotis isolate ACMV_GH:KM2A:13, complete genome",2781,complete,Ghana,Ghana,Manihot esculenta,2013-08
MG250105.1,,Begomovirus manihotis,Begomovirus manihotis,ACMV_GH:KM3A:13,DNA-A,"Begomovirus manihotis isolate ACMV_GH:KM3A:13, complete genome",2781,complete,Ghana,Ghana,Manihot esculenta,2013-08
MG250106.1,,Begomovirus manihotis,Begomovirus manihotis,ACMV_GH:BU5A:13,DNA-A,"Begomovirus manihotis isolate ACMV_GH:BU5A:13, complete genome",2782,complete,Ghana,Ghana,Manihot esculenta,2013-08
MG250107.1,,Begomovirus manihotis,Begomovirus manihotis,ACMV_GH:BU6A:13,DNA-A,"Begomovirus manihotis isolate ACMV_GH:BU6A:13, complete genome",2781,complete,Ghana,Ghana,Manihot esculenta,2013-08
MG250108.1,,Begomovirus manihotis,Begomovirus manihotis,ACMV_GH:BU2A:13,DNA-A,"Begomovirus manihotis isolate ACMV_GH:BU2A:13, complete genome",2781,complete,Ghana,Ghana,Manihot esculenta,2013-08
MG250109.1,,Begomovirus manihotis,Begomovirus manihotis,ACMV_GH:BU8A:13,DNA-A,"Begomovirus manihotis isolate ACMV_GH:BU8A:13, complete genome",2782,complete,Ghana,Ghana,Manihot esculenta,2013-08
MG250110.1,,Begomovirus manihotis,Begomovirus manihotis,ACMV_GH:BU9A:13,DNA-A,"Begomovirus manihotis isolate ACMV_GH:BU9A:13, complete genome",2781,complete,Ghana,Ghana,Manihot esculenta,2013-08
MG250111.1,,Begomovirus manihotis,Begomovirus manihotis,ACMV_GH:BU3A:13,DNA-A,"Begomovirus manihotis isolate ACMV_GH:BU3A:13, complete genome",2781,complete,Ghana,Ghana,Manihot esculenta,2013-08
MG250112.1,,Begomovirus manihotis,Begomovirus manihotis,ACMV_GH:BU1A:13,DNA-A,"Begomovirus manihotis isolate ACMV_GH:BU1A:13, complete genome",2781,complete,Ghana,Ghana,Manihot esculenta,2013-08
MG250113.1,,Begomovirus manihotis,Begomovirus manihotis,ACMV_GH:BU7A:13,DNA-A,"Begomovirus manihotis isolate ACMV_GH:BU7A:13, complete genome",2781,complete,Ghana,Ghana,Manihot esculenta,2013-08
MG250114.1,,Begomovirus manihotis,Begomovirus manihotis,ACMV_GH:BU10A:13,DNA-A,"Begomovirus manihotis isolate ACMV_GH:BU10A:13, complete genome",2782,complete,Ghana,Ghana,Manihot esculenta,2013-08
MG250115.1,,Begomovirus manihotis,Begomovirus manihotis,ACMV_GH:BU12A:13,DNA-A,"Begomovirus manihotis isolate ACMV_GH:BU12A:13, complete genome",2781,complete,Ghana,Ghana,Manihot esculenta,2013-08
MG250116.1,,Begomovirus manihotis,Begomovirus manihotis,ACMV_GH:BU11A:13,DNA-A,"Begomovirus manihotis isolate ACMV_GH:BU11A:13, complete genome",2782,complete,Ghana,Ghana,Manihot esculenta,2013-08
MG250117.1,,Begomovirus manihotis,Begomovirus manihotis,ACMV_GH:BU13A:13,DNA-A,"Begomovirus manihotis isolate ACMV_GH:BU13A:13, complete genome",2781,complete,Ghana,Ghana,Manihot esculenta,2013-08
MG250118.1,,Begomovirus manihotis,Begomovirus manihotis,ACMV_GH:BU14A:13,DNA-A,"Begomovirus manihotis isolate ACMV_GH:BU14A:13, complete genome",2781,complete,Ghana,Ghana,Manihot esculenta,2013-08
MG250119.1,,Begomovirus manihotis,Begomovirus manihotis,ACMV_GH:BU4A:13,DNA-A,"Begomovirus manihotis isolate ACMV_GH:BU4A:13, complete genome",2782,complete,Ghana,Ghana,Manihot esculenta,2013-08
MG250120.1,,Begomovirus manihotis,Begomovirus manihotis,ACMV_GH:BW1A:13,DNA-A,"Begomovirus manihotis isolate ACMV_GH:BW1A:13, complete genome",2781,complete,Ghana,Ghana,Manihot esculenta,2013-08
MG250121.1,,Begomovirus manihotis,Begomovirus manihotis,ACMV_GH:BW5A:13,DNA-A,"Begomovirus manihotis isolate ACMV_GH:BW5A:13, complete genome",2781,complete,Ghana,Ghana,Manihot esculenta,2013-08
MG250122.1,,Begomovirus manihotis,Begomovirus manihotis,ACMV_GH:BW6A:13,DNA-A,"Begomovirus manihotis isolate ACMV_GH:BW6A:13, complete genome",2781,complete,Ghana,Ghana,Manihot esculenta,2013-08
MG250123.1,,Begomovirus manihotis,Begomovirus manihotis,ACMV_GH:BW9A:13,DNA-A,"Begomovirus manihotis isolate ACMV_GH:BW9A:13, complete genome",2781,complete,Ghana,Ghana,Manihot esculenta,2013-08
MG250124.1,,Begomovirus manihotis,Begomovirus manihotis,ACMV_GH:BW7A:13,DNA-A,"Begomovirus manihotis isolate ACMV_GH:BW7A:13, complete genome",2781,complete,Ghana,Ghana,Manihot esculenta,2013-08
MG250125.1,,Begomovirus manihotis,Begomovirus manihotis,ACMV_GH:BW8A:13,DNA-A,"Begomovirus manihotis isolate ACMV_GH:BW8A:13, complete genome",2781,complete,Ghana,Ghana,Manihot esculenta,2013-08
MG250126.1,,Begomovirus manihotis,Begomovirus manihotis,ACMV_GH:BW3A:13,DNA-A,"Begomovirus manihotis isolate ACMV_GH:BW3A:13, complete genome",2781,complete,Ghana,Ghana,Manihot esculenta,2013-08
MG250127.1,,Begomovirus manihotis,Begomovirus manihotis,ACMV_GH:BW2A:13,DNA-A,"Begomovirus manihotis isolate ACMV_GH:BW2A:13, complete genome",2782,complete,Ghana,Ghana,Manihot esculenta,2013-08
MG250128.1,,Begomovirus manihotis,Begomovirus manihotis,ACMV_GH:BW4A:13,DNA-A,"Begomovirus manihotis isolate ACMV_GH:BW4A:13, complete genome",2781,complete,Ghana,Ghana,Manihot esculenta,2013-08
MG250129.1,,Begomovirus manihotis,Begomovirus manihotis,ACMV_GH:MO1A:13,DNA-A,"Begomovirus manihotis isolate ACMV_GH:MO1A:13, complete genome",2781,complete,Ghana,Ghana,Manihot esculenta,2013-08
MG250130.1,,Begomovirus manihotis,Begomovirus manihotis,ACMV_GH:MO3A:13,DNA-A,"Begomovirus manihotis isolate ACMV_GH:MO3A:13, complete genome",2782,complete,Ghana,Ghana,Manihot esculenta,2013-08
MG250131.1,,Begomovirus manihotis,Begomovirus manihotis,ACMV_GH:MO4A:13,DNA-A,"Begomovirus manihotis isolate ACMV_GH:MO4A:13, complete genome",2781,complete,Ghana,Ghana,Manihot esculenta,2013-08
MG250132.1,,Begomovirus manihotis,Begomovirus manihotis,ACMV_GH:MO6A:13,DNA-A,"Begomovirus manihotis isolate ACMV_GH:MO6A:13, complete genome",2781,complete,Ghana,Ghana,Manihot esculenta,2013-08
MG250133.1,,Begomovirus manihotis,Begomovirus manihotis,ACMV_GH:MO9A:13,DNA-A,"Begomovirus manihotis isolate ACMV_GH:MO9A:13, complete genome",2781,complete,Ghana,Ghana,Manihot esculenta,2013-08
MG250134.1,,Begomovirus manihotis,Begomovirus manihotis,ACMV_GH:MO11A:13,DNA-A,"Begomovirus manihotis isolate ACMV_GH:MO11A:13, complete genome",2781,complete,Ghana,Ghana,Manihot esculenta,2013-08
MG250135.1,,Begomovirus manihotis,Begomovirus manihotis,ACMV_GH:MO13A:13,DNA-A,"Begomovirus manihotis isolate ACMV_GH:MO13A:13, complete genome",2781,complete,Ghana,Ghana,Manihot esculenta,2013-08
MG250136.1,,Begomovirus manihotis,Begomovirus manihotis,ACMV_GH:MO5A:13,DNA-A,"Begomovirus manihotis isolate ACMV_GH:MO5A:13, complete genome",2781,complete,Ghana,Ghana,Manihot esculenta,2013-08
MG250137.1,,Begomovirus manihotis,Begomovirus manihotis,ACMV_GH:MO2A:13,DNA-A,"Begomovirus manihotis isolate ACMV_GH:MO2A:13, complete genome",2782,complete,Ghana,Ghana,Manihot esculenta,2013-08
MG250138.1,,Begomovirus manihotis,Begomovirus manihotis,ACMV_GH:MO7A:13,DNA-A,"Begomovirus manihotis isolate ACMV_GH:MO7A:13, complete genome",2781,complete,Ghana,Ghana,Manihot esculenta,2013-08
MG250139.1,,Begomovirus manihotis,Begomovirus manihotis,ACMV_GH:MO12A:13,DNA-A,"Begomovirus manihotis isolate ACMV_GH:MO12A:13, complete genome",2781,complete,Ghana,Ghana,Manihot esculenta,2013-08
MG250140.1,,Begomovirus manihotis,Begomovirus manihotis,ACMV_GH:MO10A:13,DNA-A,"Begomovirus manihotis isolate ACMV_GH:MO10A:13, complete genome",2781,complete,Ghana,Ghana,Manihot esculenta,2013-08
MG250141.1,,Begomovirus manihotis,Begomovirus manihotis,ACMV_GH:MO8A:13,DNA-A,"Begomovirus manihotis isolate ACMV_GH:MO8A:13, complete genome",2781,complete,Ghana,Ghana,Manihot esculenta,2013-08
MG250142.1,,Begomovirus manihotis,Begomovirus manihotis,ACMV_GH:MO14A:13,DNA-A,"Begomovirus manihotis isolate ACMV_GH:MO14A:13, complete genome",2781,complete,Ghana,Ghana,Manihot esculenta,2013-08
MG250143.1,,Begomovirus manihotis,Begomovirus manihotis,ACMV_GH:FU1A:13,DNA-A,"Begomovirus manihotis isolate ACMV_GH:FU1A:13, complete genome",2782,complete,Ghana,Ghana,Manihot esculenta,2013-08
MG250144.1,,Begomovirus manihotis,Begomovirus manihotis,ACMV_GH:FU3A:13,DNA-A,"Begomovirus manihotis isolate ACMV_GH:FU3A:13, complete genome",2782,complete,Ghana,Ghana,Manihot esculenta,2013-08
MG250145.1,,Begomovirus manihotis,Begomovirus manihotis,ACMV_GH:FU2A:13,DNA-A,"Begomovirus manihotis isolate ACMV_GH:FU2A:13, complete genome",2781,complete,Ghana,Ghana,Manihot esculenta,2013-08
MG250146.1,,Begomovirus manihotis,Begomovirus manihotis,ACMV_GH:FU4A:13,DNA-A,"Begomovirus manihotis isolate ACMV_GH:FU4A:13, complete genome",2783,complete,Ghana,Ghana,Manihot esculenta,2013-08
MG250147.1,,Begomovirus manihotis,Begomovirus manihotis,ACMV_GH:FM10A:13,DNA-A,"Begomovirus manihotis isolate ACMV_GH:FM10A:13, complete genome",2780,complete,Ghana,Ghana,Manihot esculenta,2013-08
MG250148.1,,Begomovirus manihotis,Begomovirus manihotis,ACMV_GH:FM3A:13,DNA-A,"Begomovirus manihotis isolate ACMV_GH:FM3A:13, complete genome",2780,complete,Ghana,Ghana,Manihot esculenta,2013-08
MG250149.1,,Begomovirus manihotis,Begomovirus manihotis,ACMV_GH:FM4A:13,DNA-A,"Begomovirus manihotis isolate ACMV_GH:FM4A:13, complete genome",2780,complete,Ghana,Ghana,Manihot esculenta,2013-08
MG250150.1,,Begomovirus manihotis,Begomovirus manihotis,ACMV_GH:FM5A:13,DNA-A,"Begomovirus manihotis isolate ACMV_GH:FM5A:13, complete genome",2780,complete,Ghana,Ghana,Manihot esculenta,2013-08
MG250151.1,,Begomovirus manihotis,Begomovirus manihotis,ACMV_GH:FM7A:13,DNA-A,"Begomovirus manihotis isolate ACMV_GH:FM7A:13, complete genome",2780,complete,Ghana,Ghana,Manihot esculenta,2013-08
MG250152.1,,Begomovirus manihotis,Begomovirus manihotis,ACMV_GH:FM2A:13,DNA-A,"Begomovirus manihotis isolate ACMV_GH:FM2A:13, complete genome",2780,complete,Ghana,Ghana,Manihot esculenta,2013-08
MG250153.1,,Begomovirus manihotis,Begomovirus manihotis,ACMV_GH:FM9A:13,DNA-A,"Begomovirus manihotis isolate ACMV_GH:FM9A:13, complete genome",2780,complete,Ghana,Ghana,Manihot esculenta,2013-08
MG250154.1,,Begomovirus manihotis,Begomovirus manihotis,ACMV_GH:FM6A:13,DNA-A,"Begomovirus manihotis isolate ACMV_GH:FM6A:13, complete genome",2780,complete,Ghana,Ghana,Manihot esculenta,2013-08
MG250155.1,,Begomovirus manihotis,Begomovirus manihotis,ACMV_GH:FM8A:13,DNA-A,"Begomovirus manihotis isolate ACMV_GH:FM8A:13, complete genome",2780,complete,Ghana,Ghana,Manihot esculenta,2013-08
MG250156.1,,Begomovirus manihotis,Begomovirus manihotis,ACMV_GH:FM1A:13,DNA-A,"Begomovirus manihotis isolate ACMV_GH:FM1A:13, complete genome",2780,complete,Ghana,Ghana,Manihot esculenta,2013-08
MG250157.1,,Begomovirus manihotis,Begomovirus manihotis,ACMV_GH:FM12A:13,DNA-A,"Begomovirus manihotis isolate ACMV_GH:FM12A:13, complete genome",2781,complete,Ghana,Ghana,Manihot esculenta,2013-08
MG250158.1,,Begomovirus manihotis,Begomovirus manihotis,ACMV_GH:FM11A:13,DNA-A,"Begomovirus manihotis isolate ACMV_GH:FM11A:13, complete genome",2781,complete,Ghana,Ghana,Manihot esculenta,2013-08
MG250159.1,,Begomovirus manihotis,Begomovirus manihotis,ACMV_GH:FM14A:13,DNA-A,"Begomovirus manihotis isolate ACMV_GH:FM14A:13, complete genome",2781,complete,Ghana,Ghana,Manihot esculenta,2013-08
MG250160.1,,Begomovirus manihotis,Begomovirus manihotis,ACMV_GH:FM13A:13,DNA-A,"Begomovirus manihotis isolate ACMV_GH:FM13A:13, complete genome",2781,complete,Ghana,Ghana,Manihot esculenta,2013-08
KR476371.1,,Begomovirus manihotis,Begomovirus manihotis,BN:Con1017:14,DNA-A,"Begomovirus manihotis isolate BN:Con1017:14 segment DNA-A, complete sequence",2781,complete,Benin,Benin,Manihot esculenta,2014-08-10
KR476372.1,,Begomovirus manihotis,Begomovirus manihotis,TG:Con2:14,DNA-A,"Begomovirus manihotis isolate TG:Con2:14 segment DNA-A, complete sequence",2781,complete,Togo,Togo,Manihot esculenta,2014-08-10
KR476373.1,,Begomovirus manihotis,Begomovirus manihotis,BN:Con1058:14,DNA-B,"Begomovirus manihotis isolate BN:Con1058:14 segment DNA-B, complete sequence",2727,complete,Benin,Benin,Manihot esculenta,2014-08-10
KR476374.1,,Begomovirus manihotis,Begomovirus manihotis,TG:Con5:14,DNA-B,"Begomovirus manihotis isolate TG:Con5:14 segment DNA-B, complete sequence",2727,complete,Togo,Togo,Manihot esculenta,2014-08-10
KJ887582.1,,Begomovirus manihotis,Begomovirus manihotis,CF:CF4BN:07,B,"African cassava mosaic virus isolate CF:CF4BN:07 segment B, complete sequence",2728,complete,Central African Republic,Central African Republic,Manihot esculenta,2007-08-07
KJ887583.1,,Begomovirus manihotis,Begomovirus manihotis,CF:CF6BE:07,B,"African cassava mosaic virus isolate CF:CF6BE:07 segment B, complete sequence",2724,complete,Central African Republic,Central African Republic,Manihot esculenta,2007-08-07
KJ887584.1,,Begomovirus manihotis,Begomovirus manihotis,CF:CF9BE:07,B,"African cassava mosaic virus isolate CF:CF9BE:07 segment B, complete sequence",2728,complete,Central African Republic,Central African Republic,Manihot esculenta,2007-08-09
KJ887585.1,,Begomovirus manihotis,Begomovirus manihotis,CF:CF11B:07,B,"African cassava mosaic virus isolate CF:CF11B:07 segment B, complete sequence",2727,complete,Central African Republic,Central African Republic,Manihot esculenta,2007-08-09
KJ887586.1,,Begomovirus manihotis,Begomovirus manihotis,CF:CF21BN1:07,B,"African cassava mosaic virus isolate CF:CF21BN1:07 segment B, complete sequence",2727,complete,Central African Republic,Central African Republic,Manihot esculenta,2007-08-10
KJ887587.1,,Begomovirus manihotis,Begomovirus manihotis,CF:CF21BN2:07,B,"African cassava mosaic virus isolate CF:CF21BN2:07 segment B, complete sequence",2727,complete,Central African Republic,Central African Republic,Manihot esculenta,2007-08-10
KJ887588.1,,Begomovirus manihotis,Begomovirus manihotis,CF:CF25BE:07,B,"African cassava mosaic virus isolate CF:CF25BE:07 segment B, complete sequence",2730,complete,Central African Republic,Central African Republic,Manihot esculenta,2007-08-10
KJ887589.1,,Begomovirus manihotis,Begomovirus manihotis,CF:CF25BN:07,B,"African cassava mosaic virus isolate CF:CF25BN:07 segment B, complete sequence",2727,complete,Central African Republic,Central African Republic,Manihot esculenta,2007-08-10
KJ887590.1,,Begomovirus manihotis,Begomovirus manihotis,CF:CF27BE:07,B,"African cassava mosaic virus isolate CF:CF27BE:07 segment B, complete sequence",2727,complete,Central African Republic,Central African Republic,Manihot esculenta,2007-08-10
KJ887591.1,,Begomovirus manihotis,Begomovirus manihotis,CF:CF29BE:07,B,"African cassava mosaic virus isolate CF:CF29BE:07 segment B, complete sequence",2727,complete,Central African Republic,Central African Republic,Manihot esculenta,2000-10
KJ887592.1,,Begomovirus manihotis,Begomovirus manihotis,CF:CF29BN:07,B,"African cassava mosaic virus isolate CF:CF29BN:07 segment B, complete sequence",2727,complete,Central African Republic,Central African Republic,Manihot esculenta,2000-10
KJ887593.1,,Begomovirus manihotis,Begomovirus manihotis,CF:CF30BE:07,B,"African cassava mosaic virus isolate CF:CF30BE:07 segment B, complete sequence",2722,complete,Central African Republic,Central African Republic,Manihot esculenta,2000-10
KJ887594.1,,Begomovirus manihotis,Begomovirus manihotis,CF:CF33BE:07,B,"African cassava mosaic virus isolate CF:CF33BE:07 segment B, complete sequence",2728,complete,Central African Republic,Central African Republic,Manihot esculenta,2007-08-13
KJ887595.1,,Begomovirus manihotis,Begomovirus manihotis,CF:CF37BE:07,B,"African cassava mosaic virus isolate CF:CF37BE:07 segment B, complete sequence",2723,complete,Central African Republic,Central African Republic,Manihot esculenta,2007-08-13
KJ887596.1,,Begomovirus manihotis,Begomovirus manihotis,CF:CF39BE:07,B,"African cassava mosaic virus isolate CF:CF39BE:07 segment B, complete sequence",2725,complete,Central African Republic,Central African Republic,Manihot esculenta,2007-08-13
KJ887597.1,,Begomovirus manihotis,Begomovirus manihotis,CF:CF41BE:07,B,"African cassava mosaic virus isolate CF:CF41BE:07 segment B, complete sequence",2725,complete,Central African Republic,Central African Republic,Manihot esculenta,2007-08-13
KJ887598.1,,Begomovirus manihotis,Begomovirus manihotis,CF:CF46BE:07,B,"African cassava mosaic virus isolate CF:CF46BE:07 segment B, complete sequence",2727,complete,Central African Republic,Central African Republic,Manihot esculenta,2007-08-13
KJ887599.1,,Begomovirus manihotis,Begomovirus manihotis,CF:CF52BE:07,B,"African cassava mosaic virus isolate CF:CF52BE:07 segment B, complete sequence",2727,complete,Central African Republic,Central African Republic,Manihot esculenta,2007-08-14
KJ887600.1,,Begomovirus manihotis,Begomovirus manihotis,CF:CF54BE:07,B,"African cassava mosaic virus isolate CF:CF54BE:07 segment B, complete sequence",2728,complete,Central African Republic,Central African Republic,Manihot esculenta,2007-08-14
KJ887601.1,,Begomovirus manihotis,Begomovirus manihotis,CF:CF59BE:07,B,"African cassava mosaic virus isolate CF:CF59BE:07 segment B, complete sequence",2719,complete,Central African Republic,Central African Republic,Manihot esculenta,2007-08-14
KJ887602.1,,Begomovirus manihotis,Begomovirus manihotis,CF:CF63BN1:07,B,"African cassava mosaic virus isolate CF:CF63BN1:07 segment B, complete sequence",2728,complete,Central African Republic,Central African Republic,Manihot esculenta,2007-08-16
KJ887603.1,,Begomovirus manihotis,Begomovirus manihotis,CF:CF63BN2:07,B,"African cassava mosaic virus isolate CF:CF63BN2:07 segment B, complete sequence",2728,complete,Central African Republic,Central African Republic,Manihot esculenta,2007-08-16
KJ887604.1,,Begomovirus manihotis,Begomovirus manihotis,CF:CF64BE:07,B,"African cassava mosaic virus isolate CF:CF64BE:07 segment B, complete sequence",2725,complete,Central African Republic,Central African Republic,Manihot esculenta,2007-08-16
KJ887605.1,,Begomovirus manihotis,Begomovirus manihotis,CF:CF74BE:07,B,"African cassava mosaic virus isolate CF:CF74BE:07 segment B, complete sequence",2728,complete,Central African Republic,Central African Republic,Manihot esculenta,2007-08-18
KJ887606.1,,Begomovirus manihotis,Begomovirus manihotis,CF:CF75BE:07,B,"African cassava mosaic virus isolate CF:CF75BE:07 segment B, complete sequence",2727,complete,Central African Republic,Central African Republic,Manihot esculenta,2007-08-18
KJ887607.1,,Begomovirus manihotis,Begomovirus manihotis,CF:CF78BN:07,B,"African cassava mosaic virus isolate CF:CF78BN:07 segment B, complete sequence",2727,complete,Central African Republic,Central African Republic,Manihot esculenta,2007-08-19
KJ887608.1,,Begomovirus manihotis,Begomovirus manihotis,CF:CF79BE:07,B,"African cassava mosaic virus isolate CF:CF79BE:07 segment B, complete sequence",2733,complete,Central African Republic,Central African Republic,Manihot esculenta,2007-08-19
KJ887609.1,,Begomovirus manihotis,Begomovirus manihotis,CF:CF84BN:07,B,"African cassava mosaic virus isolate CF:CF84BN:07 segment B, complete sequence",2722,complete,Central African Republic,Central African Republic,Manihot esculenta,2007-08-20
KJ887610.1,,Begomovirus manihotis,Begomovirus manihotis,CF:CF87BE:07,B,"African cassava mosaic virus isolate CF:CF87BE:07 segment B, complete sequence",2741,complete,Central African Republic,Central African Republic,Manihot esculenta,2007-08-20
KJ887611.1,,Begomovirus manihotis,Begomovirus manihotis,CF:CF92BE:07,B,"African cassava mosaic virus isolate CF:CF92BE:07 segment B, complete sequence",2744,complete,Central African Republic,Central African Republic,Manihot esculenta,2007-08-21
KJ887612.1,,Begomovirus manihotis,Begomovirus manihotis,CF:CF96BN:07,B,"African cassava mosaic virus isolate CF:CF96BN:07 segment B, complete sequence",2741,complete,Central African Republic,Central African Republic,Manihot esculenta,2007-08-21
KJ887613.1,,Begomovirus manihotis,Begomovirus manihotis,CF:CF100BE:07,B,"African cassava mosaic virus isolate CF:CF100BE:07 segment B, complete sequence",2730,complete,Central African Republic,Central African Republic,Manihot esculenta,2007-08-24
KJ887614.1,,Begomovirus manihotis,Begomovirus manihotis,CF:CF104BE:07,B,"African cassava mosaic virus isolate CF:CF104BE:07 segment B, complete sequence",2729,complete,Central African Republic,Central African Republic,Manihot esculenta,2007-08-25
KJ887615.1,,Begomovirus manihotis,Begomovirus manihotis,CF:CF107BE:07,B,"African cassava mosaic virus isolate CF:CF107BE:07 segment B, complete sequence",2730,complete,Central African Republic,Central African Republic,Manihot esculenta,2007-08-25
KJ887616.1,,Begomovirus manihotis,Begomovirus manihotis,CF:CF108BE:07,B,"African cassava mosaic virus isolate CF:CF108BE:07 segment B, complete sequence",2727,complete,Central African Republic,Central African Republic,Manihot esculenta,2007-08-25
KJ887617.1,,Begomovirus manihotis,Begomovirus manihotis,CF:CF116BE:07,B,"African cassava mosaic virus isolate CF:CF116BE:07 segment B, complete sequence",2723,complete,Central African Republic,Central African Republic,Manihot esculenta,2007-08-26
KJ887618.1,,Begomovirus manihotis,Begomovirus manihotis,CF:CF121BE:07,B,"African cassava mosaic virus isolate CF:CF121BE:07 segment B, complete sequence",2725,complete,Central African Republic,Central African Republic,Manihot esculenta,2007-08-26
KJ887619.1,,Begomovirus manihotis,Begomovirus manihotis,CF:CF127BE:07,B,"African cassava mosaic virus isolate CF:CF127BE:07 segment B, complete sequence",2730,complete,Central African Republic,Central African Republic,Manihot esculenta,2007-08-26
KJ887620.1,,Begomovirus manihotis,Begomovirus manihotis,CF:CF127BN:07,B,"African cassava mosaic virus isolate CF:CF127BN:07 segment B, complete sequence",2729,complete,Central African Republic,Central African Republic,Manihot esculenta,2007-08-26
KJ887621.1,,Begomovirus manihotis,Begomovirus manihotis,CF:CF133BE:07,B,"African cassava mosaic virus isolate CF:CF133BE:07 segment B, complete sequence",2728,complete,Central African Republic,Central African Republic,Manihot esculenta,2007-08-27
KJ887622.1,,Begomovirus manihotis,Begomovirus manihotis,CF:CF137BE:07,B,"African cassava mosaic virus isolate CF:CF137BE:07 segment B, complete sequence",2731,complete,Central African Republic,Central African Republic,Manihot esculenta,2007-08-28
KJ887623.1,,Begomovirus manihotis,Begomovirus manihotis,CF:CF145BE:07,B,"African cassava mosaic virus isolate CF:CF145BE:07 segment B, complete sequence",2727,complete,Central African Republic,Central African Republic,Manihot esculenta,2007-08-29
KJ887624.1,,Begomovirus manihotis,Begomovirus manihotis,CF:CF247BE:07,B,"African cassava mosaic virus isolate CF:CF247BE:07 segment B, complete sequence",2728,complete,Central African Republic,Central African Republic,Manihot esculenta,2007
KJ887625.1,,Begomovirus manihotis,Begomovirus manihotis,CF:CF268BN:08,B,"African cassava mosaic virus isolate CF:CF268BN:08 segment B, complete sequence",2727,complete,Central African Republic,Central African Republic,Manihot esculenta,2008
KJ887626.1,,Begomovirus manihotis,Begomovirus manihotis,CF:CF279BE:08,B,"African cassava mosaic virus isolate CF:CF279BE:08 segment B, complete sequence",2726,complete,Central African Republic,Central African Republic,Manihot esculenta,2008
KJ887627.1,,Begomovirus manihotis,Begomovirus manihotis,CF:CF299BN:08,B,"African cassava mosaic virus isolate CF:CF299BN:08 segment B, complete sequence",2728,complete,Central African Republic,Central African Republic,Manihot esculenta,2008
KJ887628.1,,Begomovirus manihotis,Begomovirus manihotis,CF:CF316BE:08,B,"African cassava mosaic virus isolate CF:CF316BE:08 segment B, complete sequence",2731,complete,Central African Republic,Central African Republic,Manihot esculenta,2008
KJ887629.1,,Begomovirus manihotis,Begomovirus manihotis,CF:CF345BE:08,B,"African cassava mosaic virus isolate CF:CF345BE:08 segment B, complete sequence",2727,complete,Central African Republic,Central African Republic,Manihot esculenta,2008
KJ887630.1,,Begomovirus manihotis,Begomovirus manihotis,CF:CF356BE:08,B,"African cassava mosaic virus isolate CF:CF356BE:08 segment B, complete sequence",2727,complete,Central African Republic,Central African Republic,Manihot esculenta,2008
KJ887631.1,,Begomovirus manihotis,Begomovirus manihotis,CF:CF361BN:07,B,"African cassava mosaic virus isolate CF:CF361BN:07 segment B, complete sequence",2726,complete,Central African Republic,Central African Republic,Manihot esculenta,2007-08-13
KJ887632.1,,Begomovirus manihotis,Begomovirus manihotis,CF:CF362BN:07,B,"African cassava mosaic virus isolate CF:CF362BN:07 segment B, complete sequence",2727,complete,Central African Republic,Central African Republic,Manihot esculenta,2007-08-13
KJ887634.1,,Begomovirus manihotis,Begomovirus manihotis,MG:MG3C2:05,B,"African cassava mosaic virus isolate MG:MG3C2:05 segment B, complete sequence",2743,complete,Madagascar,Madagascar,Manihot esculenta,2005-12-14
KJ887636.1,,Begomovirus manihotis,Begomovirus manihotis,MG:MG12B10:06,B,"African cassava mosaic virus isolate MG:MG12B10:06 segment B, complete sequence",2741,complete,Madagascar,Madagascar,Manihot esculenta,2006-03-31
KJ887637.1,,Begomovirus manihotis,Begomovirus manihotis,MG:MG13B10:06,B,"African cassava mosaic virus isolate MG:MG13B10:06 segment B, complete sequence",2735,complete,Madagascar,Madagascar,Manihot esculenta,2006-03-26
KJ887638.1,,Begomovirus manihotis,Begomovirus manihotis,MG:MG15B2:06,B,"African cassava mosaic virus isolate MG:MG15B2:06 segment B, complete sequence",2738,complete,Madagascar,Madagascar,Manihot esculenta,2006-04-06
KJ887651.1,,Begomovirus manihotis,Begomovirus manihotis,MG:MG53B13:06,B,"African cassava mosaic virus isolate MG:MG53B13:06 segment B, complete sequence",2721,complete,Madagascar,Madagascar,Manihot esculenta,2006-11-16
KJ887681.1,,Begomovirus manihotis,Begomovirus manihotis,MG:MG214B15:08,B,"African cassava mosaic virus isolate MG:MG214B15:08 segment B, complete sequence",2741,complete,Madagascar,Madagascar,Manihot esculenta,2008-05-09
KJ887692.1,,Begomovirus manihotis,Begomovirus manihotis,MG:MG312A5:10,B,"African cassava mosaic virus isolate MG:MG312A5:10 segment B, complete sequence",2740,complete,Madagascar,Madagascar,Manihot esculenta,2010-05-05
KJ887705.1,,Begomovirus manihotis,Begomovirus manihotis,MG:MG343B1:11,B,"African cassava mosaic virus isolate MG:MG343B1:11 segment B, complete sequence",2741,complete,Madagascar,Madagascar,Manihot esculenta,2011-05-23
KJ887706.1,,Begomovirus manihotis,Begomovirus manihotis,MG:MG343B6:11,B,"African cassava mosaic virus isolate MG:MG343B6:11 segment B, complete sequence",2740,complete,Madagascar,Madagascar,Manihot esculenta,2011-05-23
KJ887707.1,,Begomovirus manihotis,Begomovirus manihotis,MG:MG349B1:11,B,"African cassava mosaic virus isolate MG:MG349B1:11 segment B, complete sequence",2739,complete,Madagascar,Madagascar,Manihot esculenta,2011-05-23
KJ887710.1,,Begomovirus manihotis,Begomovirus manihotis,MG:MG379B1:11,B,"African cassava mosaic virus isolate MG:MG379B1:11 segment B, complete sequence",2742,complete,Madagascar,Madagascar,Manihot esculenta,2011-05-24
KJ887739.1,,Begomovirus manihotis,Begomovirus manihotis,MG:MG619B2:11,B,"African cassava mosaic virus isolate MG:MG619B2:11 segment B, complete sequence",2724,complete,Madagascar,Madagascar,Manihot esculenta,2011-07-03
KJ887741.1,,Begomovirus manihotis,Begomovirus manihotis,MG:MG624B3:11,B,"African cassava mosaic virus isolate MG:MG624B3:11 segment B, complete sequence",2738,complete,Madagascar,Madagascar,Manihot esculenta,2011-07-03
KJ887743.1,,Begomovirus manihotis,Begomovirus manihotis,MG:MG648B2:11,B,"African cassava mosaic virus isolate MG:MG648B2:11 segment B, complete sequence",2738,complete,Madagascar,Madagascar,Manihot esculenta,2011-07-04
KJ887744.1,,Begomovirus manihotis,Begomovirus manihotis,MG:MG688B1:11,B,"African cassava mosaic virus isolate MG:MG688B1:11 segment B, complete sequence",2738,complete,Madagascar,Madagascar,Manihot esculenta,2011-07-06
KJ887750.1,,Begomovirus manihotis,Begomovirus manihotis,TD:TD2BE:08,B,"African cassava mosaic virus isolate TD:TD2BE:08 segment B, complete sequence",2728,complete,Chad,Chad,Manihot esculenta,2008
KJ887751.1,,Begomovirus manihotis,Begomovirus manihotis,TD:TD3B:08,B,"African cassava mosaic virus isolate TD:TD3B:08 segment B, complete sequence",2728,complete,Chad,Chad,Manihot esculenta,2008
KJ887752.1,,Begomovirus manihotis,Begomovirus manihotis,TD:TD63BE:08,B,"African cassava mosaic virus isolate TD:TD63BE:08 segment B, complete sequence",2734,complete,Chad,Chad,Manihot esculenta,2008
KJ887753.1,,Begomovirus manihotis,Begomovirus manihotis,CF:CF1AB:07,A,"African cassava mosaic virus isolate CF:CF1AB:07 segment A, complete sequence",2781,complete,Central African Republic,Central African Republic,Manihot esculenta,2007-08-07
KJ887754.1,,Begomovirus manihotis,Begomovirus manihotis,CF:CF1AN:07,A,"African cassava mosaic virus isolate CF:CF1AN:07 segment A, complete sequence",2781,complete,Central African Republic,Central African Republic,Manihot esculenta,2007-08-07
KJ887755.1,,Begomovirus manihotis,Begomovirus manihotis,CF:CF2AB:07,A,"African cassava mosaic virus isolate CF:CF2AB:07 segment A, complete sequence",2781,complete,Central African Republic,Central African Republic,Manihot esculenta,2007-08-07
KJ887756.1,,Begomovirus manihotis,Begomovirus manihotis,CF:CF4AB:07,A,"African cassava mosaic virus isolate CF:CF4AB:07 segment A, complete sequence",2780,complete,Central African Republic,Central African Republic,Manihot esculenta,2007-08-07
KJ887757.1,,Begomovirus manihotis,Begomovirus manihotis,CF:CF5AB:07,A,"African cassava mosaic virus isolate CF:CF5AB:07 segment A, complete sequence",2780,complete,Central African Republic,Central African Republic,Manihot esculenta,2007-08-07
KJ887758.1,,Begomovirus manihotis,Begomovirus manihotis,CF:CF6AB:07,A,"African cassava mosaic virus isolate CF:CF6AB:07 segment A, complete sequence",2781,complete,Central African Republic,Central African Republic,Manihot esculenta,2007-08-07
KJ887759.1,,Begomovirus manihotis,Begomovirus manihotis,CF:CF7AB:07,A,"African cassava mosaic virus isolate CF:CF7AB:07 segment A, complete sequence",2781,complete,Central African Republic,Central African Republic,Manihot esculenta,2007-08-09
KJ887760.1,,Begomovirus manihotis,Begomovirus manihotis,CF:CF7AN:07,A,"African cassava mosaic virus isolate CF:CF7AN:07 segment A, complete sequence",2780,complete,Central African Republic,Central African Republic,Manihot esculenta,2007-08-09
KJ887761.1,,Begomovirus manihotis,Begomovirus manihotis,CF:CF14AB:07,A,"African cassava mosaic virus isolate CF:CF14AB:07 segment A, complete sequence",2781,complete,Central African Republic,Central African Republic,Manihot esculenta,2007-08-09
KJ887762.1,,Begomovirus manihotis,Begomovirus manihotis,CF:CF15AB:07,A,"African cassava mosaic virus isolate CF:CF15AB:07 segment A, complete sequence",2781,complete,Central African Republic,Central African Republic,Manihot esculenta,2007-08-09
KJ887763.1,,Begomovirus manihotis,Begomovirus manihotis,CF:CF17AB:07,A,"African cassava mosaic virus isolate CF:CF17AB:07 segment A, complete sequence",2781,complete,Central African Republic,Central African Republic,Manihot esculenta,2007-08-09
KJ887764.1,,Begomovirus manihotis,Begomovirus manihotis,CF:CF17AN:07,A,"African cassava mosaic virus isolate CF:CF17AN:07 segment A, complete sequence",2781,complete,Central African Republic,Central African Republic,Manihot esculenta,2007-08-09
KJ887765.1,,Begomovirus manihotis,Begomovirus manihotis,CF:CF20AN:07,A,"African cassava mosaic virus isolate CF:CF20AN:07 segment A, complete sequence",2784,complete,Central African Republic,Central African Republic,Manihot esculenta,2007-08-10
KJ887766.1,,Begomovirus manihotis,Begomovirus manihotis,CF:CF21AB:07,A,"African cassava mosaic virus isolate CF:CF21AB:07 segment A, complete sequence",2781,complete,Central African Republic,Central African Republic,Manihot esculenta,2007-08-10
KJ887767.1,,Begomovirus manihotis,Begomovirus manihotis,CF:CF22AB:07,A,"African cassava mosaic virus isolate CF:CF22AB:07 segment A, complete sequence",2781,complete,Central African Republic,Central African Republic,Manihot esculenta,2007-08-10
KJ887768.1,,Begomovirus manihotis,Begomovirus manihotis,CF:CF27AB:07,A,"African cassava mosaic virus isolate CF:CF27AB:07 segment A, complete sequence",2783,complete,Central African Republic,Central African Republic,Manihot esculenta,2007-08-10
KJ887769.1,,Begomovirus manihotis,Begomovirus manihotis,CF:CF27AN:07,A,"African cassava mosaic virus isolate CF:CF27AN:07 segment A, complete sequence",2785,complete,Central African Republic,Central African Republic,Manihot esculenta,2007-08-10
KJ887770.1,,Begomovirus manihotis,Begomovirus manihotis,CF:CF32AB:07,A,"African cassava mosaic virus isolate CF:CF32AB:07 segment A, complete sequence",2781,complete,Central African Republic,Central African Republic,Manihot esculenta,2007-08-13
KJ887771.1,,Begomovirus manihotis,Begomovirus manihotis,CF:CF39AB:07,A,"African cassava mosaic virus isolate CF:CF39AB:07 segment A, complete sequence",2780,complete,Central African Republic,Central African Republic,Manihot esculenta,2007-08-13
KJ887772.1,,Begomovirus manihotis,Begomovirus manihotis,CF:CF42AB:07,A,"African cassava mosaic virus isolate CF:CF42AB:07 segment A, complete sequence",2781,complete,Central African Republic,Central African Republic,Manihot esculenta,2007-08-13
KJ887773.1,,Begomovirus manihotis,Begomovirus manihotis,CF:CF48AB:07,A,"African cassava mosaic virus isolate CF:CF48AB:07 segment A, complete sequence",2781,complete,Central African Republic,Central African Republic,Manihot esculenta,2007-08-13
KJ887774.1,,Begomovirus manihotis,Begomovirus manihotis,CF:CF49AB:07,A,"African cassava mosaic virus isolate CF:CF49AB:07 segment A, complete sequence",2782,complete,Central African Republic,Central African Republic,Manihot esculenta,2007-08-14
KJ887775.1,,Begomovirus manihotis,Begomovirus manihotis,CF:CF49AN:07,A,"African cassava mosaic virus isolate CF:CF49AN:07 segment A, complete sequence",2780,complete,Central African Republic,Central African Republic,Manihot esculenta,2007-08-14
KJ887776.1,,Begomovirus manihotis,Begomovirus manihotis,CF:CF54AN:07,A,"African cassava mosaic virus isolate CF:CF54AN:07 segment A, complete sequence",2780,complete,Central African Republic,Central African Republic,Manihot esculenta,2007-08-14
KJ887777.1,,Begomovirus manihotis,Begomovirus manihotis,CF:CF60AB:07,A,"African cassava mosaic virus isolate CF:CF60AB:07 segment A, complete sequence",2781,complete,Central African Republic,Central African Republic,Manihot esculenta,2007-08-14
KJ887778.1,,Begomovirus manihotis,Begomovirus manihotis,CF:CF64AB:07,A,"African cassava mosaic virus isolate CF:CF64AB:07 segment A, complete sequence",2781,complete,Central African Republic,Central African Republic,Manihot esculenta,2007-08-16
KJ887779.1,,Begomovirus manihotis,Begomovirus manihotis,CF:CF68AB:07,A,"African cassava mosaic virus isolate CF:CF68AB:07 segment A, complete sequence",2781,complete,Central African Republic,Central African Republic,Manihot esculenta,2007-08-17
KJ887780.1,,Begomovirus manihotis,Begomovirus manihotis,CF:CF72AB:07,A,"African cassava mosaic virus isolate CF:CF72AB:07 segment A, complete sequence",2781,complete,Central African Republic,Central African Republic,Manihot esculenta,2007-08-18
KJ887781.1,,Begomovirus manihotis,Begomovirus manihotis,CF:CF73AB:07,A,"African cassava mosaic virus isolate CF:CF73AB:07 segment A, complete sequence",2781,complete,Central African Republic,Central African Republic,Manihot esculenta,2007-08-18
KJ887782.1,,Begomovirus manihotis,Begomovirus manihotis,CF:CF78A:07,A,"African cassava mosaic virus isolate CF:CF78A:07 segment A, complete sequence",2781,complete,Central African Republic,Central African Republic,Manihot esculenta,2007-08-19
KJ887783.1,,Begomovirus manihotis,Begomovirus manihotis,CF:CF80AB:07,A,"African cassava mosaic virus isolate CF:CF80AB:07 segment A, complete sequence",2781,complete,Central African Republic,Central African Republic,Manihot esculenta,2007-08-19
KJ887784.1,,Begomovirus manihotis,Begomovirus manihotis,CF:CF87AB1:07,A,"African cassava mosaic virus isolate CF:CF87AB1:07 segment A, complete sequence",2781,complete,Central African Republic,Central African Republic,Manihot esculenta,2007-08-20
KJ887785.1,,Begomovirus manihotis,Begomovirus manihotis,CF:CF87AB2:07,A,"African cassava mosaic virus isolate CF:CF87AB2:07 segment A, complete sequence",2781,complete,Central African Republic,Central African Republic,Manihot esculenta,2007-08-20
KJ887786.1,,Begomovirus manihotis,Begomovirus manihotis,CF:CF88AB:07,A,"African cassava mosaic virus isolate CF:CF88AB:07 segment A, complete sequence",2783,complete,Central African Republic,Central African Republic,Manihot esculenta,2007-08-20
KJ887787.1,,Begomovirus manihotis,Begomovirus manihotis,CF:CF92AN:07,A,"African cassava mosaic virus isolate CF:CF92AN:07 segment A, complete sequence",2783,complete,Central African Republic,Central African Republic,Manihot esculenta,2007-08-21
KJ887788.1,,Begomovirus manihotis,Begomovirus manihotis,CF:CF94AN:07,A,"African cassava mosaic virus isolate CF:CF94AN:07 segment A, complete sequence",2783,complete,Central African Republic,Central African Republic,Manihot esculenta,2007-08-21
KJ887789.1,,Begomovirus manihotis,Begomovirus manihotis,CF:CF100AB:07,A,"African cassava mosaic virus isolate CF:CF100AB:07 segment A, complete sequence",2783,complete,Central African Republic,Central African Republic,Manihot esculenta,2007-08-24
KJ887790.1,,Begomovirus manihotis,Begomovirus manihotis,CF:CF101AN:07,A,"African cassava mosaic virus isolate CF:CF101AN:07 segment A, complete sequence",2781,complete,Central African Republic,Central African Republic,Manihot esculenta,2007-08-24
KJ887791.1,,Begomovirus manihotis,Begomovirus manihotis,CF:CF108AB:07,A,"African cassava mosaic virus isolate CF:CF108AB:07 segment A, complete sequence",2783,complete,Central African Republic,Central African Republic,Manihot esculenta,2007-08-25
KJ887792.1,,Begomovirus manihotis,Begomovirus manihotis,CF:CF112AB:07,A,"African cassava mosaic virus isolate CF:CF112AB:07 segment A, complete sequence",2781,complete,Central African Republic,Central African Republic,Manihot esculenta,2007-08-25
KJ887793.1,,Begomovirus manihotis,Begomovirus manihotis,CF:CF114AB1:07,A,"African cassava mosaic virus isolate CF:CF114AB1:07 segment A, complete sequence",2780,complete,Central African Republic,Central African Republic,Manihot esculenta,2007-08-25
KJ887794.1,,Begomovirus manihotis,Begomovirus manihotis,CF:CF114AB2:07,A,"African cassava mosaic virus isolate CF:CF114AB2:07 segment A, complete sequence",2780,complete,Central African Republic,Central African Republic,Manihot esculenta,2007-08-25
KJ887795.1,,Begomovirus manihotis,Begomovirus manihotis,CF:CF114AB3:07,A,"African cassava mosaic virus isolate CF:CF114AB3:07 segment A, complete sequence",2782,complete,Central African Republic,Central African Republic,Manihot esculenta,2007-08-25
KJ887796.1,,Begomovirus manihotis,Begomovirus manihotis,CF:CF116AB:07,A,"African cassava mosaic virus isolate CF:CF116AB:07 segment A, complete sequence",2782,complete,Central African Republic,Central African Republic,Manihot esculenta,2007-08-26
KJ887797.1,,Begomovirus manihotis,Begomovirus manihotis,CF:CF118AB1:07,A,"African cassava mosaic virus isolate CF:CF118AB1:07 segment A, complete sequence",2783,complete,Central African Republic,Central African Republic,Manihot esculenta,2007-08-26
KJ887798.1,,Begomovirus manihotis,Begomovirus manihotis,CF:CF118AB:07,A,"African cassava mosaic virus isolate CF:CF118AB:07 segment A, complete sequence",2783,complete,Central African Republic,Central African Republic,Manihot esculenta,2007-08-26
KJ887799.1,,Begomovirus manihotis,Begomovirus manihotis,CF:CF121AB:07,A,"African cassava mosaic virus isolate CF:CF121AB:07 segment A, complete sequence",2781,complete,Central African Republic,Central African Republic,Manihot esculenta,2007-08-26
KJ887800.1,,Begomovirus manihotis,Begomovirus manihotis,CF:CF124AN:07,A,"African cassava mosaic virus isolate CF:CF124AN:07 segment A, complete sequence",2783,complete,Central African Republic,Central African Republic,Manihot esculenta,2007-08-26
KJ887801.1,,Begomovirus manihotis,Begomovirus manihotis,CF:CF125AN:07,A,"African cassava mosaic virus isolate CF:CF125AN:07 segment A, complete sequence",2781,complete,Central African Republic,Central African Republic,Manihot esculenta,2007-08-26
KJ887802.1,,Begomovirus manihotis,Begomovirus manihotis,CF:CF127AB:07,A,"African cassava mosaic virus isolate CF:CF127AB:07 segment A, complete sequence",2782,complete,Central African Republic,Central African Republic,Manihot esculenta,2007-08-26
KJ887803.1,,Begomovirus manihotis,Begomovirus manihotis,CF:CF143AN:07,A,"African cassava mosaic virus isolate CF:CF143AN:07 segment A, complete sequence",2783,complete,Central African Republic,Central African Republic,Manihot esculenta,2007-08-29
KJ887804.1,,Begomovirus manihotis,Begomovirus manihotis,CF:CF144AN:07,A,"African cassava mosaic virus isolate CF:CF144AN:07 segment A, complete sequence",2781,complete,Central African Republic,Central African Republic,Manihot esculenta,2007-08-29
KJ887805.1,,Begomovirus manihotis,Begomovirus manihotis,CF:CF147AB:07,A,"African cassava mosaic virus isolate CF:CF147AB:07 segment A, complete sequence",2783,complete,Central African Republic,Central African Republic,Manihot esculenta,2007-08-29
KJ887806.1,,Begomovirus manihotis,Begomovirus manihotis,CF:CF149AB1:07,A,"African cassava mosaic virus isolate CF:CF149AB1:07 segment A, complete sequence",2780,complete,Central African Republic,Central African Republic,Manihot esculenta,2007-08-29
KJ887807.1,,Begomovirus manihotis,Begomovirus manihotis,CF:CF149AB2:07,A,"African cassava mosaic virus isolate CF:CF149AB2:07 segment A, complete sequence",2781,complete,Central African Republic,Central African Republic,Manihot esculenta,2007-08-29
KJ887808.1,,Begomovirus manihotis,Begomovirus manihotis,CF:CF151AB:07,A,"African cassava mosaic virus isolate CF:CF151AB:07 segment A, complete sequence",2781,complete,Central African Republic,Central African Republic,Manihot esculenta,2007-08-30
KJ887809.1,,Begomovirus manihotis,Begomovirus manihotis,CF:CF160AB:08,A,"African cassava mosaic virus isolate CF:CF160AB:08 segment A, complete sequence",2782,complete,Central African Republic,Central African Republic,Manihot esculenta,2008-01-16
KJ887810.1,,Begomovirus manihotis,Begomovirus manihotis,CF:CF161AB:08,A,"African cassava mosaic virus isolate CF:CF161AB:08 segment A, complete sequence",2779,complete,Central African Republic,Central African Republic,Manihot esculenta,2008-01-16
KJ887811.1,,Begomovirus manihotis,Begomovirus manihotis,CF:CF185AB:08,A,"African cassava mosaic virus isolate CF:CF185AB:08 segment A, complete sequence",2781,complete,Central African Republic,Central African Republic,Manihot esculenta,2008-01-20
KJ887812.1,,Begomovirus manihotis,Begomovirus manihotis,CF:CF345AB:08,A,"African cassava mosaic virus isolate CF:CF345AB:08 segment A, complete sequence",2781,complete,Central African Republic,Central African Republic,Manihot esculenta,2008
KJ887813.1,,Begomovirus manihotis,Begomovirus manihotis,CF:CF351A:08,A,"African cassava mosaic virus isolate CF:CF351A:08 segment A, complete sequence",2781,complete,Central African Republic,Central African Republic,Manihot esculenta,2008
KJ887814.1,,Begomovirus manihotis,Begomovirus manihotis,CF:CF352AB1:08,A,"African cassava mosaic virus isolate CF:CF352AB1:08 segment A, complete sequence",2781,complete,Central African Republic,Central African Republic,Manihot esculenta,2008
KJ887815.1,,Begomovirus manihotis,Begomovirus manihotis,CF:CF352AB2:08,A,"African cassava mosaic virus isolate CF:CF352AB2:08 segment A, complete sequence",2781,complete,Central African Republic,Central African Republic,Manihot esculenta,2008
KJ887816.1,,Begomovirus manihotis,Begomovirus manihotis,CF:CF354AB1:08,A,"African cassava mosaic virus isolate CF:CF354AB1:08 segment A, complete sequence",2781,complete,Central African Republic,Central African Republic,Manihot esculenta,2008
KJ887817.1,,Begomovirus manihotis,Begomovirus manihotis,CF:CF354AB2:08,A,"African cassava mosaic virus isolate CF:CF354AB2:08 segment A, complete sequence",2781,complete,Central African Republic,Central African Republic,Manihot esculenta,2008
KJ887818.1,,Begomovirus manihotis,Begomovirus manihotis,CF:CF355A:08,A,"African cassava mosaic virus isolate CF:CF355A:08 segment A, complete sequence",2784,complete,Central African Republic,Central African Republic,Manihot esculenta,2008
KJ887819.1,,Begomovirus manihotis,Begomovirus manihotis,CF:CF356AB:08,A,"African cassava mosaic virus isolate CF:CF356AB:08 segment A, complete sequence",2781,complete,Central African Republic,Central African Republic,Manihot esculenta,2008
KJ887821.1,,Begomovirus manihotis,Begomovirus manihotis,MG:MG2A9:05,A,"African cassava mosaic virus isolate MG:MG2A9:05 segment A, complete sequence",2783,complete,Madagascar,Madagascar,Manihot esculenta,2005-12-13
KJ887822.1,,Begomovirus manihotis,Begomovirus manihotis,MG:MG3A13:05,A,"African cassava mosaic virus isolate MG:MG3A13:05 segment A, complete sequence",2781,complete,Madagascar,Madagascar,Manihot esculenta,2005-12-14
KJ887823.1,,Begomovirus manihotis,Begomovirus manihotis,MG:MG4A18:05,A,"African cassava mosaic virus isolate MG:MG4A18:05 segment A, complete sequence",2782,complete,Madagascar,Madagascar,Manihot esculenta,2005-12-14
KJ887824.1,,Begomovirus manihotis,Begomovirus manihotis,MG:MG5A23:05,A,"African cassava mosaic virus isolate MG:MG5A23:05 segment A, complete sequence",2781,complete,Madagascar,Madagascar,Manihot esculenta,2005-12-14
KJ887828.1,,Begomovirus manihotis,Begomovirus manihotis,MG:MG8A36:05,A,"African cassava mosaic virus isolate MG:MG8A36:05 segment A, complete sequence",2783,complete,Madagascar,Madagascar,Manihot esculenta,2005-12-12
KJ887832.1,,Begomovirus manihotis,Begomovirus manihotis,MG:MG12A8:06,A,"African cassava mosaic virus isolate MG:MG12A8:06 segment A, complete sequence",2782,complete,Madagascar,Madagascar,Manihot esculenta,2006-03-31
KJ887833.1,,Begomovirus manihotis,Begomovirus manihotis,MG:MG13A14:06,A,"African cassava mosaic virus isolate MG:MG13A14:06 segment A, complete sequence",2783,complete,Madagascar,Madagascar,Manihot esculenta,2006-03-26
KJ887834.1,,Begomovirus manihotis,Begomovirus manihotis,MG:MG14A17:06,A,"African cassava mosaic virus isolate MG:MG14A17:06 segment A, complete sequence",2782,complete,Madagascar,Madagascar,Manihot esculenta,2006-03-28
KJ887835.1,,Begomovirus manihotis,Begomovirus manihotis,MG:MG15A22:06,A,"African cassava mosaic virus isolate MG:MG15A22:06 segment A, complete sequence",2781,complete,Madagascar,Madagascar,Manihot esculenta,2006-04-06
KJ887836.1,,Begomovirus manihotis,Begomovirus manihotis,MG:MG16A28:06,A,"African cassava mosaic virus isolate MG:MG16A28:06 segment A, complete sequence",2781,complete,Madagascar,Madagascar,Manihot esculenta,2006-04-06
KJ887837.1,,Begomovirus manihotis,Begomovirus manihotis,MG:MG17A33:06,A,"African cassava mosaic virus isolate MG:MG17A33:06 segment A, complete sequence",2781,complete,Madagascar,Madagascar,Manihot esculenta,2006-01-05
KJ887838.1,,Begomovirus manihotis,Begomovirus manihotis,MG:MG18A38:06,A,"African cassava mosaic virus isolate MG:MG18A38:06 segment A, complete sequence",2780,complete,Madagascar,Madagascar,Manihot esculenta,2006-11-17
KJ887842.1,,Begomovirus manihotis,Begomovirus manihotis,MG:MG22A3:06,A,"African cassava mosaic virus isolate MG:MG22A3:06 segment A, complete sequence",2781,complete,Madagascar,Madagascar,Manihot esculenta,2006-11-16
KJ887843.1,,Begomovirus manihotis,Begomovirus manihotis,MG:MG23A1:06,A,"African cassava mosaic virus isolate MG:MG23A1:06 segment A, complete sequence",2782,complete,Madagascar,Madagascar,Manihot esculenta,2006-11-16
KJ887844.1,,Begomovirus manihotis,Begomovirus manihotis,MG:MG24A1:06,A,"African cassava mosaic virus isolate MG:MG24A1:06 segment A, complete sequence",2788,complete,Madagascar,Madagascar,Manihot esculenta,2006-11-20
KJ887846.1,,Begomovirus manihotis,Begomovirus manihotis,MG:MG26A1:06,A,"African cassava mosaic virus isolate MG:MG26A1:06 segment A, complete sequence",2782,complete,Madagascar,Madagascar,Manihot esculenta,2006-11-16
KJ887847.1,,Begomovirus manihotis,Begomovirus manihotis,MG:MG27A3:06,A,"African cassava mosaic virus isolate MG:MG27A3:06 segment A, complete sequence",2780,complete,Madagascar,Madagascar,Manihot esculenta,2006-11-21
KJ887849.1,,Begomovirus manihotis,Begomovirus manihotis,MG:MG30A1:06,A,"African cassava mosaic virus isolate MG:MG30A1:06 segment A, complete sequence",2783,complete,Madagascar,Madagascar,Manihot esculenta,2006-11-21
KJ887850.1,,Begomovirus manihotis,Begomovirus manihotis,MG:MG31A1:06,A,"African cassava mosaic virus isolate MG:MG31A1:06 segment A, complete sequence",2785,complete,Madagascar,Madagascar,Manihot esculenta,2006-11-18
KJ887852.1,,Begomovirus manihotis,Begomovirus manihotis,MG:MG35A1:06,A,"African cassava mosaic virus isolate MG:MG35A1:06 segment A, complete sequence",2781,complete,Madagascar,Madagascar,Manihot esculenta,2006-11-16
KJ887854.1,,Begomovirus manihotis,Begomovirus manihotis,MG:MG38A1:06,A,"African cassava mosaic virus isolate MG:MG38A1:06 segment A, complete sequence",2781,complete,Madagascar,Madagascar,Manihot esculenta,2006-11-18
KJ887856.1,,Begomovirus manihotis,Begomovirus manihotis,MG:MG40A2:06,A,"African cassava mosaic virus isolate MG:MG40A2:06 segment A, complete sequence",2781,complete,Madagascar,Madagascar,Manihot esculenta,2006-11-15
KJ887858.1,,Begomovirus manihotis,Begomovirus manihotis,MG:MG43A3:06,A,"African cassava mosaic virus isolate MG:MG43A3:06 segment A, complete sequence",2786,complete,Madagascar,Madagascar,Manihot esculenta,2006-11-18
KJ887860.1,,Begomovirus manihotis,Begomovirus manihotis,MG:MG44B1:06,A,"African cassava mosaic virus isolate MG:MG44B1:06 segment A, complete sequence",2784,complete,Madagascar,Madagascar,Manihot esculenta,2006-11-18
KJ887861.1,,Begomovirus manihotis,Begomovirus manihotis,MG:MG45A7:06,A,"African cassava mosaic virus isolate MG:MG45A7:06 segment A, complete sequence",2781,complete,Madagascar,Madagascar,Manihot esculenta,2006-11-18
KJ887863.1,,Begomovirus manihotis,Begomovirus manihotis,MG:MG46A1:06,A,"African cassava mosaic virus isolate MG:MG46A1:06 segment A, complete sequence",2781,complete,Madagascar,Madagascar,Manihot esculenta,2006-11-15
KJ887865.1,,Begomovirus manihotis,Begomovirus manihotis,MG:MG47A6:06,A,"African cassava mosaic virus isolate MG:MG47A6:06 segment A, complete sequence",2781,complete,Madagascar,Madagascar,Manihot esculenta,2006-11-15
KJ887866.1,,Begomovirus manihotis,Begomovirus manihotis,MG:MG48A1:06,A,"African cassava mosaic virus isolate MG:MG48A1:06 segment A, complete sequence",2783,complete,Madagascar,Madagascar,Manihot esculenta,2006-11-16
KJ887867.1,,Begomovirus manihotis,Begomovirus manihotis,MG:MG49A1:06,A,"African cassava mosaic virus isolate MG:MG49A1:06 segment A, complete sequence",2782,complete,Madagascar,Madagascar,Manihot esculenta,2006-11-14
KJ887870.1,,Begomovirus manihotis,Begomovirus manihotis,MG:MG52A1:06,A,"African cassava mosaic virus isolate MG:MG52A1:06 segment A, complete sequence",2784,complete,Madagascar,Madagascar,Manihot esculenta,2006-11-20
KJ887872.1,,Begomovirus manihotis,Begomovirus manihotis,MG:MG53A1:06,A,"African cassava mosaic virus isolate MG:MG53A1:06 segment A, complete sequence",2781,complete,Madagascar,Madagascar,Manihot esculenta,2006-11-16
KJ887873.1,,Begomovirus manihotis,Begomovirus manihotis,MG:MG54A1:06,A,"African cassava mosaic virus isolate MG:MG54A1:06 segment A, complete sequence",2784,complete,Madagascar,Madagascar,Manihot esculenta,2006-11-14
KJ887874.1,,Begomovirus manihotis,Begomovirus manihotis,MG:MG55A2:06,A,"African cassava mosaic virus isolate MG:MG55A2:06 segment A, complete sequence",2781,complete,Madagascar,Madagascar,Manihot esculenta,2006-11-15
KJ887875.1,,Begomovirus manihotis,Begomovirus manihotis,MG:MG56A1:06,A,"African cassava mosaic virus isolate MG:MG56A1:06 segment A, complete sequence",2783,complete,Madagascar,Madagascar,Manihot esculenta,2006-11-15
KJ887876.1,,Begomovirus manihotis,Begomovirus manihotis,MG:MG57A1:06,A,"African cassava mosaic virus isolate MG:MG57A1:06 segment A, complete sequence",2781,complete,Madagascar,Madagascar,Manihot esculenta,2006-11-21
KJ887877.1,,Begomovirus manihotis,Begomovirus manihotis,MG:MG58A3:06,A,"African cassava mosaic virus isolate MG:MG58A3:06 segment A, complete sequence",2781,complete,Madagascar,Madagascar,Manihot esculenta,2006-11-19
KJ887878.1,,Begomovirus manihotis,Begomovirus manihotis,MG:MG59A2:06,A,"African cassava mosaic virus isolate MG:MG59A2:06 segment A, complete sequence",2782,complete,Madagascar,Madagascar,Manihot esculenta,2006-11-15
KJ887879.1,,Begomovirus manihotis,Begomovirus manihotis,MG:MG60A2:06,A,"African cassava mosaic virus isolate MG:MG60A2:06 segment A, complete sequence",2781,complete,Madagascar,Madagascar,Manihot esculenta,2006-11-15
KJ887880.1,,Begomovirus manihotis,Begomovirus manihotis,MG:MG61A1:06,A,"African cassava mosaic virus isolate MG:MG61A1:06 segment A, complete sequence",2782,complete,Madagascar,Madagascar,Manihot esculenta,2006-11-16
KJ887881.1,,Begomovirus manihotis,Begomovirus manihotis,MG:MG62A1:06,A,"African cassava mosaic virus isolate MG:MG62A1:06 segment A, complete sequence",2782,complete,Madagascar,Madagascar,Manihot esculenta,2006-11-17
KJ887882.1,,Begomovirus manihotis,Begomovirus manihotis,MG:MG63A3:06,A,"African cassava mosaic virus isolate MG:MG63A3:06 segment A, complete sequence",2781,complete,Madagascar,Madagascar,Manihot esculenta,2006-11-21
KJ887883.1,,Begomovirus manihotis,Begomovirus manihotis,MG:MG64A1:06,A,"African cassava mosaic virus isolate MG:MG64A1:06 segment A, complete sequence",2783,complete,Madagascar,Madagascar,Manihot esculenta,2006-11-16
KJ887884.1,,Begomovirus manihotis,Begomovirus manihotis,MG:MG65A1:06,A,"African cassava mosaic virus isolate MG:MG65A1:06 segment A, complete sequence",2781,complete,Madagascar,Madagascar,Manihot esculenta,2006-11-15
KJ887885.1,,Begomovirus manihotis,Begomovirus manihotis,MG:MG66A1:06,A,"African cassava mosaic virus isolate MG:MG66A1:06 segment A, complete sequence",2783,complete,Madagascar,Madagascar,Manihot esculenta,2006-11-16
KJ887887.1,,Begomovirus manihotis,Begomovirus manihotis,MG:MG67A9:06,A,"African cassava mosaic virus isolate MG:MG67A9:06 segment A, complete sequence",2781,complete,Madagascar,Madagascar,Manihot esculenta,2006-11-20
KJ887888.1,,Begomovirus manihotis,Begomovirus manihotis,MG:MG68A1:06,A,"African cassava mosaic virus isolate MG:MG68A1:06 segment A, complete sequence",2783,complete,Madagascar,Madagascar,Manihot esculenta,2006-11-14
KJ887889.1,,Begomovirus manihotis,Begomovirus manihotis,MG:MG69A1:06,A,"African cassava mosaic virus isolate MG:MG69A1:06 segment A, complete sequence",2784,complete,Madagascar,Madagascar,Manihot esculenta,2006-11-15
KJ887891.1,,Begomovirus manihotis,Begomovirus manihotis,MG:MG72A1:06,A,"African cassava mosaic virus isolate MG:MG72A1:06 segment A, complete sequence",2782,complete,Madagascar,Madagascar,Manihot esculenta,2006-11-15
KJ887893.1,,Begomovirus manihotis,Begomovirus manihotis,MG:MG74A3:06,A,"African cassava mosaic virus isolate MG:MG74A3:06 segment A, complete sequence",2781,complete,Madagascar,Madagascar,Manihot esculenta,2006-11-14
KJ887894.1,,Begomovirus manihotis,Begomovirus manihotis,MG:MG75A1:06,A,"African cassava mosaic virus isolate MG:MG75A1:06 segment A, complete sequence",2781,complete,Madagascar,Madagascar,Manihot esculenta,2006-11-20
KJ887895.1,,Begomovirus manihotis,Begomovirus manihotis,MG:MG76A1:06,A,"African cassava mosaic virus isolate MG:MG76A1:06 segment A, complete sequence",2781,complete,Madagascar,Madagascar,Manihot esculenta,2006-11-16
KJ887896.1,,Begomovirus manihotis,Begomovirus manihotis,MG:MG77A2:06,A,"African cassava mosaic virus isolate MG:MG77A2:06 segment A, complete sequence",2782,complete,Madagascar,Madagascar,Manihot esculenta,2006-11-16
KJ887897.1,,Begomovirus manihotis,Begomovirus manihotis,MG:MG78A2:06,A,"African cassava mosaic virus isolate MG:MG78A2:06 segment A, complete sequence",2782,complete,Madagascar,Madagascar,Manihot esculenta,2006-11-16
KJ887898.1,,Begomovirus manihotis,Begomovirus manihotis,MG:MG79A1:06,A,"African cassava mosaic virus isolate MG:MG79A1:06 segment A, complete sequence",2781,complete,Madagascar,Madagascar,Manihot esculenta,2006-11-16
KJ887899.1,,Begomovirus manihotis,Begomovirus manihotis,MG:MG86A1:06,A,"African cassava mosaic virus isolate MG:MG86A1:06 segment A, complete sequence",2780,complete,Madagascar,Madagascar,Manihot esculenta,2006-11-04
KJ887900.1,,Begomovirus manihotis,Begomovirus manihotis,MG:MG87A1:06,A,"African cassava mosaic virus isolate MG:MG87A1:06 segment A, complete sequence",2782,complete,Madagascar,Madagascar,Manihot esculenta,2006-11-04
KJ887901.1,,Begomovirus manihotis,Begomovirus manihotis,MG:MG88A1:06,A,"African cassava mosaic virus isolate MG:MG88A1:06 segment A, complete sequence",2783,complete,Madagascar,Madagascar,Manihot esculenta,2006-11-04
KJ887904.1,,Begomovirus manihotis,Begomovirus manihotis,MG:MG95A1:07,A,"African cassava mosaic virus isolate MG:MG95A1:07 segment A, complete sequence",2781,complete,Madagascar,Madagascar,Manihot esculenta,2007-03-02
KJ887905.1,,Begomovirus manihotis,Begomovirus manihotis,MG:MG97A3:07,A,"African cassava mosaic virus isolate MG:MG97A3:07 segment A, complete sequence",2781,complete,Madagascar,Madagascar,Manihot esculenta,2007-03-02
KJ887906.1,,Begomovirus manihotis,Begomovirus manihotis,MG:MG98A3:07,A,"African cassava mosaic virus isolate MG:MG98A3:07 segment A, complete sequence",2781,complete,Madagascar,Madagascar,Manihot esculenta,2007-03-02
KJ887907.1,,Begomovirus manihotis,Begomovirus manihotis,MG:MG99A2:07,A,"African cassava mosaic virus isolate MG:MG99A2:07 segment A, complete sequence",2783,complete,Madagascar,Madagascar,Manihot esculenta,2007-03-02
KJ887908.1,,Begomovirus manihotis,Begomovirus manihotis,MG:MG100A1:07,A,"African cassava mosaic virus isolate MG:MG100A1:07 segment A, complete sequence",2782,complete,Madagascar,Madagascar,Manihot esculenta,2007-03-02
KJ887909.1,,Begomovirus manihotis,Begomovirus manihotis,MG:MG101A1:07,A,"African cassava mosaic virus isolate MG:MG101A1:07 segment A, complete sequence",2781,complete,Madagascar,Madagascar,Manihot esculenta,2007-03-02
KJ887910.1,,Begomovirus manihotis,Begomovirus manihotis,MG:MG102A1:07,A,"African cassava mosaic virus isolate MG:MG102A1:07 segment A, complete sequence",2781,complete,Madagascar,Madagascar,Manihot esculenta,2007-03-02
KJ887911.1,,Begomovirus manihotis,Begomovirus manihotis,MG:MG103A2:07,A,"African cassava mosaic virus isolate MG:MG103A2:07 segment A, complete sequence",2783,complete,Madagascar,Madagascar,Manihot esculenta,2007-03-02
KJ887912.1,,Begomovirus manihotis,Begomovirus manihotis,MG:MG104A1:07,A,"African cassava mosaic virus isolate MG:MG104A1:07 segment A, complete sequence",2781,complete,Madagascar,Madagascar,Manihot esculenta,2007-03-02
KJ887913.1,,Begomovirus manihotis,Begomovirus manihotis,MG:MG105A1:07,A,"African cassava mosaic virus isolate MG:MG105A1:07 segment A, complete sequence",2781,complete,Madagascar,Madagascar,Manihot esculenta,2007-03-02
KJ887914.1,,Begomovirus manihotis,Begomovirus manihotis,MG:MG112A2:09,A,"African cassava mosaic virus isolate MG:MG112A2:09 segment A, complete sequence",2782,complete,Madagascar,Madagascar,Manihot esculenta,2009-05-27
KJ887943.1,,Begomovirus manihotis,Begomovirus manihotis,MG:MG177A1:09,A,"African cassava mosaic virus isolate MG:MG177A1:09 segment A, complete sequence",2781,complete,Madagascar,Madagascar,Manihot esculenta,2009-06-03
KJ887954.1,,Begomovirus manihotis,Begomovirus manihotis,MG:MG214A2:08,A,"African cassava mosaic virus isolate MG:MG214A2:08 segment A, complete sequence",2783,complete,Madagascar,Madagascar,Manihot esculenta,2008-05-09
KJ887955.1,,Begomovirus manihotis,Begomovirus manihotis,MG:MG215A1:08,A,"African cassava mosaic virus isolate MG:MG215A1:08 segment A, complete sequence",2781,complete,Madagascar,Madagascar,Manihot esculenta,2008-10-09
KJ887956.1,,Begomovirus manihotis,Begomovirus manihotis,MG:MG215A2:09,A,"African cassava mosaic virus isolate MG:MG215A2:09 segment A, complete sequence",2781,complete,Madagascar,Madagascar,Manihot esculenta,2008-10-09
KJ887966.1,,Begomovirus manihotis,Begomovirus manihotis,MG:MG249A1:10,A,"African cassava mosaic virus isolate MG:MG249A1:10 segment A, complete sequence",2782,complete,Madagascar,Madagascar,Manihot esculenta,2010-04-29
KJ887974.1,,Begomovirus manihotis,Begomovirus manihotis,MG:MG306A2:10,A,"African cassava mosaic virus isolate MG:MG306A2:10 segment A, complete sequence",2781,complete,Madagascar,Madagascar,Manihot esculenta,2010-05-05
KJ887975.1,,Begomovirus manihotis,Begomovirus manihotis,MG:MG306A4:10,A,"African cassava mosaic virus isolate MG:MG306A4:10 segment A, complete sequence",2781,complete,Madagascar,Madagascar,Manihot esculenta,2010-05-05
KJ887976.1,,Begomovirus manihotis,Begomovirus manihotis,MG:MG307A1:10,A,"African cassava mosaic virus isolate MG:MG307A1:10 segment A, complete sequence",2781,complete,Madagascar,Madagascar,Manihot esculenta,2010-05-05
KJ887977.1,,Begomovirus manihotis,Begomovirus manihotis,MG:MG309A1:10,A,"African cassava mosaic virus isolate MG:MG309A1:10 segment A, complete sequence",2781,complete,Madagascar,Madagascar,Manihot esculenta,2010-05-05
KJ887978.1,,Begomovirus manihotis,Begomovirus manihotis,MG:MG310A1:10,A,"African cassava mosaic virus isolate MG:MG310A1:10 segment A, complete sequence",2783,complete,Madagascar,Madagascar,Manihot esculenta,2010-05-05
KJ887979.1,,Begomovirus manihotis,Begomovirus manihotis,MG:MG311A2:10,A,"African cassava mosaic virus isolate MG:MG311A2:10 segment A, complete sequence",2782,complete,Madagascar,Madagascar,Manihot esculenta,2010-05-05
KJ887980.1,,Begomovirus manihotis,Begomovirus manihotis,MG:MG318A1:10,A,"African cassava mosaic virus isolate MG:MG318A1:10 segment A, complete sequence",2781,complete,Madagascar,Madagascar,Manihot esculenta,2010-05-06
KJ887995.1,,Begomovirus manihotis,Begomovirus manihotis,MG:MG343A10:11,A,"African cassava mosaic virus isolate MG:MG343A10:11 segment A, complete sequence",2783,complete,Madagascar,Madagascar,Manihot esculenta,2011-05-23
KJ887997.1,,Begomovirus manihotis,Begomovirus manihotis,MG:MG349A3:11,A,"African cassava mosaic virus isolate MG:MG349A3:11 segment A, complete sequence",2783,complete,Madagascar,Madagascar,Manihot esculenta,2011-05-23
KJ888008.1,,Begomovirus manihotis,Begomovirus manihotis,MG:MG408A1:11,A,"African cassava mosaic virus isolate MG:MG408A1:11 segment A, complete sequence",2781,complete,Madagascar,Madagascar,Manihot esculenta,2011-05-25
KJ888059.1,,Begomovirus manihotis,Begomovirus manihotis,MG:MG619A7:11,A,"African cassava mosaic virus isolate MG:MG619A7:11 segment A, complete sequence",2783,complete,Madagascar,Madagascar,Manihot esculenta,2011-07-03
KJ888062.1,,Begomovirus manihotis,Begomovirus manihotis,MG:MG624A1:11,A,"African cassava mosaic virus isolate MG:MG624A1:11 segment A, complete sequence",2781,complete,Madagascar,Madagascar,Manihot esculenta,2011-07-03
KJ888067.1,,Begomovirus manihotis,Begomovirus manihotis,MG:MG632A2:11,A,"African cassava mosaic virus isolate MG:MG632A2:11 segment A, complete sequence",2782,complete,Madagascar,Madagascar,Manihot esculenta,2011-07-04
KJ888070.1,,Begomovirus manihotis,Begomovirus manihotis,MG:MG638A4:11,A,"African cassava mosaic virus isolate MG:MG638A4:11 segment A, complete sequence",2782,complete,Madagascar,Madagascar,Manihot esculenta,2011-07-04
KJ888075.1,,Begomovirus manihotis,Begomovirus manihotis,MG:MG648A1:11,A,"African cassava mosaic virus isolate MG:MG648A1:11 segment A, complete sequence",2783,complete,Madagascar,Madagascar,Manihot esculenta,2011-07-04
KJ888080.1,,Begomovirus manihotis,Begomovirus manihotis,MG:MG650A1:11,A,"African cassava mosaic virus isolate MG:MG650A1:11 segment A, complete sequence",2781,complete,Madagascar,Madagascar,Manihot esculenta,2011-07-04
KJ888082.1,,Begomovirus manihotis,Begomovirus manihotis,MG:MG652A9:11,A,"African cassava mosaic virus isolate MG:MG652A9:11 segment A, complete sequence",2781,complete,Madagascar,Madagascar,Manihot esculenta,2011-07-04
KJ888086.1,,Begomovirus manihotis,Begomovirus manihotis,MG:MG656A1:11,A,"African cassava mosaic virus isolate MG:MG656A1:11 segment A, complete sequence",2782,complete,Madagascar,Madagascar,Manihot esculenta,2011-07-04
KJ888088.1,,Begomovirus manihotis,Begomovirus manihotis,MG:MG688A3:11,A,"African cassava mosaic virus isolate MG:MG688A3:11 segment A, complete sequence",2781,complete,Madagascar,Madagascar,Manihot esculenta,2011-07-06
KJ888096.1,,Begomovirus manihotis,Begomovirus manihotis,MG:MG729A4:11,A,"African cassava mosaic virus isolate MG:MG729A4:11 segment A, complete sequence",2781,complete,Madagascar,Madagascar,Manihot esculenta,2011-07-09
KJ888098.1,,Begomovirus manihotis,Begomovirus manihotis,TD:TD3A:08,A,"African cassava mosaic virus isolate TD:TD3A:08 segment A, complete sequence",2780,complete,Chad,Chad,Manihot esculenta,2008
KJ888099.1,,Begomovirus manihotis,Begomovirus manihotis,TD:TD4AB:08,A,"African cassava mosaic virus isolate TD:TD4AB:08 segment A, complete sequence",2729,complete,Chad,Chad,Manihot esculenta,2008
KJ888100.1,,Begomovirus manihotis,Begomovirus manihotis,TD:TD6AB:08,A,"African cassava mosaic virus isolate TD:TD6AB:08 segment A, complete sequence",2782,complete,Chad,Chad,Manihot esculenta,2008
HG530110.1,,Begomovirus manihotis,Begomovirus manihotis,KE:mtw:CMD-MI64:12,DNA A,"African cassava mosaic virus DNA A complete sequence, isolate KE:mtw:CMD-MI64:12",2780,complete,Kenya:Mtwapa,Kenya,Manihot esculenta,2012
HG530111.1,,Begomovirus manihotis,Begomovirus manihotis,KE:mtw:CMD-MI79:12,DNA A,"African cassava mosaic virus DNA A complete sequence, isolate KE:mtw:CMD-MI79:12",2780,complete,Kenya:Mtwapa,Kenya,Manihot esculenta,2012
HG530117.1,,Begomovirus manihotis,Begomovirus manihotis,KE:mtw:CMD-MI73:12,DNA B,"African cassava mosaic virus DNA B complete sequence, isolate KE:mtw:CMD-MI73:12",2724,complete,Kenya:Mtwapa,Kenya,Manihot esculenta,2012
HG530118.1,,Begomovirus manihotis,Begomovirus manihotis,KE:mtw:CMD-MI74:12,DNA B,"African cassava mosaic virus DNA B complete sequence, isolate KE:mtw:CMD-MI74:12",2706,complete,Kenya:Mtwapa,Kenya,Manihot esculenta,2012
HG530119.1,,Begomovirus manihotis,Begomovirus manihotis,KE:mtw:CMD-MI77:12,DNA B,"African cassava mosaic virus DNA B complete sequence, isolate KE:mtw:CMD-MI77:12",2724,complete,Kenya:Mtwapa,Kenya,Manihot esculenta,2012
HG530120.1,,Begomovirus manihotis,Begomovirus manihotis,KE:mtw:CMD-MI75:12,DNA B,"African cassava mosaic virus DNA B complete sequence, isolate KE:mtw:CMD-MI75:12",2725,complete,Kenya:Mtwapa,Kenya,Manihot esculenta,2012
HG530121.1,,Begomovirus manihotis,Begomovirus manihotis,KE:mtw:CMD-MI83:12,DNA B,"African cassava mosaic virus DNA B complete sequence, isolate KE:mtw:CMD-MI83:12",2724,complete,Kenya:Mtwapa,Kenya,Manihot esculenta,2012
HG530122.1,,Begomovirus manihotis,Begomovirus manihotis,KE:mtw:CMD-MI92:12,DNA B,"African cassava mosaic virus DNA B complete sequence, isolate KE:mtw:CMD-MI92:12",2723,complete,Kenya:Mtwapa,Kenya,Manihot esculenta,2012
JX658682.1,,Begomovirus manihotis,Begomovirus manihotis,,,"UNVERIFIED: African cassava mosaic virus clone ACMV[Ma:07:4N] AV2 gene, complete cds; CP-like gene, complete sequence; and REn, TrAP, and Rep genes, complete cds",2812,complete,Malawi,Malawi,Manihot esculenta,
HE979758.1,,Begomovirus manihotis,Begomovirus manihotis,ACMV-[UG:Nam:CMD-MI17:12],DNA-A,"African cassava mosaic virus segment DNA-A, isolate ACMV-[UG:Nam:CMD-MI17:12], complete genome",2781,complete,Uganda:Namulonge,Uganda,Manihot esculenta,2012
HE979759.1,,Begomovirus manihotis,Begomovirus manihotis,ACMV-[UG:Nam:CMD-MI19:12],DNA-A,"African cassava mosaic virus segment DNA-A, isolate ACMV-[UG:Nam:CMD-MI19:12], complete genome",2781,complete,Uganda:Namulonge,Uganda,Manihot esculenta,2012
HE979760.1,,Begomovirus manihotis,Begomovirus manihotis,ACMV-[UG:Nam:CMD-MI22:12],DNA-A,"African cassava mosaic virus segment DNA-A, isolate ACMV-[UG:Nam:CMD-MI22:12], complete genome",2780,complete,Uganda:Namulonge,Uganda,Manihot esculenta,2012
HE979761.1,,Begomovirus manihotis,Begomovirus manihotis,ACMV-[UG:Nam:CMD-MI24:12],DNA-A,"African cassava mosaic virus segment DNA-A, isolate ACMV-[UG:Nam:CMD-MI24:12], complete genome",2781,complete,Uganda:Namulonge,Uganda,Manihot esculenta,2012
HE979762.1,,Begomovirus manihotis,Begomovirus manihotis,ACMV-[UG:Nam:CMD-MI26:12],DNA-A,"African cassava mosaic virus segment DNA-A, isolate ACMV-[UG:Nam:CMD-MI26:12], complete genome",2781,complete,Uganda:Namulonge,Uganda,Manihot esculenta,2012
HE979763.1,,Begomovirus manihotis,Begomovirus manihotis,ACMV-[UG:Nam:CMD-MI27:12],DNA-A,"African cassava mosaic virus segment DNA-A, isolate ACMV-[UG:Nam:CMD-MI27:12], complete genome",2781,complete,Uganda:Namulonge,Uganda,Manihot esculenta,2012
HE979764.1,,Begomovirus manihotis,Begomovirus manihotis,ACMV-[UG:Nam:CMD-MI28:12],DNA-A,"African cassava mosaic virus segment DNA-A, isolate ACMV-[UG:Nam:CMD-MI28:12], complete genome",2781,complete,Uganda:Namulonge,Uganda,Manihot esculenta,2012
HE979765.1,,Begomovirus manihotis,Begomovirus manihotis,ACMV-[UG:Nam:CMD-MI29:12],DNA-A,"African cassava mosaic virus segment DNA-A, isolate ACMV-[UG:Nam:CMD-MI29:12], complete genome",2781,complete,Uganda:Namulonge,Uganda,Manihot esculenta,2012
HE979766.1,,Begomovirus manihotis,Begomovirus manihotis,ACMV-[UG:Nam:CMD-MI31:12],DNA-A,"African cassava mosaic virus segment DNA-A, isolate ACMV-[UG:Nam:CMD-MI31:12], complete genome",2780,complete,Uganda:Namulonge,Uganda,Manihot esculenta,2012
HE979767.1,,Begomovirus manihotis,Begomovirus manihotis,ACMV-[UG:Nam:CMD-MI33:12],DNA-A,"African cassava mosaic virus segment DNA-A, isolate ACMV-[UG:Nam:CMD-MI33:12], complete genome",2781,complete,Uganda:Namulonge,Uganda,Manihot esculenta,2012
HE979768.1,,Begomovirus manihotis,Begomovirus manihotis,ACMV-[UG:Nam:CMD-MI34:12],DNA-A,"African cassava mosaic virus segment DNA-A, isolate ACMV-[UG:Nam:CMD-MI34:12], complete genome",2781,complete,Uganda:Namulonge,Uganda,Manihot esculenta,2012
HE979781.1,,Begomovirus manihotis,Begomovirus manihotis,ACMV-[UG:Nam:CMD-MI1:12]DNA-B,DNA-B,"African cassava mosaic virus segment DNA-B, isolate ACMV-[UG:Nam:CMD-MI1:12]DNA-B, complete genome",2724,complete,Uganda:Namulonge,Uganda,Manihot esculenta,2012
HE979782.1,,Begomovirus manihotis,Begomovirus manihotis,ACMV-[UG:Nam:CMD-MI3:12]DNA-B,DNA-B,"African cassava mosaic virus segment DNA-B, isolate ACMV-[UG:Nam:CMD-MI3:12]DNA-B, complete genome",2725,complete,Uganda:Namulonge,Uganda,Manihot esculenta,2012
HE979783.1,,Begomovirus manihotis,Begomovirus manihotis,ACMV-[UG:Nam:CMD-MI6:12]DNA-B,DNA-B,"African cassava mosaic virus segment DNA-B, isolate ACMV-[UG:Nam:CMD-MI6:12]DNA-B, complete genome",2725,complete,Uganda:Namulonge,Uganda,Manihot esculenta,2012
HE979784.1,,Begomovirus manihotis,Begomovirus manihotis,ACMV-[UG:Nam:CMD-MI10:12]DNA-B,DNA-B,"African cassava mosaic virus segment DNA-B, isolate ACMV-[UG:Nam:CMD-MI10:12]DNA-B, complete genome",2725,complete,Uganda:Namulonge,Uganda,Manihot esculenta,2012
HE979785.1,,Begomovirus manihotis,Begomovirus manihotis,ACMV-[UG:Nam:CMD-MI12:12]DNA-B,DNA-B,"African cassava mosaic virus segment DNA-B, isolate ACMV-[UG:Nam:CMD-MI12:12]DNA-B, complete genome",2725,complete,Uganda:Namulonge,Uganda,Manihot esculenta,2012
HE979786.1,,Begomovirus manihotis,Begomovirus manihotis,ACMV-[UG:Nam:CMD-MI18:12]DNA-B,DNA-B,"African cassava mosaic virus segment DNA-B, isolate ACMV-[UG:Nam:CMD-MI18:12]DNA-B, complete genome",2724,complete,Uganda:Namulonge,Uganda,Manihot esculenta,2012
HE979787.1,,Begomovirus manihotis,Begomovirus manihotis,ACMV-[UG:Nam:CMD-MI20:12]DNA-B,DNA-B,"African cassava mosaic virus segment DNA-B, isolate ACMV-[UG:Nam:CMD-MI20:12]DNA-B, complete genome",2724,complete,Uganda:Namulonge,Uganda,Manihot esculenta,2012
HE979788.1,,Begomovirus manihotis,Begomovirus manihotis,ACMV-[UG:Nam:CMD-MI21:12]DNA-B,DNA-B,"African cassava mosaic virus segment DNA-B, isolate ACMV-[UG:Nam:CMD-MI21:12]DNA-B, complete genome",2724,complete,Uganda:Namulonge,Uganda,Manihot esculenta,2012
HE979789.1,,Begomovirus manihotis,Begomovirus manihotis,ACMV-[UG:Nam:CMD-MI23:12]DNA-B,DNA-B,"African cassava mosaic virus segment DNA-B, isolate ACMV-[UG:Nam:CMD-MI23:12]DNA-B, complete genome",2724,complete,Uganda:Namulonge,Uganda,Manihot esculenta,2012
HE979790.1,,Begomovirus manihotis,Begomovirus manihotis,ACMV-[UG:Nam:CMD-MI25:12]DNA-B,DNA-B,"African cassava mosaic virus segment DNA-B, isolate ACMV-[UG:Nam:CMD-MI25:12]DNA-B, complete genome",2725,complete,Uganda:Namulonge,Uganda,Manihot esculenta,2012
HE979791.1,,Begomovirus manihotis,Begomovirus manihotis,ACMV-[UG:Nam:CMD-MI30:12]DNA-B,DNA-B,"African cassava mosaic virus segment DNA-B, isolate ACMV-[UG:Nam:CMD-MI30:12]DNA-B, complete genome",2724,complete,Uganda:Namulonge,Uganda,Manihot esculenta,2012
HE979792.1,,Begomovirus manihotis,Begomovirus manihotis,ACMV-[UG:Nam:CMD-MI32:12]DNA-B,DNA-B,"African cassava mosaic virus segment DNA-B, isolate ACMV-[UG:Nam:CMD-MI32:12]DNA-B, complete genome",2724,complete,Uganda:Namulonge,Uganda,Manihot esculenta,2012
HE979793.1,,Begomovirus manihotis,Begomovirus manihotis,ACMV-[UG:Nam:CMD-MI35:12]DNA-B,DNA-B,"African cassava mosaic virus segment DNA-B, isolate ACMV-[UG:Nam:CMD-MI35:12]DNA-B, complete genome",2725,complete,Uganda:Namulonge,Uganda,Manihot esculenta,2012
HE979794.1,,Begomovirus manihotis,Begomovirus manihotis,ACMV-[UG:Nam:CMD-MI36:12]DNA-B,DNA-B,"African cassava mosaic virus segment DNA-B, isolate ACMV-[UG:Nam:CMD-MI36:12]DNA-B, complete genome",2725,complete,Uganda:Namulonge,Uganda,Manihot esculenta,2012
HE979795.1,,Begomovirus manihotis,Begomovirus manihotis,ACMV-[UG:Nam:CMD-MI37:12]DNA-B,DNA-B,"African cassava mosaic virus segment DNA-B, isolate ACMV-[UG:Nam:CMD-MI37:12]DNA-B, complete genome",2724,complete,Uganda:Namulonge,Uganda,Manihot esculenta,2012
HE979796.1,,Begomovirus manihotis,Begomovirus manihotis,ACMV-[UG:Nam:CMD-MI38:12]DNA-B,DNA-B,"African cassava mosaic virus segment DNA-B, isolate ACMV-[UG:Nam:CMD-MI38:12]DNA-B, complete genome",2724,complete,Uganda:Namulonge,Uganda,Manihot esculenta,2012
HM468428.1,,Begomovirus manihotis,Begomovirus manihotis,,,"African cassava mosaic virus strain Pakistan/Multan/Tomentosum/08, complete genome",2790,complete,Pakistan,Pakistan,Gossypium tomentosum,2008-04
JN053421.1,,Begomovirus manihotis,Begomovirus manihotis,K1J1,DNA-A,"African cassava mosaic virus isolate K1J1 segment DNA-A, complete sequence",2781,complete,Kenya,Kenya,Jatropha curcas,2009-08-28
JN053422.1,,Begomovirus manihotis,Begomovirus manihotis,B5J1,DNA-A,"African cassava mosaic virus isolate B5J1 segment DNA-A, complete sequence",2781,complete,Kenya,Kenya,Jatropha curcas,2009-08-28
JN053423.1,,Begomovirus manihotis,Begomovirus manihotis,B5J2,DNA-A,"African cassava mosaic virus isolate B5J2 segment DNA-A, complete sequence",2781,complete,Kenya,Kenya,Jatropha curcas,2009-08-28
JN053424.1,,Begomovirus manihotis,Begomovirus manihotis,K1J16,DNA-A,"African cassava mosaic virus isolate K1J16 segment DNA-A, complete sequence",2781,complete,Kenya,Kenya,Jatropha curcas,2009-08-28
JN053425.1,,Begomovirus manihotis,Begomovirus manihotis,K4J2,DNA-A,"African cassava mosaic virus isolate K4J2 segment DNA-A, complete sequence",2781,complete,Kenya,Kenya,Jatropha curcas,2009-08-28
JN053426.1,,Begomovirus manihotis,Begomovirus manihotis,S5J1,DNA-A,"African cassava mosaic virus isolate S5J1 segment DNA-A, complete sequence",2781,complete,Kenya,Kenya,Jatropha curcas,2009-08-28
JN053427.1,,Begomovirus manihotis,Begomovirus manihotis,K3J16,DNA-A,"African cassava mosaic virus isolate K3J16 segment DNA-A, complete sequence",2781,complete,Kenya,Kenya,Jatropha curcas,2009-08-28
JN053428.1,,Begomovirus manihotis,Begomovirus manihotis,K4J20,DNA-A,"African cassava mosaic virus isolate K4J20 segment DNA-A, complete sequence",2781,complete,Kenya,Kenya,Jatropha curcas,2009-08-28
JN053429.1,,Begomovirus manihotis,Begomovirus manihotis,S5J3,DNA-A,"African cassava mosaic virus isolate S5J3 segment DNA-A, complete sequence",2781,complete,Kenya,Kenya,Jatropha curcas,2009-08-28
JN053430.1,,Begomovirus manihotis,Begomovirus manihotis,K4C1,DNA-A,"African cassava mosaic virus isolate K4C1 segment DNA-A, complete sequence",2781,complete,Kenya,Kenya,Manihot esculenta,2009-08-28
JN053431.1,,Begomovirus manihotis,Begomovirus manihotis,S4C2,DNA-A,"African cassava mosaic virus isolate S4C2 segment DNA-A, complete sequence",2781,complete,Kenya,Kenya,Manihot esculenta,2009-08-28
JN165086.1,,African cassava mosaic virus-Ghana,Begomovirus manihotis,ACMV,DNA-B,"African cassava mosaic virus-Ghana isolate ACMV segment DNA-B, complete sequence",2725,complete,Ghana,Ghana,Manihot esculenta,2008
JN165088.1,,African cassava mosaic virus-Ghana,Begomovirus manihotis,ACMV,DNA-A,"African cassava mosaic virus-Ghana isolate ACMV segment DNA-A, complete sequence",2781,complete,Ghana,Ghana,Manihot esculenta,2008
GQ169505.1,,Begomovirus manihotis,Begomovirus manihotis,,DNA-A,"African cassava mosaic virus clone ACMV-[PK;Mul;Dar;06] segment DNA-A, complete sequence",2714,complete,Pakistan,Pakistan,Gossypium darwinii,2006-11
GQ204106.1,,Begomovirus manihotis,Begomovirus manihotis,,DNA-A,"African cassava mosaic virus clone ACMV/PK/Mul/Gos2/08 segment DNA-A, complete sequence",2782,complete,Pakistan: Multan,Pakistan,Gossypium gossypioides,2008-03
GQ204107.1,,Begomovirus manihotis,Begomovirus manihotis,,DNA-A,"African cassava mosaic virus clone ACMV/PK/Mul/Har/08 segment DNA-A, complete sequence",2784,complete,Pakistan: Multan,Pakistan,Gossypium harknessii,2008-03
GQ204108.1,,Begomovirus manihotis,Begomovirus manihotis,,DNA-A,"African cassava mosaic virus clone ACMV/PK/Mul/Som/08 segment DNA-A, complete sequence",2781,complete,Pakistan: Multan,Pakistan,Gossypium somalense,2008-03
GQ204109.1,,Begomovirus manihotis,Begomovirus manihotis,,DNA-A,"African cassava mosaic virus clone ACMV/PK/Mul/Sto/08 segment DNA-A, complete sequence",2781,complete,Pakistan: Multan,Pakistan,Gossypium stocksii,2008-03
FJ751233.1,,African cassava mosaic virus-cotton,Begomovirus manihotis,,,"African cassava mosaic virus-cotton clone ACMV-Punc19, complete genome",2756,complete,Pakistan,Pakistan,Gossypium hirsutum var. punctatum,2006-11
FJ751234.1,,African cassava mosaic virus-cotton,Begomovirus manihotis,,,"African cassava mosaic virus-cotton clone ACMV-Lob1, complete genome",2781,complete,Pakistan,Pakistan,Gossypium lobatum,2008-03
FJ751235.1,,African cassava mosaic virus-cotton,Begomovirus manihotis,,,"African cassava mosaic virus-cotton clone ACMV-Gos1, complete genome",2779,complete,Pakistan,Pakistan,Gossypium gossypioides,2008-03
FJ807631.1,,Begomovirus manihotis,Begomovirus manihotis,Angola:Funda:2008,DNA-A,"African cassava mosaic virus isolate Angola:Funda:2008 segment DNA-A, complete sequence",2783,complete,Angola,Angola,Manihot esculenta,2008-04-26
FM877473.1,,Begomovirus manihotis,Begomovirus manihotis,Burkina Faso-Kamboinse-2008,,"African cassava mosaic virus complete genome, isolate Burkina Faso-Kamboinse-2008",2781,complete,Burkina Faso,Burkina Faso,Manihot esculenta,2008-09
EU685318.1,,Begomovirus manihotis,Begomovirus manihotis,ACMV-[NG:Mg:03],DNA-A,"African cassava mosaic virus isolate ACMV-[NG:Mg:03] segment DNA-A, complete sequence",2781,complete,Nigeria,Nigeria,Manihot glaziovii,
EU685320.1,,Begomovirus manihotis,Begomovirus manihotis,ACMV-[NG:Ll:06],DNA-A,"African cassava mosaic virus isolate ACMV-[NG:Ll:06] segment DNA-A, complete sequence",2781,complete,Nigeria,Nigeria,Leucaena leucocephala,
EU685322.1,,Begomovirus manihotis,Begomovirus manihotis,ACMV-[NG:So:03],DNA-A,"African cassava mosaic virus isolate ACMV-[NG:So:03] segment DNA-A, complete sequence",2781,complete,Nigeria,Nigeria,Senna occidentalis,
EU685324.1,,Begomovirus manihotis,Begomovirus manihotis,ACMV-[NG:Rc:03],DNA-A,"African cassava mosaic virus isolate ACMV-[NG:Rc:03] segment DNA-A, complete sequence",2780,complete,Nigeria,Nigeria,Ricinus communis,
EU685325.1,,Begomovirus manihotis,Begomovirus manihotis,ACMV-[NG:Sb:07],DNA-A,"African cassava mosaic virus isolate ACMV-[NG:Sb:07] segment DNA-A, complete sequence",2781,complete,Nigeria,Nigeria,Glycine max,
EU685328.1,,Begomovirus manihotis,Begomovirus manihotis,ACMV-CM[NG:Cc:03],DNA-A,"African cassava mosaic virus isolate ACMV-CM[NG:Cc:03] segment DNA-A, complete sequence",2781,complete,Nigeria,Nigeria,Combretum confertum,
AF259894.1,,African cassava mosaic virus-[Ivory Coast],Begomovirus manihotis,,DNA-A,"African cassava mosaic virus-[Ivory Coast] DNA-A, complete sequence",2781,complete,Cote d'Ivoire,Cote d'Ivoire,,
AF259895.1,,African cassava mosaic virus-[Ivory Coast],Begomovirus manihotis,,DNA-B,"African cassava mosaic virus-[Ivory Coast] DNA-B, complete sequence",2727,complete,Cote d'Ivoire,Cote d'Ivoire,,
AF366902.1,,African cassava mosaic virus-[Cameroon-DO2],Begomovirus manihotis,,,"African cassava mosaic virus-[Cameroon-DO2] strain ACMV-CM/D02 component A, complete sequence",2781,complete,Cameroon: southwestern rainforest region,Cameroon,,
AF112352.1,,African cassava mosaic virus-[Cameroon],Begomovirus manihotis,,component A,"African cassava mosaic virus-[Cameroon] component A, complete sequence",2777,complete,Cameroon: southwestern rainforest region,Cameroon,,
AF112353.1,,African cassava mosaic virus-[Cameroon],Begomovirus manihotis,,component B,"African cassava mosaic virus-[Cameroon] component B, complete sequence",2726,complete,Cameroon: southwestern rainforest region,Cameroon,,
J02057.1,,African cassava mosaic virus,Begomovirus manihotis,West Kenyan 844,DNA1,"African cassava mosaic virus isolate West Kenyan 844 segment DNA1, complete sequence",2779,complete,,,Manihot esculenta,
J02058.1,,African cassava mosaic virus,Begomovirus manihotis,West Kenyan 844,DNA2,"African cassava mosaic virus isolate West Kenyan 844 segment DNA2, complete sequence",2724,complete,,,Manihot esculenta,
