Accession,BioSample,Organism_Name,Species,Isolate,Segment,GenBank_Title,Length,Nuc_Completeness,Geo_Location,Country,Host,Submitters,Collection_Date
NC_009334.1,,Human herpesvirus 4 type 2,Lymphocryptovirus humangamma4,,,"Human herpesvirus 4, complete genome",172764,complete,,,Homo sapiens,"Dolan,A., Addison,C., Gatherer,D., Davison,A.J., McGeoch,D.J., Rickinson,A.B.",
NC_007605.1,,Human gammaherpesvirus 4,Lymphocryptovirus humangamma4,,,"Human gammaherpesvirus 4, complete genome",171823,complete,,,Homo sapiens,"de Jesus,O., Smith,P.R., Spender,L.C., Elgueta Karstegl,C., Niller,H.H., Huang,D., Farrell,P.J., Parker,B.D., Bankier,A., Satchwell,S., Barrell,B., Hatfull,G., Bankier,A.T., Barrell,B.G., Baer,R., Biggin,M.D., Deininger,P.L., Gibson,T.J., Hudson,G.S., Satchwell,S.C., Seguin,C., Tuffnell,P.S., Jones,M.D., Foster,L., Sheedy,T., Griffin,B.E., Jeang,K.T., Hayward,S.D., Davison,A.J.",
OR134765.1,,human gammaherpesvirus 4,Lymphocryptovirus humangamma4,B95-8,,"Human gammaherpesvirus 4 isolate B95-8, complete genome",162698,complete,United Kingdom,United Kingdom,Simiiformes,"Liu,J., Che,H., Sia,Y.Y.",2012-04-04
OR134766.1,,human gammaherpesvirus 4,Lymphocryptovirus humangamma4,C17,,"Human gammaherpesvirus 4 isolate C17, complete genome",166363,complete,France,France,Homo sapiens,"Liu,J., Che,H., Sia,Y.Y.",2019-05-24
OR134767.1,,human gammaherpesvirus 4,Lymphocryptovirus humangamma4,C666-1,,"Human gammaherpesvirus 4 isolate C666-1, complete genome",171946,complete,China,China,Homo sapiens,"Liu,J., Che,H., Sia,Y.Y.",2012-04-04
OR134768.1,,human gammaherpesvirus 4,Lymphocryptovirus humangamma4,M81,,"Human gammaherpesvirus 4 isolate M81, complete genome",170964,complete,China,China,Homo sapiens,"Liu,J., Che,H., Sia,Y.Y.",2012-04-04
OR134769.1,,human gammaherpesvirus 4,Lymphocryptovirus humangamma4,NPC43,,"Human gammaherpesvirus 4 isolate NPC43, complete genome",173200,complete,China,China,Homo sapiens,"Liu,J., Che,H., Sia,Y.Y.",2019-02-25
OR134770.1,,human gammaherpesvirus 4,Lymphocryptovirus humangamma4,Raji,,"Human gammaherpesvirus 4 isolate Raji, complete genome",171437,complete,Nigeria,Nigeria,Homo sapiens,"Liu,J., Che,H., Sia,Y.Y.",2012-04-04
OR134771.1,,human gammaherpesvirus 4,Lymphocryptovirus humangamma4,SNU-719,,"Human gammaherpesvirus 4 isolate SNU-719, complete genome",169424,complete,South Korea,South Korea,Homo sapiens,"Liu,J., Che,H., Sia,Y.Y.",2012-04-04
OR134772.1,,human gammaherpesvirus 4,Lymphocryptovirus humangamma4,YCC-10,,"Human gammaherpesvirus 4 isolate YCC-10, complete genome",176176,complete,South Korea,South Korea,Homo sapiens,"Liu,J., Che,H., Sia,Y.Y.",2012-06-06
LC573550.1,,Human gammaherpesvirus 4,Lymphocryptovirus humangamma4,,,"Human gammaherpesvirus 4 sLCL-T2.27 DNA, complete genome",173173,complete,,,,"Kanda,T., Yajima,M., Ikuta,T.",
LC573551.1,,Human gammaherpesvirus 4,Lymphocryptovirus humangamma4,,,"Human gammaherpesvirus 4 sLCL-T3.27 DNA, complete genome",169127,complete,,,,"Kanda,T., Yajima,M., Ikuta,T.",
LC573552.1,,Human gammaherpesvirus 4,Lymphocryptovirus humangamma4,,,"Human gammaherpesvirus 4 sLCL-T12.18 DNA, complete genome",183865,complete,,,,"Kanda,T., Yajima,M., Ikuta,T.",
LC573553.1,,Human gammaherpesvirus 4,Lymphocryptovirus humangamma4,,,"Human gammaherpesvirus 4 sLCL-T12.20 DNA, complete genome",170473,complete,,,,"Kanda,T., Yajima,M., Ikuta,T.",
LC573554.1,,Human gammaherpesvirus 4,Lymphocryptovirus humangamma4,,,"Human gammaherpesvirus 4 sLCL-T12.22 DNA, complete genome",168759,complete,,,,"Kanda,T., Yajima,M., Ikuta,T.",
LC573555.1,,Human gammaherpesvirus 4,Lymphocryptovirus humangamma4,,,"Human gammaherpesvirus 4 sLCL-T12.11 DNA, complete genome",166441,complete,,,,"Kanda,T., Yajima,M., Ikuta,T.",
LC573556.1,,Human gammaherpesvirus 4,Lymphocryptovirus humangamma4,,,"Human gammaherpesvirus 4 sLCL-T1.12 DNA, complete genome",170672,complete,,,,"Kanda,T., Yajima,M., Ikuta,T.",
MK973061.1,,Human gammaherpesvirus 4,Lymphocryptovirus humangamma4,,,"Human gammaherpesvirus 4 strain IM-3, complete genome",170183,complete,Germany: Heidelberg,Germany,Homo sapiens,"Delecluse,S., Delecluse,H.-J.J., Poirey,R.",2014-09-25
MK973062.1,,Human gammaherpesvirus 4,Lymphocryptovirus humangamma4,,,"Human gammaherpesvirus 4 strain rMSHJ, complete genome",164674,complete,Germany: Heidelberg,Germany,Homo sapiens,"Delecluse,S., Delecluse,H.-J.J., Poirey,R.",2015-01-16
MK540241.1,,human gammaherpesvirus 4,Lymphocryptovirus humangamma4,BLT001,,"UNVERIFIED_ASMBLY: Human gammaherpesvirus 4 isolate BLT001, complete genome",171823,complete,China,China,Homo sapiens,"Xu,M., Yao,Y., Chen,H., Zhang,S., Cao,S.-M., Zhang,Z., Luo,B., Liu,Z., Li,Z., Feng,Q.-S., Chen,L.-Z., Guo,X., Jia,W., Chen,M.-Y., Zhao,B., Zhang,X., Xie,S.-H., Peng,R., Chang,E.T., Peterganna,V., Feng,L., Bei,J.-X., Xu,R., Zeng,M.-S., Hildesheim,A., Ye,W., Adami,H.-O., Lin,X., Zhai,W., Zeng,Y.-X., Liu,J.",2013-10-21
MK540242.1,,human gammaherpesvirus 4,Lymphocryptovirus humangamma4,BLT002,,"UNVERIFIED_ASMBLY: Human gammaherpesvirus 4 isolate BLT002, complete genome",171823,complete,China,China,Homo sapiens,"Xu,M., Yao,Y., Chen,H., Zhang,S., Cao,S.-M., Zhang,Z., Luo,B., Liu,Z., Li,Z., Feng,Q.-S., Chen,L.-Z., Guo,X., Jia,W., Chen,M.-Y., Zhao,B., Zhang,X., Xie,S.-H., Peng,R., Chang,E.T., Peterganna,V., Feng,L., Bei,J.-X., Xu,R., Zeng,M.-S., Hildesheim,A., Ye,W., Adami,H.-O., Lin,X., Zhai,W., Zeng,Y.-X., Liu,J.",2013-11-13
MK540243.1,,human gammaherpesvirus 4,Lymphocryptovirus humangamma4,C666,,"UNVERIFIED_ASMBLY: Human gammaherpesvirus 4 isolate C666, complete genome",171823,complete,China,China,Homo sapiens,"Xu,M., Yao,Y., Chen,H., Zhang,S., Cao,S.-M., Zhang,Z., Luo,B., Liu,Z., Li,Z., Feng,Q.-S., Chen,L.-Z., Guo,X., Jia,W., Chen,M.-Y., Zhao,B., Zhang,X., Xie,S.-H., Peng,R., Chang,E.T., Peterganna,V., Feng,L., Bei,J.-X., Xu,R., Zeng,M.-S., Hildesheim,A., Ye,W., Adami,H.-O., Lin,X., Zhai,W., Zeng,Y.-X., Liu,J.",1998
MK540244.1,,human gammaherpesvirus 4,Lymphocryptovirus humangamma4,GCT001,,"UNVERIFIED_ASMBLY: Human gammaherpesvirus 4 isolate GCT001, complete genome",171823,complete,China,China,Homo sapiens,"Xu,M., Yao,Y., Chen,H., Zhang,S., Cao,S.-M., Zhang,Z., Luo,B., Liu,Z., Li,Z., Feng,Q.-S., Chen,L.-Z., Guo,X., Jia,W., Chen,M.-Y., Zhao,B., Zhang,X., Xie,S.-H., Peng,R., Chang,E.T., Peterganna,V., Feng,L., Bei,J.-X., Xu,R., Zeng,M.-S., Hildesheim,A., Ye,W., Adami,H.-O., Lin,X., Zhai,W., Zeng,Y.-X., Liu,J.",2013
MK540245.1,,human gammaherpesvirus 4,Lymphocryptovirus humangamma4,GCT002,,"UNVERIFIED_ASMBLY: Human gammaherpesvirus 4 isolate GCT002, complete genome",171823,complete,China,China,Homo sapiens,"Xu,M., Yao,Y., Chen,H., Zhang,S., Cao,S.-M., Zhang,Z., Luo,B., Liu,Z., Li,Z., Feng,Q.-S., Chen,L.-Z., Guo,X., Jia,W., Chen,M.-Y., Zhao,B., Zhang,X., Xie,S.-H., Peng,R., Chang,E.T., Peterganna,V., Feng,L., Bei,J.-X., Xu,R., Zeng,M.-S., Hildesheim,A., Ye,W., Adami,H.-O., Lin,X., Zhai,W., Zeng,Y.-X., Liu,J.",2013
MK540246.1,,human gammaherpesvirus 4,Lymphocryptovirus humangamma4,GCT003,,"UNVERIFIED_ASMBLY: Human gammaherpesvirus 4 isolate GCT003, complete genome",171823,complete,China,China,Homo sapiens,"Xu,M., Yao,Y., Chen,H., Zhang,S., Cao,S.-M., Zhang,Z., Luo,B., Liu,Z., Li,Z., Feng,Q.-S., Chen,L.-Z., Guo,X., Jia,W., Chen,M.-Y., Zhao,B., Zhang,X., Xie,S.-H., Peng,R., Chang,E.T., Peterganna,V., Feng,L., Bei,J.-X., Xu,R., Zeng,M.-S., Hildesheim,A., Ye,W., Adami,H.-O., Lin,X., Zhai,W., Zeng,Y.-X., Liu,J.",2013
MK540247.1,,human gammaherpesvirus 4,Lymphocryptovirus humangamma4,GCT004,,"UNVERIFIED_ASMBLY: Human gammaherpesvirus 4 isolate GCT004, complete genome",171823,complete,China,China,Homo sapiens,"Xu,M., Yao,Y., Chen,H., Zhang,S., Cao,S.-M., Zhang,Z., Luo,B., Liu,Z., Li,Z., Feng,Q.-S., Chen,L.-Z., Guo,X., Jia,W., Chen,M.-Y., Zhao,B., Zhang,X., Xie,S.-H., Peng,R., Chang,E.T., Peterganna,V., Feng,L., Bei,J.-X., Xu,R., Zeng,M.-S., Hildesheim,A., Ye,W., Adami,H.-O., Lin,X., Zhai,W., Zeng,Y.-X., Liu,J.",2013
MK540248.1,,human gammaherpesvirus 4,Lymphocryptovirus humangamma4,GCT005,,"UNVERIFIED_ASMBLY: Human gammaherpesvirus 4 isolate GCT005, complete genome",171823,complete,China,China,Homo sapiens,"Xu,M., Yao,Y., Chen,H., Zhang,S., Cao,S.-M., Zhang,Z., Luo,B., Liu,Z., Li,Z., Feng,Q.-S., Chen,L.-Z., Guo,X., Jia,W., Chen,M.-Y., Zhao,B., Zhang,X., Xie,S.-H., Peng,R., Chang,E.T., Peterganna,V., Feng,L., Bei,J.-X., Xu,R., Zeng,M.-S., Hildesheim,A., Ye,W., Adami,H.-O., Lin,X., Zhai,W., Zeng,Y.-X., Liu,J.",2013
MK540249.1,,human gammaherpesvirus 4,Lymphocryptovirus humangamma4,GCT006,,"UNVERIFIED_ASMBLY: Human gammaherpesvirus 4 isolate GCT006, complete genome",171823,complete,China,China,Homo sapiens,"Xu,M., Yao,Y., Chen,H., Zhang,S., Cao,S.-M., Zhang,Z., Luo,B., Liu,Z., Li,Z., Feng,Q.-S., Chen,L.-Z., Guo,X., Jia,W., Chen,M.-Y., Zhao,B., Zhang,X., Xie,S.-H., Peng,R., Chang,E.T., Peterganna,V., Feng,L., Bei,J.-X., Xu,R., Zeng,M.-S., Hildesheim,A., Ye,W., Adami,H.-O., Lin,X., Zhai,W., Zeng,Y.-X., Liu,J.",2013
MK540250.1,,human gammaherpesvirus 4,Lymphocryptovirus humangamma4,GCT007,,"UNVERIFIED_ASMBLY: Human gammaherpesvirus 4 isolate GCT007, complete genome",171823,complete,China,China,Homo sapiens,"Xu,M., Yao,Y., Chen,H., Zhang,S., Cao,S.-M., Zhang,Z., Luo,B., Liu,Z., Li,Z., Feng,Q.-S., Chen,L.-Z., Guo,X., Jia,W., Chen,M.-Y., Zhao,B., Zhang,X., Xie,S.-H., Peng,R., Chang,E.T., Peterganna,V., Feng,L., Bei,J.-X., Xu,R., Zeng,M.-S., Hildesheim,A., Ye,W., Adami,H.-O., Lin,X., Zhai,W., Zeng,Y.-X., Liu,J.",2013
MK540251.1,,human gammaherpesvirus 4,Lymphocryptovirus humangamma4,GCT009,,"UNVERIFIED_ASMBLY: Human gammaherpesvirus 4 isolate GCT009, complete genome",171823,complete,China,China,Homo sapiens,"Xu,M., Yao,Y., Chen,H., Zhang,S., Cao,S.-M., Zhang,Z., Luo,B., Liu,Z., Li,Z., Feng,Q.-S., Chen,L.-Z., Guo,X., Jia,W., Chen,M.-Y., Zhao,B., Zhang,X., Xie,S.-H., Peng,R., Chang,E.T., Peterganna,V., Feng,L., Bei,J.-X., Xu,R., Zeng,M.-S., Hildesheim,A., Ye,W., Adami,H.-O., Lin,X., Zhai,W., Zeng,Y.-X., Liu,J.",2013
MK540252.1,,human gammaherpesvirus 4,Lymphocryptovirus humangamma4,GCT010,,"UNVERIFIED_ASMBLY: Human gammaherpesvirus 4 isolate GCT010, complete genome",171823,complete,China,China,Homo sapiens,"Xu,M., Yao,Y., Chen,H., Zhang,S., Cao,S.-M., Zhang,Z., Luo,B., Liu,Z., Li,Z., Feng,Q.-S., Chen,L.-Z., Guo,X., Jia,W., Chen,M.-Y., Zhao,B., Zhang,X., Xie,S.-H., Peng,R., Chang,E.T., Peterganna,V., Feng,L., Bei,J.-X., Xu,R., Zeng,M.-S., Hildesheim,A., Ye,W., Adami,H.-O., Lin,X., Zhai,W., Zeng,Y.-X., Liu,J.",2013
MK540253.1,,human gammaherpesvirus 4,Lymphocryptovirus humangamma4,GCT011,,"UNVERIFIED_ASMBLY: Human gammaherpesvirus 4 isolate GCT011, complete genome",171823,complete,China,China,Homo sapiens,"Xu,M., Yao,Y., Chen,H., Zhang,S., Cao,S.-M., Zhang,Z., Luo,B., Liu,Z., Li,Z., Feng,Q.-S., Chen,L.-Z., Guo,X., Jia,W., Chen,M.-Y., Zhao,B., Zhang,X., Xie,S.-H., Peng,R., Chang,E.T., Peterganna,V., Feng,L., Bei,J.-X., Xu,R., Zeng,M.-S., Hildesheim,A., Ye,W., Adami,H.-O., Lin,X., Zhai,W., Zeng,Y.-X., Liu,J.",2013
MK540254.1,,human gammaherpesvirus 4,Lymphocryptovirus humangamma4,GCT012,,"UNVERIFIED_ASMBLY: Human gammaherpesvirus 4 isolate GCT012, complete genome",171823,complete,China,China,Homo sapiens,"Xu,M., Yao,Y., Chen,H., Zhang,S., Cao,S.-M., Zhang,Z., Luo,B., Liu,Z., Li,Z., Feng,Q.-S., Chen,L.-Z., Guo,X., Jia,W., Chen,M.-Y., Zhao,B., Zhang,X., Xie,S.-H., Peng,R., Chang,E.T., Peterganna,V., Feng,L., Bei,J.-X., Xu,R., Zeng,M.-S., Hildesheim,A., Ye,W., Adami,H.-O., Lin,X., Zhai,W., Zeng,Y.-X., Liu,J.",2013
MK540255.1,,human gammaherpesvirus 4,Lymphocryptovirus humangamma4,GCT013,,"UNVERIFIED_ASMBLY: Human gammaherpesvirus 4 isolate GCT013, complete genome",171823,complete,China,China,Homo sapiens,"Xu,M., Yao,Y., Chen,H., Zhang,S., Cao,S.-M., Zhang,Z., Luo,B., Liu,Z., Li,Z., Feng,Q.-S., Chen,L.-Z., Guo,X., Jia,W., Chen,M.-Y., Zhao,B., Zhang,X., Xie,S.-H., Peng,R., Chang,E.T., Peterganna,V., Feng,L., Bei,J.-X., Xu,R., Zeng,M.-S., Hildesheim,A., Ye,W., Adami,H.-O., Lin,X., Zhai,W., Zeng,Y.-X., Liu,J.",2013
MK540256.1,,human gammaherpesvirus 4,Lymphocryptovirus humangamma4,GCT014,,"UNVERIFIED_ASMBLY: Human gammaherpesvirus 4 isolate GCT014, complete genome",171823,complete,China,China,Homo sapiens,"Xu,M., Yao,Y., Chen,H., Zhang,S., Cao,S.-M., Zhang,Z., Luo,B., Liu,Z., Li,Z., Feng,Q.-S., Chen,L.-Z., Guo,X., Jia,W., Chen,M.-Y., Zhao,B., Zhang,X., Xie,S.-H., Peng,R., Chang,E.T., Peterganna,V., Feng,L., Bei,J.-X., Xu,R., Zeng,M.-S., Hildesheim,A., Ye,W., Adami,H.-O., Lin,X., Zhai,W., Zeng,Y.-X., Liu,J.",2013
MK540257.1,,human gammaherpesvirus 4,Lymphocryptovirus humangamma4,HLT001,,"UNVERIFIED_ASMBLY: Human gammaherpesvirus 4 isolate HLT001, complete genome",171823,complete,China,China,Homo sapiens,"Xu,M., Yao,Y., Chen,H., Zhang,S., Cao,S.-M., Zhang,Z., Luo,B., Liu,Z., Li,Z., Feng,Q.-S., Chen,L.-Z., Guo,X., Jia,W., Chen,M.-Y., Zhao,B., Zhang,X., Xie,S.-H., Peng,R., Chang,E.T., Peterganna,V., Feng,L., Bei,J.-X., Xu,R., Zeng,M.-S., Hildesheim,A., Ye,W., Adami,H.-O., Lin,X., Zhai,W., Zeng,Y.-X., Liu,J.",2011-11-24
MK540258.1,,human gammaherpesvirus 4,Lymphocryptovirus humangamma4,HLT002,,"UNVERIFIED_ASMBLY: Human gammaherpesvirus 4 isolate HLT002, complete genome",171823,complete,China,China,Homo sapiens,"Xu,M., Yao,Y., Chen,H., Zhang,S., Cao,S.-M., Zhang,Z., Luo,B., Liu,Z., Li,Z., Feng,Q.-S., Chen,L.-Z., Guo,X., Jia,W., Chen,M.-Y., Zhao,B., Zhang,X., Xie,S.-H., Peng,R., Chang,E.T., Peterganna,V., Feng,L., Bei,J.-X., Xu,R., Zeng,M.-S., Hildesheim,A., Ye,W., Adami,H.-O., Lin,X., Zhai,W., Zeng,Y.-X., Liu,J.",2012-05-11
MK540259.1,,human gammaherpesvirus 4,Lymphocryptovirus humangamma4,HLT005,,"UNVERIFIED_ASMBLY: Human gammaherpesvirus 4 isolate HLT005, complete genome",171823,complete,China,China,Homo sapiens,"Xu,M., Yao,Y., Chen,H., Zhang,S., Cao,S.-M., Zhang,Z., Luo,B., Liu,Z., Li,Z., Feng,Q.-S., Chen,L.-Z., Guo,X., Jia,W., Chen,M.-Y., Zhao,B., Zhang,X., Xie,S.-H., Peng,R., Chang,E.T., Peterganna,V., Feng,L., Bei,J.-X., Xu,R., Zeng,M.-S., Hildesheim,A., Ye,W., Adami,H.-O., Lin,X., Zhai,W., Zeng,Y.-X., Liu,J.",2012-06-27
MK540260.1,,human gammaherpesvirus 4,Lymphocryptovirus humangamma4,HLT006,,"UNVERIFIED_ASMBLY: Human gammaherpesvirus 4 isolate HLT006, complete genome",171823,complete,China,China,Homo sapiens,"Xu,M., Yao,Y., Chen,H., Zhang,S., Cao,S.-M., Zhang,Z., Luo,B., Liu,Z., Li,Z., Feng,Q.-S., Chen,L.-Z., Guo,X., Jia,W., Chen,M.-Y., Zhao,B., Zhang,X., Xie,S.-H., Peng,R., Chang,E.T., Peterganna,V., Feng,L., Bei,J.-X., Xu,R., Zeng,M.-S., Hildesheim,A., Ye,W., Adami,H.-O., Lin,X., Zhai,W., Zeng,Y.-X., Liu,J.",2012-07-16
MK540261.1,,human gammaherpesvirus 4,Lymphocryptovirus humangamma4,HLT007,,"UNVERIFIED_ASMBLY: Human gammaherpesvirus 4 isolate HLT007, complete genome",171823,complete,China,China,Homo sapiens,"Xu,M., Yao,Y., Chen,H., Zhang,S., Cao,S.-M., Zhang,Z., Luo,B., Liu,Z., Li,Z., Feng,Q.-S., Chen,L.-Z., Guo,X., Jia,W., Chen,M.-Y., Zhao,B., Zhang,X., Xie,S.-H., Peng,R., Chang,E.T., Peterganna,V., Feng,L., Bei,J.-X., Xu,R., Zeng,M.-S., Hildesheim,A., Ye,W., Adami,H.-O., Lin,X., Zhai,W., Zeng,Y.-X., Liu,J.",2012-05-02
MK540262.1,,human gammaherpesvirus 4,Lymphocryptovirus humangamma4,HLT010,,"UNVERIFIED_ASMBLY: Human gammaherpesvirus 4 isolate HLT010, complete genome",171823,complete,China,China,Homo sapiens,"Xu,M., Yao,Y., Chen,H., Zhang,S., Cao,S.-M., Zhang,Z., Luo,B., Liu,Z., Li,Z., Feng,Q.-S., Chen,L.-Z., Guo,X., Jia,W., Chen,M.-Y., Zhao,B., Zhang,X., Xie,S.-H., Peng,R., Chang,E.T., Peterganna,V., Feng,L., Bei,J.-X., Xu,R., Zeng,M.-S., Hildesheim,A., Ye,W., Adami,H.-O., Lin,X., Zhai,W., Zeng,Y.-X., Liu,J.",2013-04-09
MK540263.1,,human gammaherpesvirus 4,Lymphocryptovirus humangamma4,HLT011,,"UNVERIFIED_ASMBLY: Human gammaherpesvirus 4 isolate HLT011, complete genome",171823,complete,China,China,Homo sapiens,"Xu,M., Yao,Y., Chen,H., Zhang,S., Cao,S.-M., Zhang,Z., Luo,B., Liu,Z., Li,Z., Feng,Q.-S., Chen,L.-Z., Guo,X., Jia,W., Chen,M.-Y., Zhao,B., Zhang,X., Xie,S.-H., Peng,R., Chang,E.T., Peterganna,V., Feng,L., Bei,J.-X., Xu,R., Zeng,M.-S., Hildesheim,A., Ye,W., Adami,H.-O., Lin,X., Zhai,W., Zeng,Y.-X., Liu,J.",2013-05-28
MK540264.1,,human gammaherpesvirus 4,Lymphocryptovirus humangamma4,HS001,,"UNVERIFIED_ASMBLY: Human gammaherpesvirus 4 isolate HS001, complete genome",171823,complete,China,China,Homo sapiens,"Xu,M., Yao,Y., Chen,H., Zhang,S., Cao,S.-M., Zhang,Z., Luo,B., Liu,Z., Li,Z., Feng,Q.-S., Chen,L.-Z., Guo,X., Jia,W., Chen,M.-Y., Zhao,B., Zhang,X., Xie,S.-H., Peng,R., Chang,E.T., Peterganna,V., Feng,L., Bei,J.-X., Xu,R., Zeng,M.-S., Hildesheim,A., Ye,W., Adami,H.-O., Lin,X., Zhai,W., Zeng,Y.-X., Liu,J.",2013-11-01
MK540265.1,,human gammaherpesvirus 4,Lymphocryptovirus humangamma4,HS003,,"UNVERIFIED_ASMBLY: Human gammaherpesvirus 4 isolate HS003, complete genome",171823,complete,China,China,Homo sapiens,"Xu,M., Yao,Y., Chen,H., Zhang,S., Cao,S.-M., Zhang,Z., Luo,B., Liu,Z., Li,Z., Feng,Q.-S., Chen,L.-Z., Guo,X., Jia,W., Chen,M.-Y., Zhao,B., Zhang,X., Xie,S.-H., Peng,R., Chang,E.T., Peterganna,V., Feng,L., Bei,J.-X., Xu,R., Zeng,M.-S., Hildesheim,A., Ye,W., Adami,H.-O., Lin,X., Zhai,W., Zeng,Y.-X., Liu,J.",2013-11-01
MK540266.1,,human gammaherpesvirus 4,Lymphocryptovirus humangamma4,HS007,,"UNVERIFIED_ASMBLY: Human gammaherpesvirus 4 isolate HS007, complete genome",171823,complete,China,China,Homo sapiens,"Xu,M., Yao,Y., Chen,H., Zhang,S., Cao,S.-M., Zhang,Z., Luo,B., Liu,Z., Li,Z., Feng,Q.-S., Chen,L.-Z., Guo,X., Jia,W., Chen,M.-Y., Zhao,B., Zhang,X., Xie,S.-H., Peng,R., Chang,E.T., Peterganna,V., Feng,L., Bei,J.-X., Xu,R., Zeng,M.-S., Hildesheim,A., Ye,W., Adami,H.-O., Lin,X., Zhai,W., Zeng,Y.-X., Liu,J.",2010-11-06
MK540267.1,,human gammaherpesvirus 4,Lymphocryptovirus humangamma4,HS008,,"UNVERIFIED_ASMBLY: Human gammaherpesvirus 4 isolate HS008, complete genome",171823,complete,China,China,Homo sapiens,"Xu,M., Yao,Y., Chen,H., Zhang,S., Cao,S.-M., Zhang,Z., Luo,B., Liu,Z., Li,Z., Feng,Q.-S., Chen,L.-Z., Guo,X., Jia,W., Chen,M.-Y., Zhao,B., Zhang,X., Xie,S.-H., Peng,R., Chang,E.T., Peterganna,V., Feng,L., Bei,J.-X., Xu,R., Zeng,M.-S., Hildesheim,A., Ye,W., Adami,H.-O., Lin,X., Zhai,W., Zeng,Y.-X., Liu,J.",2011-01-11
MK540268.1,,human gammaherpesvirus 4,Lymphocryptovirus humangamma4,HS009,,"UNVERIFIED_ASMBLY: Human gammaherpesvirus 4 isolate HS009, complete genome",171823,complete,China,China,Homo sapiens,"Xu,M., Yao,Y., Chen,H., Zhang,S., Cao,S.-M., Zhang,Z., Luo,B., Liu,Z., Li,Z., Feng,Q.-S., Chen,L.-Z., Guo,X., Jia,W., Chen,M.-Y., Zhao,B., Zhang,X., Xie,S.-H., Peng,R., Chang,E.T., Peterganna,V., Feng,L., Bei,J.-X., Xu,R., Zeng,M.-S., Hildesheim,A., Ye,W., Adami,H.-O., Lin,X., Zhai,W., Zeng,Y.-X., Liu,J.",2011-01-28
MK540269.1,,human gammaherpesvirus 4,Lymphocryptovirus humangamma4,HS011,,"UNVERIFIED_ASMBLY: Human gammaherpesvirus 4 isolate HS011, complete genome",171823,complete,China,China,Homo sapiens,"Xu,M., Yao,Y., Chen,H., Zhang,S., Cao,S.-M., Zhang,Z., Luo,B., Liu,Z., Li,Z., Feng,Q.-S., Chen,L.-Z., Guo,X., Jia,W., Chen,M.-Y., Zhao,B., Zhang,X., Xie,S.-H., Peng,R., Chang,E.T., Peterganna,V., Feng,L., Bei,J.-X., Xu,R., Zeng,M.-S., Hildesheim,A., Ye,W., Adami,H.-O., Lin,X., Zhai,W., Zeng,Y.-X., Liu,J.",2011-03-02
MK540270.1,,human gammaherpesvirus 4,Lymphocryptovirus humangamma4,HS012,,"UNVERIFIED_ASMBLY: Human gammaherpesvirus 4 isolate HS012, complete genome",171823,complete,China,China,Homo sapiens,"Xu,M., Yao,Y., Chen,H., Zhang,S., Cao,S.-M., Zhang,Z., Luo,B., Liu,Z., Li,Z., Feng,Q.-S., Chen,L.-Z., Guo,X., Jia,W., Chen,M.-Y., Zhao,B., Zhang,X., Xie,S.-H., Peng,R., Chang,E.T., Peterganna,V., Feng,L., Bei,J.-X., Xu,R., Zeng,M.-S., Hildesheim,A., Ye,W., Adami,H.-O., Lin,X., Zhai,W., Zeng,Y.-X., Liu,J.",2011-11-13
MK540271.1,,human gammaherpesvirus 4,Lymphocryptovirus humangamma4,HS013,,"UNVERIFIED_ASMBLY: Human gammaherpesvirus 4 isolate HS013, complete genome",171823,complete,China,China,Homo sapiens,"Xu,M., Yao,Y., Chen,H., Zhang,S., Cao,S.-M., Zhang,Z., Luo,B., Liu,Z., Li,Z., Feng,Q.-S., Chen,L.-Z., Guo,X., Jia,W., Chen,M.-Y., Zhao,B., Zhang,X., Xie,S.-H., Peng,R., Chang,E.T., Peterganna,V., Feng,L., Bei,J.-X., Xu,R., Zeng,M.-S., Hildesheim,A., Ye,W., Adami,H.-O., Lin,X., Zhai,W., Zeng,Y.-X., Liu,J.",2012-02-22
MK540272.1,,human gammaherpesvirus 4,Lymphocryptovirus humangamma4,HS014,,"UNVERIFIED_ASMBLY: Human gammaherpesvirus 4 isolate HS014, complete genome",171823,complete,China,China,Homo sapiens,"Xu,M., Yao,Y., Chen,H., Zhang,S., Cao,S.-M., Zhang,Z., Luo,B., Liu,Z., Li,Z., Feng,Q.-S., Chen,L.-Z., Guo,X., Jia,W., Chen,M.-Y., Zhao,B., Zhang,X., Xie,S.-H., Peng,R., Chang,E.T., Peterganna,V., Feng,L., Bei,J.-X., Xu,R., Zeng,M.-S., Hildesheim,A., Ye,W., Adami,H.-O., Lin,X., Zhai,W., Zeng,Y.-X., Liu,J.",2012-02-23
MK540273.1,,human gammaherpesvirus 4,Lymphocryptovirus humangamma4,HS015,,"UNVERIFIED_ASMBLY: Human gammaherpesvirus 4 isolate HS015, complete genome",171823,complete,China,China,Homo sapiens,"Xu,M., Yao,Y., Chen,H., Zhang,S., Cao,S.-M., Zhang,Z., Luo,B., Liu,Z., Li,Z., Feng,Q.-S., Chen,L.-Z., Guo,X., Jia,W., Chen,M.-Y., Zhao,B., Zhang,X., Xie,S.-H., Peng,R., Chang,E.T., Peterganna,V., Feng,L., Bei,J.-X., Xu,R., Zeng,M.-S., Hildesheim,A., Ye,W., Adami,H.-O., Lin,X., Zhai,W., Zeng,Y.-X., Liu,J.",2012-03-07
MK540274.1,,human gammaherpesvirus 4,Lymphocryptovirus humangamma4,HS016,,"UNVERIFIED_ASMBLY: Human gammaherpesvirus 4 isolate HS016, complete genome",171823,complete,China,China,Homo sapiens,"Xu,M., Yao,Y., Chen,H., Zhang,S., Cao,S.-M., Zhang,Z., Luo,B., Liu,Z., Li,Z., Feng,Q.-S., Chen,L.-Z., Guo,X., Jia,W., Chen,M.-Y., Zhao,B., Zhang,X., Xie,S.-H., Peng,R., Chang,E.T., Peterganna,V., Feng,L., Bei,J.-X., Xu,R., Zeng,M.-S., Hildesheim,A., Ye,W., Adami,H.-O., Lin,X., Zhai,W., Zeng,Y.-X., Liu,J.",2012-10-28
MK540275.1,,human gammaherpesvirus 4,Lymphocryptovirus humangamma4,HS018,,"UNVERIFIED_ASMBLY: Human gammaherpesvirus 4 isolate HS018, complete genome",171823,complete,China,China,Homo sapiens,"Xu,M., Yao,Y., Chen,H., Zhang,S., Cao,S.-M., Zhang,Z., Luo,B., Liu,Z., Li,Z., Feng,Q.-S., Chen,L.-Z., Guo,X., Jia,W., Chen,M.-Y., Zhao,B., Zhang,X., Xie,S.-H., Peng,R., Chang,E.T., Peterganna,V., Feng,L., Bei,J.-X., Xu,R., Zeng,M.-S., Hildesheim,A., Ye,W., Adami,H.-O., Lin,X., Zhai,W., Zeng,Y.-X., Liu,J.",2010-11-13
MK540276.1,,human gammaherpesvirus 4,Lymphocryptovirus humangamma4,HS019,,"UNVERIFIED_ASMBLY: Human gammaherpesvirus 4 isolate HS019, complete genome",171823,complete,China,China,Homo sapiens,"Xu,M., Yao,Y., Chen,H., Zhang,S., Cao,S.-M., Zhang,Z., Luo,B., Liu,Z., Li,Z., Feng,Q.-S., Chen,L.-Z., Guo,X., Jia,W., Chen,M.-Y., Zhao,B., Zhang,X., Xie,S.-H., Peng,R., Chang,E.T., Peterganna,V., Feng,L., Bei,J.-X., Xu,R., Zeng,M.-S., Hildesheim,A., Ye,W., Adami,H.-O., Lin,X., Zhai,W., Zeng,Y.-X., Liu,J.",2010-11-13
MK540277.1,,human gammaherpesvirus 4,Lymphocryptovirus humangamma4,HS020,,"UNVERIFIED_ASMBLY: Human gammaherpesvirus 4 isolate HS020, complete genome",171823,complete,China,China,Homo sapiens,"Xu,M., Yao,Y., Chen,H., Zhang,S., Cao,S.-M., Zhang,Z., Luo,B., Liu,Z., Li,Z., Feng,Q.-S., Chen,L.-Z., Guo,X., Jia,W., Chen,M.-Y., Zhao,B., Zhang,X., Xie,S.-H., Peng,R., Chang,E.T., Peterganna,V., Feng,L., Bei,J.-X., Xu,R., Zeng,M.-S., Hildesheim,A., Ye,W., Adami,H.-O., Lin,X., Zhai,W., Zeng,Y.-X., Liu,J.",2010-11-24
MK540278.1,,human gammaherpesvirus 4,Lymphocryptovirus humangamma4,HS021,,"UNVERIFIED_ASMBLY: Human gammaherpesvirus 4 isolate HS021, complete genome",171823,complete,China,China,Homo sapiens,"Xu,M., Yao,Y., Chen,H., Zhang,S., Cao,S.-M., Zhang,Z., Luo,B., Liu,Z., Li,Z., Feng,Q.-S., Chen,L.-Z., Guo,X., Jia,W., Chen,M.-Y., Zhao,B., Zhang,X., Xie,S.-H., Peng,R., Chang,E.T., Peterganna,V., Feng,L., Bei,J.-X., Xu,R., Zeng,M.-S., Hildesheim,A., Ye,W., Adami,H.-O., Lin,X., Zhai,W., Zeng,Y.-X., Liu,J.",2012-10-18
MK540279.1,,human gammaherpesvirus 4,Lymphocryptovirus humangamma4,HS023,,"UNVERIFIED_ASMBLY: Human gammaherpesvirus 4 isolate HS023, complete genome",171823,complete,China,China,Homo sapiens,"Xu,M., Yao,Y., Chen,H., Zhang,S., Cao,S.-M., Zhang,Z., Luo,B., Liu,Z., Li,Z., Feng,Q.-S., Chen,L.-Z., Guo,X., Jia,W., Chen,M.-Y., Zhao,B., Zhang,X., Xie,S.-H., Peng,R., Chang,E.T., Peterganna,V., Feng,L., Bei,J.-X., Xu,R., Zeng,M.-S., Hildesheim,A., Ye,W., Adami,H.-O., Lin,X., Zhai,W., Zeng,Y.-X., Liu,J.",2012-12-09
MK540280.1,,human gammaherpesvirus 4,Lymphocryptovirus humangamma4,HS024,,"UNVERIFIED_ASMBLY: Human gammaherpesvirus 4 isolate HS024, complete genome",171823,complete,China,China,Homo sapiens,"Xu,M., Yao,Y., Chen,H., Zhang,S., Cao,S.-M., Zhang,Z., Luo,B., Liu,Z., Li,Z., Feng,Q.-S., Chen,L.-Z., Guo,X., Jia,W., Chen,M.-Y., Zhao,B., Zhang,X., Xie,S.-H., Peng,R., Chang,E.T., Peterganna,V., Feng,L., Bei,J.-X., Xu,R., Zeng,M.-S., Hildesheim,A., Ye,W., Adami,H.-O., Lin,X., Zhai,W., Zeng,Y.-X., Liu,J.",2012-12-10
MK540281.1,,human gammaherpesvirus 4,Lymphocryptovirus humangamma4,HS025,,"UNVERIFIED_ASMBLY: Human gammaherpesvirus 4 isolate HS025, complete genome",171823,complete,China,China,Homo sapiens,"Xu,M., Yao,Y., Chen,H., Zhang,S., Cao,S.-M., Zhang,Z., Luo,B., Liu,Z., Li,Z., Feng,Q.-S., Chen,L.-Z., Guo,X., Jia,W., Chen,M.-Y., Zhao,B., Zhang,X., Xie,S.-H., Peng,R., Chang,E.T., Peterganna,V., Feng,L., Bei,J.-X., Xu,R., Zeng,M.-S., Hildesheim,A., Ye,W., Adami,H.-O., Lin,X., Zhai,W., Zeng,Y.-X., Liu,J.",2013-01-12
MK540282.1,,human gammaherpesvirus 4,Lymphocryptovirus humangamma4,HS027,,"UNVERIFIED_ASMBLY: Human gammaherpesvirus 4 isolate HS027, complete genome",171823,complete,China,China,Homo sapiens,"Xu,M., Yao,Y., Chen,H., Zhang,S., Cao,S.-M., Zhang,Z., Luo,B., Liu,Z., Li,Z., Feng,Q.-S., Chen,L.-Z., Guo,X., Jia,W., Chen,M.-Y., Zhao,B., Zhang,X., Xie,S.-H., Peng,R., Chang,E.T., Peterganna,V., Feng,L., Bei,J.-X., Xu,R., Zeng,M.-S., Hildesheim,A., Ye,W., Adami,H.-O., Lin,X., Zhai,W., Zeng,Y.-X., Liu,J.",2011-09-28
MK540283.1,,human gammaherpesvirus 4,Lymphocryptovirus humangamma4,HS029,,"UNVERIFIED_ASMBLY: Human gammaherpesvirus 4 isolate HS029, complete genome",171823,complete,China,China,Homo sapiens,"Xu,M., Yao,Y., Chen,H., Zhang,S., Cao,S.-M., Zhang,Z., Luo,B., Liu,Z., Li,Z., Feng,Q.-S., Chen,L.-Z., Guo,X., Jia,W., Chen,M.-Y., Zhao,B., Zhang,X., Xie,S.-H., Peng,R., Chang,E.T., Peterganna,V., Feng,L., Bei,J.-X., Xu,R., Zeng,M.-S., Hildesheim,A., Ye,W., Adami,H.-O., Lin,X., Zhai,W., Zeng,Y.-X., Liu,J.",2011-11-16
MK540284.1,,human gammaherpesvirus 4,Lymphocryptovirus humangamma4,HS032,,"UNVERIFIED_ASMBLY: Human gammaherpesvirus 4 isolate HS032, complete genome",171823,complete,China,China,Homo sapiens,"Xu,M., Yao,Y., Chen,H., Zhang,S., Cao,S.-M., Zhang,Z., Luo,B., Liu,Z., Li,Z., Feng,Q.-S., Chen,L.-Z., Guo,X., Jia,W., Chen,M.-Y., Zhao,B., Zhang,X., Xie,S.-H., Peng,R., Chang,E.T., Peterganna,V., Feng,L., Bei,J.-X., Xu,R., Zeng,M.-S., Hildesheim,A., Ye,W., Adami,H.-O., Lin,X., Zhai,W., Zeng,Y.-X., Liu,J.",2012-02-28
MK540285.1,,human gammaherpesvirus 4,Lymphocryptovirus humangamma4,HS033,,"UNVERIFIED_ASMBLY: Human gammaherpesvirus 4 isolate HS033, complete genome",171823,complete,China,China,Homo sapiens,"Xu,M., Yao,Y., Chen,H., Zhang,S., Cao,S.-M., Zhang,Z., Luo,B., Liu,Z., Li,Z., Feng,Q.-S., Chen,L.-Z., Guo,X., Jia,W., Chen,M.-Y., Zhao,B., Zhang,X., Xie,S.-H., Peng,R., Chang,E.T., Peterganna,V., Feng,L., Bei,J.-X., Xu,R., Zeng,M.-S., Hildesheim,A., Ye,W., Adami,H.-O., Lin,X., Zhai,W., Zeng,Y.-X., Liu,J.",2012-03-10
MK540286.1,,human gammaherpesvirus 4,Lymphocryptovirus humangamma4,HS034,,"UNVERIFIED_ASMBLY: Human gammaherpesvirus 4 isolate HS034, complete genome",171823,complete,China,China,Homo sapiens,"Xu,M., Yao,Y., Chen,H., Zhang,S., Cao,S.-M., Zhang,Z., Luo,B., Liu,Z., Li,Z., Feng,Q.-S., Chen,L.-Z., Guo,X., Jia,W., Chen,M.-Y., Zhao,B., Zhang,X., Xie,S.-H., Peng,R., Chang,E.T., Peterganna,V., Feng,L., Bei,J.-X., Xu,R., Zeng,M.-S., Hildesheim,A., Ye,W., Adami,H.-O., Lin,X., Zhai,W., Zeng,Y.-X., Liu,J.",2013-10-13
MK540287.1,,human gammaherpesvirus 4,Lymphocryptovirus humangamma4,HS035,,"UNVERIFIED_ASMBLY: Human gammaherpesvirus 4 isolate HS035, complete genome",171823,complete,China,China,Homo sapiens,"Xu,M., Yao,Y., Chen,H., Zhang,S., Cao,S.-M., Zhang,Z., Luo,B., Liu,Z., Li,Z., Feng,Q.-S., Chen,L.-Z., Guo,X., Jia,W., Chen,M.-Y., Zhao,B., Zhang,X., Xie,S.-H., Peng,R., Chang,E.T., Peterganna,V., Feng,L., Bei,J.-X., Xu,R., Zeng,M.-S., Hildesheim,A., Ye,W., Adami,H.-O., Lin,X., Zhai,W., Zeng,Y.-X., Liu,J.",2014-01-17
MK540288.1,,human gammaherpesvirus 4,Lymphocryptovirus humangamma4,HS036,,"UNVERIFIED_ASMBLY: Human gammaherpesvirus 4 isolate HS036, complete genome",171823,complete,China,China,Homo sapiens,"Xu,M., Yao,Y., Chen,H., Zhang,S., Cao,S.-M., Zhang,Z., Luo,B., Liu,Z., Li,Z., Feng,Q.-S., Chen,L.-Z., Guo,X., Jia,W., Chen,M.-Y., Zhao,B., Zhang,X., Xie,S.-H., Peng,R., Chang,E.T., Peterganna,V., Feng,L., Bei,J.-X., Xu,R., Zeng,M.-S., Hildesheim,A., Ye,W., Adami,H.-O., Lin,X., Zhai,W., Zeng,Y.-X., Liu,J.",2014-01-19
MK540289.1,,human gammaherpesvirus 4,Lymphocryptovirus humangamma4,HS037,,"UNVERIFIED_ASMBLY: Human gammaherpesvirus 4 isolate HS037, complete genome",171823,complete,China,China,Homo sapiens,"Xu,M., Yao,Y., Chen,H., Zhang,S., Cao,S.-M., Zhang,Z., Luo,B., Liu,Z., Li,Z., Feng,Q.-S., Chen,L.-Z., Guo,X., Jia,W., Chen,M.-Y., Zhao,B., Zhang,X., Xie,S.-H., Peng,R., Chang,E.T., Peterganna,V., Feng,L., Bei,J.-X., Xu,R., Zeng,M.-S., Hildesheim,A., Ye,W., Adami,H.-O., Lin,X., Zhai,W., Zeng,Y.-X., Liu,J.",2014-01-23
MK540290.1,,human gammaherpesvirus 4,Lymphocryptovirus humangamma4,HS038,,"UNVERIFIED_ASMBLY: Human gammaherpesvirus 4 isolate HS038, complete genome",171823,complete,China,China,Homo sapiens,"Xu,M., Yao,Y., Chen,H., Zhang,S., Cao,S.-M., Zhang,Z., Luo,B., Liu,Z., Li,Z., Feng,Q.-S., Chen,L.-Z., Guo,X., Jia,W., Chen,M.-Y., Zhao,B., Zhang,X., Xie,S.-H., Peng,R., Chang,E.T., Peterganna,V., Feng,L., Bei,J.-X., Xu,R., Zeng,M.-S., Hildesheim,A., Ye,W., Adami,H.-O., Lin,X., Zhai,W., Zeng,Y.-X., Liu,J.",2014-01-24
MK540291.1,,human gammaherpesvirus 4,Lymphocryptovirus humangamma4,HS039,,"UNVERIFIED_ASMBLY: Human gammaherpesvirus 4 isolate HS039, complete genome",171823,complete,China,China,Homo sapiens,"Xu,M., Yao,Y., Chen,H., Zhang,S., Cao,S.-M., Zhang,Z., Luo,B., Liu,Z., Li,Z., Feng,Q.-S., Chen,L.-Z., Guo,X., Jia,W., Chen,M.-Y., Zhao,B., Zhang,X., Xie,S.-H., Peng,R., Chang,E.T., Peterganna,V., Feng,L., Bei,J.-X., Xu,R., Zeng,M.-S., Hildesheim,A., Ye,W., Adami,H.-O., Lin,X., Zhai,W., Zeng,Y.-X., Liu,J.",2014-01-23
MK540292.1,,human gammaherpesvirus 4,Lymphocryptovirus humangamma4,HS041,,"UNVERIFIED_ASMBLY: Human gammaherpesvirus 4 isolate HS041, complete genome",171823,complete,China,China,Homo sapiens,"Xu,M., Yao,Y., Chen,H., Zhang,S., Cao,S.-M., Zhang,Z., Luo,B., Liu,Z., Li,Z., Feng,Q.-S., Chen,L.-Z., Guo,X., Jia,W., Chen,M.-Y., Zhao,B., Zhang,X., Xie,S.-H., Peng,R., Chang,E.T., Peterganna,V., Feng,L., Bei,J.-X., Xu,R., Zeng,M.-S., Hildesheim,A., Ye,W., Adami,H.-O., Lin,X., Zhai,W., Zeng,Y.-X., Liu,J.",2014-01-31
MK540293.1,,human gammaherpesvirus 4,Lymphocryptovirus humangamma4,HS045,,"UNVERIFIED_ASMBLY: Human gammaherpesvirus 4 isolate HS045, complete genome",171823,complete,China,China,Homo sapiens,"Xu,M., Yao,Y., Chen,H., Zhang,S., Cao,S.-M., Zhang,Z., Luo,B., Liu,Z., Li,Z., Feng,Q.-S., Chen,L.-Z., Guo,X., Jia,W., Chen,M.-Y., Zhao,B., Zhang,X., Xie,S.-H., Peng,R., Chang,E.T., Peterganna,V., Feng,L., Bei,J.-X., Xu,R., Zeng,M.-S., Hildesheim,A., Ye,W., Adami,H.-O., Lin,X., Zhai,W., Zeng,Y.-X., Liu,J.",2013-09-13
MK540294.1,,human gammaherpesvirus 4,Lymphocryptovirus humangamma4,HS048,,"UNVERIFIED_ASMBLY: Human gammaherpesvirus 4 isolate HS048, complete genome",171823,complete,China,China,Homo sapiens,"Xu,M., Yao,Y., Chen,H., Zhang,S., Cao,S.-M., Zhang,Z., Luo,B., Liu,Z., Li,Z., Feng,Q.-S., Chen,L.-Z., Guo,X., Jia,W., Chen,M.-Y., Zhao,B., Zhang,X., Xie,S.-H., Peng,R., Chang,E.T., Peterganna,V., Feng,L., Bei,J.-X., Xu,R., Zeng,M.-S., Hildesheim,A., Ye,W., Adami,H.-O., Lin,X., Zhai,W., Zeng,Y.-X., Liu,J.",2013-10-12
MK540295.1,,human gammaherpesvirus 4,Lymphocryptovirus humangamma4,HS050,,"UNVERIFIED_ASMBLY: Human gammaherpesvirus 4 isolate HS050, complete genome",171823,complete,China,China,Homo sapiens,"Xu,M., Yao,Y., Chen,H., Zhang,S., Cao,S.-M., Zhang,Z., Luo,B., Liu,Z., Li,Z., Feng,Q.-S., Chen,L.-Z., Guo,X., Jia,W., Chen,M.-Y., Zhao,B., Zhang,X., Xie,S.-H., Peng,R., Chang,E.T., Peterganna,V., Feng,L., Bei,J.-X., Xu,R., Zeng,M.-S., Hildesheim,A., Ye,W., Adami,H.-O., Lin,X., Zhai,W., Zeng,Y.-X., Liu,J.",2013-11-03
MK540296.1,,human gammaherpesvirus 4,Lymphocryptovirus humangamma4,HS051,,"UNVERIFIED_ASMBLY: Human gammaherpesvirus 4 isolate HS051, complete genome",171823,complete,China,China,Homo sapiens,"Xu,M., Yao,Y., Chen,H., Zhang,S., Cao,S.-M., Zhang,Z., Luo,B., Liu,Z., Li,Z., Feng,Q.-S., Chen,L.-Z., Guo,X., Jia,W., Chen,M.-Y., Zhao,B., Zhang,X., Xie,S.-H., Peng,R., Chang,E.T., Peterganna,V., Feng,L., Bei,J.-X., Xu,R., Zeng,M.-S., Hildesheim,A., Ye,W., Adami,H.-O., Lin,X., Zhai,W., Zeng,Y.-X., Liu,J.",2013-11-03
MK540297.1,,human gammaherpesvirus 4,Lymphocryptovirus humangamma4,HS052,,"UNVERIFIED_ASMBLY: Human gammaherpesvirus 4 isolate HS052, complete genome",171823,complete,China,China,Homo sapiens,"Xu,M., Yao,Y., Chen,H., Zhang,S., Cao,S.-M., Zhang,Z., Luo,B., Liu,Z., Li,Z., Feng,Q.-S., Chen,L.-Z., Guo,X., Jia,W., Chen,M.-Y., Zhao,B., Zhang,X., Xie,S.-H., Peng,R., Chang,E.T., Peterganna,V., Feng,L., Bei,J.-X., Xu,R., Zeng,M.-S., Hildesheim,A., Ye,W., Adami,H.-O., Lin,X., Zhai,W., Zeng,Y.-X., Liu,J.",2013-11-05
MK540298.1,,human gammaherpesvirus 4,Lymphocryptovirus humangamma4,HS053,,"UNVERIFIED_ASMBLY: Human gammaherpesvirus 4 isolate HS053, complete genome",171823,complete,China,China,Homo sapiens,"Xu,M., Yao,Y., Chen,H., Zhang,S., Cao,S.-M., Zhang,Z., Luo,B., Liu,Z., Li,Z., Feng,Q.-S., Chen,L.-Z., Guo,X., Jia,W., Chen,M.-Y., Zhao,B., Zhang,X., Xie,S.-H., Peng,R., Chang,E.T., Peterganna,V., Feng,L., Bei,J.-X., Xu,R., Zeng,M.-S., Hildesheim,A., Ye,W., Adami,H.-O., Lin,X., Zhai,W., Zeng,Y.-X., Liu,J.",2013-11-13
MK540299.1,,human gammaherpesvirus 4,Lymphocryptovirus humangamma4,HS054,,"UNVERIFIED_ASMBLY: Human gammaherpesvirus 4 isolate HS054, complete genome",171823,complete,China,China,Homo sapiens,"Xu,M., Yao,Y., Chen,H., Zhang,S., Cao,S.-M., Zhang,Z., Luo,B., Liu,Z., Li,Z., Feng,Q.-S., Chen,L.-Z., Guo,X., Jia,W., Chen,M.-Y., Zhao,B., Zhang,X., Xie,S.-H., Peng,R., Chang,E.T., Peterganna,V., Feng,L., Bei,J.-X., Xu,R., Zeng,M.-S., Hildesheim,A., Ye,W., Adami,H.-O., Lin,X., Zhai,W., Zeng,Y.-X., Liu,J.",2013-11-28
MK540300.1,,human gammaherpesvirus 4,Lymphocryptovirus humangamma4,HS057,,"UNVERIFIED_ASMBLY: Human gammaherpesvirus 4 isolate HS057, complete genome",171823,complete,China,China,Homo sapiens,"Xu,M., Yao,Y., Chen,H., Zhang,S., Cao,S.-M., Zhang,Z., Luo,B., Liu,Z., Li,Z., Feng,Q.-S., Chen,L.-Z., Guo,X., Jia,W., Chen,M.-Y., Zhao,B., Zhang,X., Xie,S.-H., Peng,R., Chang,E.T., Peterganna,V., Feng,L., Bei,J.-X., Xu,R., Zeng,M.-S., Hildesheim,A., Ye,W., Adami,H.-O., Lin,X., Zhai,W., Zeng,Y.-X., Liu,J.",2013-12-27
MK540301.1,,human gammaherpesvirus 4,Lymphocryptovirus humangamma4,NHS002,,"UNVERIFIED_ASMBLY: Human gammaherpesvirus 4 isolate NHS002, complete genome",171823,complete,China,China,Homo sapiens,"Xu,M., Yao,Y., Chen,H., Zhang,S., Cao,S.-M., Zhang,Z., Luo,B., Liu,Z., Li,Z., Feng,Q.-S., Chen,L.-Z., Guo,X., Jia,W., Chen,M.-Y., Zhao,B., Zhang,X., Xie,S.-H., Peng,R., Chang,E.T., Peterganna,V., Feng,L., Bei,J.-X., Xu,R., Zeng,M.-S., Hildesheim,A., Ye,W., Adami,H.-O., Lin,X., Zhai,W., Zeng,Y.-X., Liu,J.",2013
MK540302.1,,human gammaherpesvirus 4,Lymphocryptovirus humangamma4,NHS004,,"UNVERIFIED_ASMBLY: Human gammaherpesvirus 4 isolate NHS004, complete genome",171823,complete,China,China,Homo sapiens,"Xu,M., Yao,Y., Chen,H., Zhang,S., Cao,S.-M., Zhang,Z., Luo,B., Liu,Z., Li,Z., Feng,Q.-S., Chen,L.-Z., Guo,X., Jia,W., Chen,M.-Y., Zhao,B., Zhang,X., Xie,S.-H., Peng,R., Chang,E.T., Peterganna,V., Feng,L., Bei,J.-X., Xu,R., Zeng,M.-S., Hildesheim,A., Ye,W., Adami,H.-O., Lin,X., Zhai,W., Zeng,Y.-X., Liu,J.",2013
MK540303.1,,human gammaherpesvirus 4,Lymphocryptovirus humangamma4,NKLT002,,"UNVERIFIED_ASMBLY: Human gammaherpesvirus 4 isolate NKLT002, complete genome",171823,complete,China,China,Homo sapiens,"Xu,M., Yao,Y., Chen,H., Zhang,S., Cao,S.-M., Zhang,Z., Luo,B., Liu,Z., Li,Z., Feng,Q.-S., Chen,L.-Z., Guo,X., Jia,W., Chen,M.-Y., Zhao,B., Zhang,X., Xie,S.-H., Peng,R., Chang,E.T., Peterganna,V., Feng,L., Bei,J.-X., Xu,R., Zeng,M.-S., Hildesheim,A., Ye,W., Adami,H.-O., Lin,X., Zhai,W., Zeng,Y.-X., Liu,J.",2012-07-12
MK540304.1,,human gammaherpesvirus 4,Lymphocryptovirus humangamma4,NKLT003-2,,"UNVERIFIED_ASMBLY: Human gammaherpesvirus 4 isolate NKLT003-2, complete genome",171823,complete,China,China,Homo sapiens,"Xu,M., Yao,Y., Chen,H., Zhang,S., Cao,S.-M., Zhang,Z., Luo,B., Liu,Z., Li,Z., Feng,Q.-S., Chen,L.-Z., Guo,X., Jia,W., Chen,M.-Y., Zhao,B., Zhang,X., Xie,S.-H., Peng,R., Chang,E.T., Peterganna,V., Feng,L., Bei,J.-X., Xu,R., Zeng,M.-S., Hildesheim,A., Ye,W., Adami,H.-O., Lin,X., Zhai,W., Zeng,Y.-X., Liu,J.",2013-01-07
MK540305.1,,human gammaherpesvirus 4,Lymphocryptovirus humangamma4,NKLT004,,"UNVERIFIED_ASMBLY: Human gammaherpesvirus 4 isolate NKLT004, complete genome",171823,complete,China,China,Homo sapiens,"Xu,M., Yao,Y., Chen,H., Zhang,S., Cao,S.-M., Zhang,Z., Luo,B., Liu,Z., Li,Z., Feng,Q.-S., Chen,L.-Z., Guo,X., Jia,W., Chen,M.-Y., Zhao,B., Zhang,X., Xie,S.-H., Peng,R., Chang,E.T., Peterganna,V., Feng,L., Bei,J.-X., Xu,R., Zeng,M.-S., Hildesheim,A., Ye,W., Adami,H.-O., Lin,X., Zhai,W., Zeng,Y.-X., Liu,J.",2013-03-05
MK540306.1,,human gammaherpesvirus 4,Lymphocryptovirus humangamma4,NKLT006,,"UNVERIFIED_ASMBLY: Human gammaherpesvirus 4 isolate NKLT006, complete genome",171823,complete,China,China,Homo sapiens,"Xu,M., Yao,Y., Chen,H., Zhang,S., Cao,S.-M., Zhang,Z., Luo,B., Liu,Z., Li,Z., Feng,Q.-S., Chen,L.-Z., Guo,X., Jia,W., Chen,M.-Y., Zhao,B., Zhang,X., Xie,S.-H., Peng,R., Chang,E.T., Peterganna,V., Feng,L., Bei,J.-X., Xu,R., Zeng,M.-S., Hildesheim,A., Ye,W., Adami,H.-O., Lin,X., Zhai,W., Zeng,Y.-X., Liu,J.",2013-07-30
MK540307.1,,human gammaherpesvirus 4,Lymphocryptovirus humangamma4,NKLT007,,"UNVERIFIED_ASMBLY: Human gammaherpesvirus 4 isolate NKLT007, complete genome",171823,complete,China,China,Homo sapiens,"Xu,M., Yao,Y., Chen,H., Zhang,S., Cao,S.-M., Zhang,Z., Luo,B., Liu,Z., Li,Z., Feng,Q.-S., Chen,L.-Z., Guo,X., Jia,W., Chen,M.-Y., Zhao,B., Zhang,X., Xie,S.-H., Peng,R., Chang,E.T., Peterganna,V., Feng,L., Bei,J.-X., Xu,R., Zeng,M.-S., Hildesheim,A., Ye,W., Adami,H.-O., Lin,X., Zhai,W., Zeng,Y.-X., Liu,J.",2013-09-24
MK540308.1,,human gammaherpesvirus 4,Lymphocryptovirus humangamma4,NNPCT001,,"UNVERIFIED_ASMBLY: Human gammaherpesvirus 4 isolate NNPCT001, complete genome",171823,complete,China,China,Homo sapiens,"Xu,M., Yao,Y., Chen,H., Zhang,S., Cao,S.-M., Zhang,Z., Luo,B., Liu,Z., Li,Z., Feng,Q.-S., Chen,L.-Z., Guo,X., Jia,W., Chen,M.-Y., Zhao,B., Zhang,X., Xie,S.-H., Peng,R., Chang,E.T., Peterganna,V., Feng,L., Bei,J.-X., Xu,R., Zeng,M.-S., Hildesheim,A., Ye,W., Adami,H.-O., Lin,X., Zhai,W., Zeng,Y.-X., Liu,J.",2013
MK540309.1,,human gammaherpesvirus 4,Lymphocryptovirus humangamma4,NNPCT002,,"UNVERIFIED_ASMBLY: Human gammaherpesvirus 4 isolate NNPCT002, complete genome",171823,complete,China,China,Homo sapiens,"Xu,M., Yao,Y., Chen,H., Zhang,S., Cao,S.-M., Zhang,Z., Luo,B., Liu,Z., Li,Z., Feng,Q.-S., Chen,L.-Z., Guo,X., Jia,W., Chen,M.-Y., Zhao,B., Zhang,X., Xie,S.-H., Peng,R., Chang,E.T., Peterganna,V., Feng,L., Bei,J.-X., Xu,R., Zeng,M.-S., Hildesheim,A., Ye,W., Adami,H.-O., Lin,X., Zhai,W., Zeng,Y.-X., Liu,J.",2013
MK540310.1,,human gammaherpesvirus 4,Lymphocryptovirus humangamma4,NNPCT003,,"UNVERIFIED_ASMBLY: Human gammaherpesvirus 4 isolate NNPCT003, complete genome",171823,complete,China,China,Homo sapiens,"Xu,M., Yao,Y., Chen,H., Zhang,S., Cao,S.-M., Zhang,Z., Luo,B., Liu,Z., Li,Z., Feng,Q.-S., Chen,L.-Z., Guo,X., Jia,W., Chen,M.-Y., Zhao,B., Zhang,X., Xie,S.-H., Peng,R., Chang,E.T., Peterganna,V., Feng,L., Bei,J.-X., Xu,R., Zeng,M.-S., Hildesheim,A., Ye,W., Adami,H.-O., Lin,X., Zhai,W., Zeng,Y.-X., Liu,J.",2013
MK540311.1,,human gammaherpesvirus 4,Lymphocryptovirus humangamma4,NNPCT004,,"UNVERIFIED_ASMBLY: Human gammaherpesvirus 4 isolate NNPCT004, complete genome",171823,complete,China,China,Homo sapiens,"Xu,M., Yao,Y., Chen,H., Zhang,S., Cao,S.-M., Zhang,Z., Luo,B., Liu,Z., Li,Z., Feng,Q.-S., Chen,L.-Z., Guo,X., Jia,W., Chen,M.-Y., Zhao,B., Zhang,X., Xie,S.-H., Peng,R., Chang,E.T., Peterganna,V., Feng,L., Bei,J.-X., Xu,R., Zeng,M.-S., Hildesheim,A., Ye,W., Adami,H.-O., Lin,X., Zhai,W., Zeng,Y.-X., Liu,J.",2013
MK540312.1,,human gammaherpesvirus 4,Lymphocryptovirus humangamma4,NNPCT005,,"UNVERIFIED_ASMBLY: Human gammaherpesvirus 4 isolate NNPCT005, complete genome",171823,complete,China,China,Homo sapiens,"Xu,M., Yao,Y., Chen,H., Zhang,S., Cao,S.-M., Zhang,Z., Luo,B., Liu,Z., Li,Z., Feng,Q.-S., Chen,L.-Z., Guo,X., Jia,W., Chen,M.-Y., Zhao,B., Zhang,X., Xie,S.-H., Peng,R., Chang,E.T., Peterganna,V., Feng,L., Bei,J.-X., Xu,R., Zeng,M.-S., Hildesheim,A., Ye,W., Adami,H.-O., Lin,X., Zhai,W., Zeng,Y.-X., Liu,J.",2013
MK540313.1,,human gammaherpesvirus 4,Lymphocryptovirus humangamma4,NPCP001,,"UNVERIFIED_ASMBLY: Human gammaherpesvirus 4 isolate NPCP001, complete genome",171823,complete,China,China,Homo sapiens,"Xu,M., Yao,Y., Chen,H., Zhang,S., Cao,S.-M., Zhang,Z., Luo,B., Liu,Z., Li,Z., Feng,Q.-S., Chen,L.-Z., Guo,X., Jia,W., Chen,M.-Y., Zhao,B., Zhang,X., Xie,S.-H., Peng,R., Chang,E.T., Peterganna,V., Feng,L., Bei,J.-X., Xu,R., Zeng,M.-S., Hildesheim,A., Ye,W., Adami,H.-O., Lin,X., Zhai,W., Zeng,Y.-X., Liu,J.",2013
MK540314.1,,human gammaherpesvirus 4,Lymphocryptovirus humangamma4,NPCS001,,"UNVERIFIED_ASMBLY: Human gammaherpesvirus 4 isolate NPCS001, complete genome",171823,complete,China,China,Homo sapiens,"Xu,M., Yao,Y., Chen,H., Zhang,S., Cao,S.-M., Zhang,Z., Luo,B., Liu,Z., Li,Z., Feng,Q.-S., Chen,L.-Z., Guo,X., Jia,W., Chen,M.-Y., Zhao,B., Zhang,X., Xie,S.-H., Peng,R., Chang,E.T., Peterganna,V., Feng,L., Bei,J.-X., Xu,R., Zeng,M.-S., Hildesheim,A., Ye,W., Adami,H.-O., Lin,X., Zhai,W., Zeng,Y.-X., Liu,J.",2011-03-31
MK540315.1,,human gammaherpesvirus 4,Lymphocryptovirus humangamma4,NPCS002,,"UNVERIFIED_ASMBLY: Human gammaherpesvirus 4 isolate NPCS002, complete genome",171823,complete,China,China,Homo sapiens,"Xu,M., Yao,Y., Chen,H., Zhang,S., Cao,S.-M., Zhang,Z., Luo,B., Liu,Z., Li,Z., Feng,Q.-S., Chen,L.-Z., Guo,X., Jia,W., Chen,M.-Y., Zhao,B., Zhang,X., Xie,S.-H., Peng,R., Chang,E.T., Peterganna,V., Feng,L., Bei,J.-X., Xu,R., Zeng,M.-S., Hildesheim,A., Ye,W., Adami,H.-O., Lin,X., Zhai,W., Zeng,Y.-X., Liu,J.",2011-05-05
MK540316.1,,human gammaherpesvirus 4,Lymphocryptovirus humangamma4,NPCS003-2,,"UNVERIFIED_ASMBLY: Human gammaherpesvirus 4 isolate NPCS003-2, complete genome",171823,complete,China,China,Homo sapiens,"Xu,M., Yao,Y., Chen,H., Zhang,S., Cao,S.-M., Zhang,Z., Luo,B., Liu,Z., Li,Z., Feng,Q.-S., Chen,L.-Z., Guo,X., Jia,W., Chen,M.-Y., Zhao,B., Zhang,X., Xie,S.-H., Peng,R., Chang,E.T., Peterganna,V., Feng,L., Bei,J.-X., Xu,R., Zeng,M.-S., Hildesheim,A., Ye,W., Adami,H.-O., Lin,X., Zhai,W., Zeng,Y.-X., Liu,J.",2011-05-23
MK540317.1,,human gammaherpesvirus 4,Lymphocryptovirus humangamma4,NPCS005,,"UNVERIFIED_ASMBLY: Human gammaherpesvirus 4 isolate NPCS005, complete genome",171823,complete,China,China,Homo sapiens,"Xu,M., Yao,Y., Chen,H., Zhang,S., Cao,S.-M., Zhang,Z., Luo,B., Liu,Z., Li,Z., Feng,Q.-S., Chen,L.-Z., Guo,X., Jia,W., Chen,M.-Y., Zhao,B., Zhang,X., Xie,S.-H., Peng,R., Chang,E.T., Peterganna,V., Feng,L., Bei,J.-X., Xu,R., Zeng,M.-S., Hildesheim,A., Ye,W., Adami,H.-O., Lin,X., Zhai,W., Zeng,Y.-X., Liu,J.",2011-06-08
MK540318.1,,human gammaherpesvirus 4,Lymphocryptovirus humangamma4,NPCS006,,"UNVERIFIED_ASMBLY: Human gammaherpesvirus 4 isolate NPCS006, complete genome",171823,complete,China,China,Homo sapiens,"Xu,M., Yao,Y., Chen,H., Zhang,S., Cao,S.-M., Zhang,Z., Luo,B., Liu,Z., Li,Z., Feng,Q.-S., Chen,L.-Z., Guo,X., Jia,W., Chen,M.-Y., Zhao,B., Zhang,X., Xie,S.-H., Peng,R., Chang,E.T., Peterganna,V., Feng,L., Bei,J.-X., Xu,R., Zeng,M.-S., Hildesheim,A., Ye,W., Adami,H.-O., Lin,X., Zhai,W., Zeng,Y.-X., Liu,J.",2011-07-07
MK540319.1,,human gammaherpesvirus 4,Lymphocryptovirus humangamma4,NPCS007,,"UNVERIFIED_ASMBLY: Human gammaherpesvirus 4 isolate NPCS007, complete genome",171823,complete,China,China,Homo sapiens,"Xu,M., Yao,Y., Chen,H., Zhang,S., Cao,S.-M., Zhang,Z., Luo,B., Liu,Z., Li,Z., Feng,Q.-S., Chen,L.-Z., Guo,X., Jia,W., Chen,M.-Y., Zhao,B., Zhang,X., Xie,S.-H., Peng,R., Chang,E.T., Peterganna,V., Feng,L., Bei,J.-X., Xu,R., Zeng,M.-S., Hildesheim,A., Ye,W., Adami,H.-O., Lin,X., Zhai,W., Zeng,Y.-X., Liu,J.",2011-07-13
MK540320.1,,human gammaherpesvirus 4,Lymphocryptovirus humangamma4,NPCS008,,"UNVERIFIED_ASMBLY: Human gammaherpesvirus 4 isolate NPCS008, complete genome",171823,complete,China,China,Homo sapiens,"Xu,M., Yao,Y., Chen,H., Zhang,S., Cao,S.-M., Zhang,Z., Luo,B., Liu,Z., Li,Z., Feng,Q.-S., Chen,L.-Z., Guo,X., Jia,W., Chen,M.-Y., Zhao,B., Zhang,X., Xie,S.-H., Peng,R., Chang,E.T., Peterganna,V., Feng,L., Bei,J.-X., Xu,R., Zeng,M.-S., Hildesheim,A., Ye,W., Adami,H.-O., Lin,X., Zhai,W., Zeng,Y.-X., Liu,J.",2011-08-01
MK540321.1,,human gammaherpesvirus 4,Lymphocryptovirus humangamma4,NPCS009,,"UNVERIFIED_ASMBLY: Human gammaherpesvirus 4 isolate NPCS009, complete genome",171823,complete,China,China,Homo sapiens,"Xu,M., Yao,Y., Chen,H., Zhang,S., Cao,S.-M., Zhang,Z., Luo,B., Liu,Z., Li,Z., Feng,Q.-S., Chen,L.-Z., Guo,X., Jia,W., Chen,M.-Y., Zhao,B., Zhang,X., Xie,S.-H., Peng,R., Chang,E.T., Peterganna,V., Feng,L., Bei,J.-X., Xu,R., Zeng,M.-S., Hildesheim,A., Ye,W., Adami,H.-O., Lin,X., Zhai,W., Zeng,Y.-X., Liu,J.",2011-08-08
MK540322.1,,human gammaherpesvirus 4,Lymphocryptovirus humangamma4,NPCS010,,"UNVERIFIED_ASMBLY: Human gammaherpesvirus 4 isolate NPCS010, complete genome",171823,complete,China,China,Homo sapiens,"Xu,M., Yao,Y., Chen,H., Zhang,S., Cao,S.-M., Zhang,Z., Luo,B., Liu,Z., Li,Z., Feng,Q.-S., Chen,L.-Z., Guo,X., Jia,W., Chen,M.-Y., Zhao,B., Zhang,X., Xie,S.-H., Peng,R., Chang,E.T., Peterganna,V., Feng,L., Bei,J.-X., Xu,R., Zeng,M.-S., Hildesheim,A., Ye,W., Adami,H.-O., Lin,X., Zhai,W., Zeng,Y.-X., Liu,J.",2011-10-06
MK540323.1,,human gammaherpesvirus 4,Lymphocryptovirus humangamma4,NPCS011,,"UNVERIFIED_ASMBLY: Human gammaherpesvirus 4 isolate NPCS011, complete genome",171823,complete,China,China,Homo sapiens,"Xu,M., Yao,Y., Chen,H., Zhang,S., Cao,S.-M., Zhang,Z., Luo,B., Liu,Z., Li,Z., Feng,Q.-S., Chen,L.-Z., Guo,X., Jia,W., Chen,M.-Y., Zhao,B., Zhang,X., Xie,S.-H., Peng,R., Chang,E.T., Peterganna,V., Feng,L., Bei,J.-X., Xu,R., Zeng,M.-S., Hildesheim,A., Ye,W., Adami,H.-O., Lin,X., Zhai,W., Zeng,Y.-X., Liu,J.",2011-04-07
MK540324.1,,human gammaherpesvirus 4,Lymphocryptovirus humangamma4,NPCS012,,"UNVERIFIED_ASMBLY: Human gammaherpesvirus 4 isolate NPCS012, complete genome",171823,complete,China,China,Homo sapiens,"Xu,M., Yao,Y., Chen,H., Zhang,S., Cao,S.-M., Zhang,Z., Luo,B., Liu,Z., Li,Z., Feng,Q.-S., Chen,L.-Z., Guo,X., Jia,W., Chen,M.-Y., Zhao,B., Zhang,X., Xie,S.-H., Peng,R., Chang,E.T., Peterganna,V., Feng,L., Bei,J.-X., Xu,R., Zeng,M.-S., Hildesheim,A., Ye,W., Adami,H.-O., Lin,X., Zhai,W., Zeng,Y.-X., Liu,J.",2011-06-02
MK540325.1,,human gammaherpesvirus 4,Lymphocryptovirus humangamma4,NPCS013,,"UNVERIFIED_ASMBLY: Human gammaherpesvirus 4 isolate NPCS013, complete genome",171823,complete,China,China,Homo sapiens,"Xu,M., Yao,Y., Chen,H., Zhang,S., Cao,S.-M., Zhang,Z., Luo,B., Liu,Z., Li,Z., Feng,Q.-S., Chen,L.-Z., Guo,X., Jia,W., Chen,M.-Y., Zhao,B., Zhang,X., Xie,S.-H., Peng,R., Chang,E.T., Peterganna,V., Feng,L., Bei,J.-X., Xu,R., Zeng,M.-S., Hildesheim,A., Ye,W., Adami,H.-O., Lin,X., Zhai,W., Zeng,Y.-X., Liu,J.",2011-06-09
MK540326.1,,human gammaherpesvirus 4,Lymphocryptovirus humangamma4,NPCS014,,"UNVERIFIED_ASMBLY: Human gammaherpesvirus 4 isolate NPCS014, complete genome",171823,complete,China,China,Homo sapiens,"Xu,M., Yao,Y., Chen,H., Zhang,S., Cao,S.-M., Zhang,Z., Luo,B., Liu,Z., Li,Z., Feng,Q.-S., Chen,L.-Z., Guo,X., Jia,W., Chen,M.-Y., Zhao,B., Zhang,X., Xie,S.-H., Peng,R., Chang,E.T., Peterganna,V., Feng,L., Bei,J.-X., Xu,R., Zeng,M.-S., Hildesheim,A., Ye,W., Adami,H.-O., Lin,X., Zhai,W., Zeng,Y.-X., Liu,J.",2011-08-04
MK540327.1,,human gammaherpesvirus 4,Lymphocryptovirus humangamma4,NPCS016,,"UNVERIFIED_ASMBLY: Human gammaherpesvirus 4 isolate NPCS016, complete genome",171823,complete,China,China,Homo sapiens,"Xu,M., Yao,Y., Chen,H., Zhang,S., Cao,S.-M., Zhang,Z., Luo,B., Liu,Z., Li,Z., Feng,Q.-S., Chen,L.-Z., Guo,X., Jia,W., Chen,M.-Y., Zhao,B., Zhang,X., Xie,S.-H., Peng,R., Chang,E.T., Peterganna,V., Feng,L., Bei,J.-X., Xu,R., Zeng,M.-S., Hildesheim,A., Ye,W., Adami,H.-O., Lin,X., Zhai,W., Zeng,Y.-X., Liu,J.",2011-10-17
MK540328.1,,human gammaherpesvirus 4,Lymphocryptovirus humangamma4,NPCS017,,"UNVERIFIED_ASMBLY: Human gammaherpesvirus 4 isolate NPCS017, complete genome",171823,complete,China,China,Homo sapiens,"Xu,M., Yao,Y., Chen,H., Zhang,S., Cao,S.-M., Zhang,Z., Luo,B., Liu,Z., Li,Z., Feng,Q.-S., Chen,L.-Z., Guo,X., Jia,W., Chen,M.-Y., Zhao,B., Zhang,X., Xie,S.-H., Peng,R., Chang,E.T., Peterganna,V., Feng,L., Bei,J.-X., Xu,R., Zeng,M.-S., Hildesheim,A., Ye,W., Adami,H.-O., Lin,X., Zhai,W., Zeng,Y.-X., Liu,J.",2011-10-19
MK540329.1,,human gammaherpesvirus 4,Lymphocryptovirus humangamma4,NPCS018,,"UNVERIFIED_ASMBLY: Human gammaherpesvirus 4 isolate NPCS018, complete genome",171823,complete,China,China,Homo sapiens,"Xu,M., Yao,Y., Chen,H., Zhang,S., Cao,S.-M., Zhang,Z., Luo,B., Liu,Z., Li,Z., Feng,Q.-S., Chen,L.-Z., Guo,X., Jia,W., Chen,M.-Y., Zhao,B., Zhang,X., Xie,S.-H., Peng,R., Chang,E.T., Peterganna,V., Feng,L., Bei,J.-X., Xu,R., Zeng,M.-S., Hildesheim,A., Ye,W., Adami,H.-O., Lin,X., Zhai,W., Zeng,Y.-X., Liu,J.",2011-11-21
MK540330.1,,human gammaherpesvirus 4,Lymphocryptovirus humangamma4,NPCS019,,"UNVERIFIED_ASMBLY: Human gammaherpesvirus 4 isolate NPCS019, complete genome",171823,complete,China,China,Homo sapiens,"Xu,M., Yao,Y., Chen,H., Zhang,S., Cao,S.-M., Zhang,Z., Luo,B., Liu,Z., Li,Z., Feng,Q.-S., Chen,L.-Z., Guo,X., Jia,W., Chen,M.-Y., Zhao,B., Zhang,X., Xie,S.-H., Peng,R., Chang,E.T., Peterganna,V., Feng,L., Bei,J.-X., Xu,R., Zeng,M.-S., Hildesheim,A., Ye,W., Adami,H.-O., Lin,X., Zhai,W., Zeng,Y.-X., Liu,J.",2011-05-11
MK540331.1,,human gammaherpesvirus 4,Lymphocryptovirus humangamma4,NPCS021,,"UNVERIFIED_ASMBLY: Human gammaherpesvirus 4 isolate NPCS021, complete genome",171823,complete,China,China,Homo sapiens,"Xu,M., Yao,Y., Chen,H., Zhang,S., Cao,S.-M., Zhang,Z., Luo,B., Liu,Z., Li,Z., Feng,Q.-S., Chen,L.-Z., Guo,X., Jia,W., Chen,M.-Y., Zhao,B., Zhang,X., Xie,S.-H., Peng,R., Chang,E.T., Peterganna,V., Feng,L., Bei,J.-X., Xu,R., Zeng,M.-S., Hildesheim,A., Ye,W., Adami,H.-O., Lin,X., Zhai,W., Zeng,Y.-X., Liu,J.",2011-09-30
MK540332.1,,human gammaherpesvirus 4,Lymphocryptovirus humangamma4,NPCS022,,"UNVERIFIED_ASMBLY: Human gammaherpesvirus 4 isolate NPCS022, complete genome",171823,complete,China,China,Homo sapiens,"Xu,M., Yao,Y., Chen,H., Zhang,S., Cao,S.-M., Zhang,Z., Luo,B., Liu,Z., Li,Z., Feng,Q.-S., Chen,L.-Z., Guo,X., Jia,W., Chen,M.-Y., Zhao,B., Zhang,X., Xie,S.-H., Peng,R., Chang,E.T., Peterganna,V., Feng,L., Bei,J.-X., Xu,R., Zeng,M.-S., Hildesheim,A., Ye,W., Adami,H.-O., Lin,X., Zhai,W., Zeng,Y.-X., Liu,J.",2011-10-09
MK540333.1,,human gammaherpesvirus 4,Lymphocryptovirus humangamma4,NPCS023,,"UNVERIFIED_ASMBLY: Human gammaherpesvirus 4 isolate NPCS023, complete genome",171823,complete,China,China,Homo sapiens,"Xu,M., Yao,Y., Chen,H., Zhang,S., Cao,S.-M., Zhang,Z., Luo,B., Liu,Z., Li,Z., Feng,Q.-S., Chen,L.-Z., Guo,X., Jia,W., Chen,M.-Y., Zhao,B., Zhang,X., Xie,S.-H., Peng,R., Chang,E.T., Peterganna,V., Feng,L., Bei,J.-X., Xu,R., Zeng,M.-S., Hildesheim,A., Ye,W., Adami,H.-O., Lin,X., Zhai,W., Zeng,Y.-X., Liu,J.",2011-10-21
MK540334.1,,human gammaherpesvirus 4,Lymphocryptovirus humangamma4,NPCS024,,"UNVERIFIED_ASMBLY: Human gammaherpesvirus 4 isolate NPCS024, complete genome",171823,complete,China,China,Homo sapiens,"Xu,M., Yao,Y., Chen,H., Zhang,S., Cao,S.-M., Zhang,Z., Luo,B., Liu,Z., Li,Z., Feng,Q.-S., Chen,L.-Z., Guo,X., Jia,W., Chen,M.-Y., Zhao,B., Zhang,X., Xie,S.-H., Peng,R., Chang,E.T., Peterganna,V., Feng,L., Bei,J.-X., Xu,R., Zeng,M.-S., Hildesheim,A., Ye,W., Adami,H.-O., Lin,X., Zhai,W., Zeng,Y.-X., Liu,J.",2011-11-10
MK540335.1,,human gammaherpesvirus 4,Lymphocryptovirus humangamma4,NPCS025,,"UNVERIFIED_ASMBLY: Human gammaherpesvirus 4 isolate NPCS025, complete genome",171823,complete,China,China,Homo sapiens,"Xu,M., Yao,Y., Chen,H., Zhang,S., Cao,S.-M., Zhang,Z., Luo,B., Liu,Z., Li,Z., Feng,Q.-S., Chen,L.-Z., Guo,X., Jia,W., Chen,M.-Y., Zhao,B., Zhang,X., Xie,S.-H., Peng,R., Chang,E.T., Peterganna,V., Feng,L., Bei,J.-X., Xu,R., Zeng,M.-S., Hildesheim,A., Ye,W., Adami,H.-O., Lin,X., Zhai,W., Zeng,Y.-X., Liu,J.",2012-08-27
MK540336.1,,human gammaherpesvirus 4,Lymphocryptovirus humangamma4,NPCS026,,"UNVERIFIED_ASMBLY: Human gammaherpesvirus 4 isolate NPCS026, complete genome",171823,complete,China,China,Homo sapiens,"Xu,M., Yao,Y., Chen,H., Zhang,S., Cao,S.-M., Zhang,Z., Luo,B., Liu,Z., Li,Z., Feng,Q.-S., Chen,L.-Z., Guo,X., Jia,W., Chen,M.-Y., Zhao,B., Zhang,X., Xie,S.-H., Peng,R., Chang,E.T., Peterganna,V., Feng,L., Bei,J.-X., Xu,R., Zeng,M.-S., Hildesheim,A., Ye,W., Adami,H.-O., Lin,X., Zhai,W., Zeng,Y.-X., Liu,J.",2012-09-10
MK540337.1,,human gammaherpesvirus 4,Lymphocryptovirus humangamma4,NPCS027,,"UNVERIFIED_ASMBLY: Human gammaherpesvirus 4 isolate NPCS027, complete genome",171823,complete,China,China,Homo sapiens,"Xu,M., Yao,Y., Chen,H., Zhang,S., Cao,S.-M., Zhang,Z., Luo,B., Liu,Z., Li,Z., Feng,Q.-S., Chen,L.-Z., Guo,X., Jia,W., Chen,M.-Y., Zhao,B., Zhang,X., Xie,S.-H., Peng,R., Chang,E.T., Peterganna,V., Feng,L., Bei,J.-X., Xu,R., Zeng,M.-S., Hildesheim,A., Ye,W., Adami,H.-O., Lin,X., Zhai,W., Zeng,Y.-X., Liu,J.",2012-11-03
MK540338.1,,human gammaherpesvirus 4,Lymphocryptovirus humangamma4,NPCS028,,"UNVERIFIED_ASMBLY: Human gammaherpesvirus 4 isolate NPCS028, complete genome",171823,complete,China,China,Homo sapiens,"Xu,M., Yao,Y., Chen,H., Zhang,S., Cao,S.-M., Zhang,Z., Luo,B., Liu,Z., Li,Z., Feng,Q.-S., Chen,L.-Z., Guo,X., Jia,W., Chen,M.-Y., Zhao,B., Zhang,X., Xie,S.-H., Peng,R., Chang,E.T., Peterganna,V., Feng,L., Bei,J.-X., Xu,R., Zeng,M.-S., Hildesheim,A., Ye,W., Adami,H.-O., Lin,X., Zhai,W., Zeng,Y.-X., Liu,J.",2012-11-06
MK540339.1,,human gammaherpesvirus 4,Lymphocryptovirus humangamma4,NPCS029,,"UNVERIFIED_ASMBLY: Human gammaherpesvirus 4 isolate NPCS029, complete genome",171823,complete,China,China,Homo sapiens,"Xu,M., Yao,Y., Chen,H., Zhang,S., Cao,S.-M., Zhang,Z., Luo,B., Liu,Z., Li,Z., Feng,Q.-S., Chen,L.-Z., Guo,X., Jia,W., Chen,M.-Y., Zhao,B., Zhang,X., Xie,S.-H., Peng,R., Chang,E.T., Peterganna,V., Feng,L., Bei,J.-X., Xu,R., Zeng,M.-S., Hildesheim,A., Ye,W., Adami,H.-O., Lin,X., Zhai,W., Zeng,Y.-X., Liu,J.",2012-11-19
MK540340.1,,human gammaherpesvirus 4,Lymphocryptovirus humangamma4,NPCS030,,"UNVERIFIED_ASMBLY: Human gammaherpesvirus 4 isolate NPCS030, complete genome",171823,complete,China,China,Homo sapiens,"Xu,M., Yao,Y., Chen,H., Zhang,S., Cao,S.-M., Zhang,Z., Luo,B., Liu,Z., Li,Z., Feng,Q.-S., Chen,L.-Z., Guo,X., Jia,W., Chen,M.-Y., Zhao,B., Zhang,X., Xie,S.-H., Peng,R., Chang,E.T., Peterganna,V., Feng,L., Bei,J.-X., Xu,R., Zeng,M.-S., Hildesheim,A., Ye,W., Adami,H.-O., Lin,X., Zhai,W., Zeng,Y.-X., Liu,J.",2012-09-07
MK540341.1,,human gammaherpesvirus 4,Lymphocryptovirus humangamma4,NPCS031,,"UNVERIFIED_ASMBLY: Human gammaherpesvirus 4 isolate NPCS031, complete genome",171823,complete,China,China,Homo sapiens,"Xu,M., Yao,Y., Chen,H., Zhang,S., Cao,S.-M., Zhang,Z., Luo,B., Liu,Z., Li,Z., Feng,Q.-S., Chen,L.-Z., Guo,X., Jia,W., Chen,M.-Y., Zhao,B., Zhang,X., Xie,S.-H., Peng,R., Chang,E.T., Peterganna,V., Feng,L., Bei,J.-X., Xu,R., Zeng,M.-S., Hildesheim,A., Ye,W., Adami,H.-O., Lin,X., Zhai,W., Zeng,Y.-X., Liu,J.",2012-09-10
MK540342.1,,human gammaherpesvirus 4,Lymphocryptovirus humangamma4,NPCS033,,"UNVERIFIED_ASMBLY: Human gammaherpesvirus 4 isolate NPCS033, complete genome",171823,complete,China,China,Homo sapiens,"Xu,M., Yao,Y., Chen,H., Zhang,S., Cao,S.-M., Zhang,Z., Luo,B., Liu,Z., Li,Z., Feng,Q.-S., Chen,L.-Z., Guo,X., Jia,W., Chen,M.-Y., Zhao,B., Zhang,X., Xie,S.-H., Peng,R., Chang,E.T., Peterganna,V., Feng,L., Bei,J.-X., Xu,R., Zeng,M.-S., Hildesheim,A., Ye,W., Adami,H.-O., Lin,X., Zhai,W., Zeng,Y.-X., Liu,J.",2012-12-24
MK540343.1,,human gammaherpesvirus 4,Lymphocryptovirus humangamma4,NPCS034,,"UNVERIFIED_ASMBLY: Human gammaherpesvirus 4 isolate NPCS034, complete genome",171823,complete,China,China,Homo sapiens,"Xu,M., Yao,Y., Chen,H., Zhang,S., Cao,S.-M., Zhang,Z., Luo,B., Liu,Z., Li,Z., Feng,Q.-S., Chen,L.-Z., Guo,X., Jia,W., Chen,M.-Y., Zhao,B., Zhang,X., Xie,S.-H., Peng,R., Chang,E.T., Peterganna,V., Feng,L., Bei,J.-X., Xu,R., Zeng,M.-S., Hildesheim,A., Ye,W., Adami,H.-O., Lin,X., Zhai,W., Zeng,Y.-X., Liu,J.",2012-01-12
MK540344.1,,human gammaherpesvirus 4,Lymphocryptovirus humangamma4,NPCS035,,"UNVERIFIED_ASMBLY: Human gammaherpesvirus 4 isolate NPCS035, complete genome",171823,complete,China,China,Homo sapiens,"Xu,M., Yao,Y., Chen,H., Zhang,S., Cao,S.-M., Zhang,Z., Luo,B., Liu,Z., Li,Z., Feng,Q.-S., Chen,L.-Z., Guo,X., Jia,W., Chen,M.-Y., Zhao,B., Zhang,X., Xie,S.-H., Peng,R., Chang,E.T., Peterganna,V., Feng,L., Bei,J.-X., Xu,R., Zeng,M.-S., Hildesheim,A., Ye,W., Adami,H.-O., Lin,X., Zhai,W., Zeng,Y.-X., Liu,J.",2012-03-01
MK540345.1,,human gammaherpesvirus 4,Lymphocryptovirus humangamma4,NPCS038,,"UNVERIFIED_ASMBLY: Human gammaherpesvirus 4 isolate NPCS038, complete genome",171823,complete,China,China,Homo sapiens,"Xu,M., Yao,Y., Chen,H., Zhang,S., Cao,S.-M., Zhang,Z., Luo,B., Liu,Z., Li,Z., Feng,Q.-S., Chen,L.-Z., Guo,X., Jia,W., Chen,M.-Y., Zhao,B., Zhang,X., Xie,S.-H., Peng,R., Chang,E.T., Peterganna,V., Feng,L., Bei,J.-X., Xu,R., Zeng,M.-S., Hildesheim,A., Ye,W., Adami,H.-O., Lin,X., Zhai,W., Zeng,Y.-X., Liu,J.",2012-03-23
MK540346.1,,human gammaherpesvirus 4,Lymphocryptovirus humangamma4,NPCS039,,"UNVERIFIED_ASMBLY: Human gammaherpesvirus 4 isolate NPCS039, complete genome",171823,complete,China,China,Homo sapiens,"Xu,M., Yao,Y., Chen,H., Zhang,S., Cao,S.-M., Zhang,Z., Luo,B., Liu,Z., Li,Z., Feng,Q.-S., Chen,L.-Z., Guo,X., Jia,W., Chen,M.-Y., Zhao,B., Zhang,X., Xie,S.-H., Peng,R., Chang,E.T., Peterganna,V., Feng,L., Bei,J.-X., Xu,R., Zeng,M.-S., Hildesheim,A., Ye,W., Adami,H.-O., Lin,X., Zhai,W., Zeng,Y.-X., Liu,J.",2012-03-26
MK540347.1,,human gammaherpesvirus 4,Lymphocryptovirus humangamma4,NPCS040,,"UNVERIFIED_ASMBLY: Human gammaherpesvirus 4 isolate NPCS040, complete genome",171823,complete,China,China,Homo sapiens,"Xu,M., Yao,Y., Chen,H., Zhang,S., Cao,S.-M., Zhang,Z., Luo,B., Liu,Z., Li,Z., Feng,Q.-S., Chen,L.-Z., Guo,X., Jia,W., Chen,M.-Y., Zhao,B., Zhang,X., Xie,S.-H., Peng,R., Chang,E.T., Peterganna,V., Feng,L., Bei,J.-X., Xu,R., Zeng,M.-S., Hildesheim,A., Ye,W., Adami,H.-O., Lin,X., Zhai,W., Zeng,Y.-X., Liu,J.",2012-04-11
MK540348.1,,human gammaherpesvirus 4,Lymphocryptovirus humangamma4,NPCS042,,"UNVERIFIED_ASMBLY: Human gammaherpesvirus 4 isolate NPCS042, complete genome",171823,complete,China,China,Homo sapiens,"Xu,M., Yao,Y., Chen,H., Zhang,S., Cao,S.-M., Zhang,Z., Luo,B., Liu,Z., Li,Z., Feng,Q.-S., Chen,L.-Z., Guo,X., Jia,W., Chen,M.-Y., Zhao,B., Zhang,X., Xie,S.-H., Peng,R., Chang,E.T., Peterganna,V., Feng,L., Bei,J.-X., Xu,R., Zeng,M.-S., Hildesheim,A., Ye,W., Adami,H.-O., Lin,X., Zhai,W., Zeng,Y.-X., Liu,J.",2012-06-13
MK540349.1,,human gammaherpesvirus 4,Lymphocryptovirus humangamma4,NPCS044,,"UNVERIFIED_ASMBLY: Human gammaherpesvirus 4 isolate NPCS044, complete genome",171823,complete,China,China,Homo sapiens,"Xu,M., Yao,Y., Chen,H., Zhang,S., Cao,S.-M., Zhang,Z., Luo,B., Liu,Z., Li,Z., Feng,Q.-S., Chen,L.-Z., Guo,X., Jia,W., Chen,M.-Y., Zhao,B., Zhang,X., Xie,S.-H., Peng,R., Chang,E.T., Peterganna,V., Feng,L., Bei,J.-X., Xu,R., Zeng,M.-S., Hildesheim,A., Ye,W., Adami,H.-O., Lin,X., Zhai,W., Zeng,Y.-X., Liu,J.",2012-07-30
MK540350.1,,human gammaherpesvirus 4,Lymphocryptovirus humangamma4,NPCS045,,"UNVERIFIED_ASMBLY: Human gammaherpesvirus 4 isolate NPCS045, complete genome",171823,complete,China,China,Homo sapiens,"Xu,M., Yao,Y., Chen,H., Zhang,S., Cao,S.-M., Zhang,Z., Luo,B., Liu,Z., Li,Z., Feng,Q.-S., Chen,L.-Z., Guo,X., Jia,W., Chen,M.-Y., Zhao,B., Zhang,X., Xie,S.-H., Peng,R., Chang,E.T., Peterganna,V., Feng,L., Bei,J.-X., Xu,R., Zeng,M.-S., Hildesheim,A., Ye,W., Adami,H.-O., Lin,X., Zhai,W., Zeng,Y.-X., Liu,J.",2013-04-02
MK540351.1,,human gammaherpesvirus 4,Lymphocryptovirus humangamma4,NPCS046,,"UNVERIFIED_ASMBLY: Human gammaherpesvirus 4 isolate NPCS046, complete genome",171823,complete,China,China,Homo sapiens,"Xu,M., Yao,Y., Chen,H., Zhang,S., Cao,S.-M., Zhang,Z., Luo,B., Liu,Z., Li,Z., Feng,Q.-S., Chen,L.-Z., Guo,X., Jia,W., Chen,M.-Y., Zhao,B., Zhang,X., Xie,S.-H., Peng,R., Chang,E.T., Peterganna,V., Feng,L., Bei,J.-X., Xu,R., Zeng,M.-S., Hildesheim,A., Ye,W., Adami,H.-O., Lin,X., Zhai,W., Zeng,Y.-X., Liu,J.",2013-04-22
MK540352.1,,human gammaherpesvirus 4,Lymphocryptovirus humangamma4,NPCS047,,"UNVERIFIED_ASMBLY: Human gammaherpesvirus 4 isolate NPCS047, complete genome",171823,complete,China,China,Homo sapiens,"Xu,M., Yao,Y., Chen,H., Zhang,S., Cao,S.-M., Zhang,Z., Luo,B., Liu,Z., Li,Z., Feng,Q.-S., Chen,L.-Z., Guo,X., Jia,W., Chen,M.-Y., Zhao,B., Zhang,X., Xie,S.-H., Peng,R., Chang,E.T., Peterganna,V., Feng,L., Bei,J.-X., Xu,R., Zeng,M.-S., Hildesheim,A., Ye,W., Adami,H.-O., Lin,X., Zhai,W., Zeng,Y.-X., Liu,J.",2013-07-23
MK540353.1,,human gammaherpesvirus 4,Lymphocryptovirus humangamma4,NPCS048,,"UNVERIFIED_ASMBLY: Human gammaherpesvirus 4 isolate NPCS048, complete genome",171823,complete,China,China,Homo sapiens,"Xu,M., Yao,Y., Chen,H., Zhang,S., Cao,S.-M., Zhang,Z., Luo,B., Liu,Z., Li,Z., Feng,Q.-S., Chen,L.-Z., Guo,X., Jia,W., Chen,M.-Y., Zhao,B., Zhang,X., Xie,S.-H., Peng,R., Chang,E.T., Peterganna,V., Feng,L., Bei,J.-X., Xu,R., Zeng,M.-S., Hildesheim,A., Ye,W., Adami,H.-O., Lin,X., Zhai,W., Zeng,Y.-X., Liu,J.",2013-07-28
MK540354.1,,human gammaherpesvirus 4,Lymphocryptovirus humangamma4,NPCS049,,"UNVERIFIED_ASMBLY: Human gammaherpesvirus 4 isolate NPCS049, complete genome",171823,complete,China,China,Homo sapiens,"Xu,M., Yao,Y., Chen,H., Zhang,S., Cao,S.-M., Zhang,Z., Luo,B., Liu,Z., Li,Z., Feng,Q.-S., Chen,L.-Z., Guo,X., Jia,W., Chen,M.-Y., Zhao,B., Zhang,X., Xie,S.-H., Peng,R., Chang,E.T., Peterganna,V., Feng,L., Bei,J.-X., Xu,R., Zeng,M.-S., Hildesheim,A., Ye,W., Adami,H.-O., Lin,X., Zhai,W., Zeng,Y.-X., Liu,J.",2013-01-07
MK540355.1,,human gammaherpesvirus 4,Lymphocryptovirus humangamma4,NPCS050,,"UNVERIFIED_ASMBLY: Human gammaherpesvirus 4 isolate NPCS050, complete genome",171823,complete,China,China,Homo sapiens,"Xu,M., Yao,Y., Chen,H., Zhang,S., Cao,S.-M., Zhang,Z., Luo,B., Liu,Z., Li,Z., Feng,Q.-S., Chen,L.-Z., Guo,X., Jia,W., Chen,M.-Y., Zhao,B., Zhang,X., Xie,S.-H., Peng,R., Chang,E.T., Peterganna,V., Feng,L., Bei,J.-X., Xu,R., Zeng,M.-S., Hildesheim,A., Ye,W., Adami,H.-O., Lin,X., Zhai,W., Zeng,Y.-X., Liu,J.",2013-02-17
MK540356.1,,human gammaherpesvirus 4,Lymphocryptovirus humangamma4,NPCS051,,"UNVERIFIED_ASMBLY: Human gammaherpesvirus 4 isolate NPCS051, complete genome",171823,complete,China,China,Homo sapiens,"Xu,M., Yao,Y., Chen,H., Zhang,S., Cao,S.-M., Zhang,Z., Luo,B., Liu,Z., Li,Z., Feng,Q.-S., Chen,L.-Z., Guo,X., Jia,W., Chen,M.-Y., Zhao,B., Zhang,X., Xie,S.-H., Peng,R., Chang,E.T., Peterganna,V., Feng,L., Bei,J.-X., Xu,R., Zeng,M.-S., Hildesheim,A., Ye,W., Adami,H.-O., Lin,X., Zhai,W., Zeng,Y.-X., Liu,J.",2013-03-06
MK540357.1,,human gammaherpesvirus 4,Lymphocryptovirus humangamma4,NPCS052,,"UNVERIFIED_ASMBLY: Human gammaherpesvirus 4 isolate NPCS052, complete genome",171823,complete,China,China,Homo sapiens,"Xu,M., Yao,Y., Chen,H., Zhang,S., Cao,S.-M., Zhang,Z., Luo,B., Liu,Z., Li,Z., Feng,Q.-S., Chen,L.-Z., Guo,X., Jia,W., Chen,M.-Y., Zhao,B., Zhang,X., Xie,S.-H., Peng,R., Chang,E.T., Peterganna,V., Feng,L., Bei,J.-X., Xu,R., Zeng,M.-S., Hildesheim,A., Ye,W., Adami,H.-O., Lin,X., Zhai,W., Zeng,Y.-X., Liu,J.",2013-06-14
MK540358.1,,human gammaherpesvirus 4,Lymphocryptovirus humangamma4,NPCS054,,"UNVERIFIED_ASMBLY: Human gammaherpesvirus 4 isolate NPCS054, complete genome",171823,complete,China,China,Homo sapiens,"Xu,M., Yao,Y., Chen,H., Zhang,S., Cao,S.-M., Zhang,Z., Luo,B., Liu,Z., Li,Z., Feng,Q.-S., Chen,L.-Z., Guo,X., Jia,W., Chen,M.-Y., Zhao,B., Zhang,X., Xie,S.-H., Peng,R., Chang,E.T., Peterganna,V., Feng,L., Bei,J.-X., Xu,R., Zeng,M.-S., Hildesheim,A., Ye,W., Adami,H.-O., Lin,X., Zhai,W., Zeng,Y.-X., Liu,J.",2013-07-25
MK540359.1,,human gammaherpesvirus 4,Lymphocryptovirus humangamma4,NPCT001,,"UNVERIFIED_ASMBLY: Human gammaherpesvirus 4 isolate NPCT001, complete genome",171823,complete,China,China,Homo sapiens,"Xu,M., Yao,Y., Chen,H., Zhang,S., Cao,S.-M., Zhang,Z., Luo,B., Liu,Z., Li,Z., Feng,Q.-S., Chen,L.-Z., Guo,X., Jia,W., Chen,M.-Y., Zhao,B., Zhang,X., Xie,S.-H., Peng,R., Chang,E.T., Peterganna,V., Feng,L., Bei,J.-X., Xu,R., Zeng,M.-S., Hildesheim,A., Ye,W., Adami,H.-O., Lin,X., Zhai,W., Zeng,Y.-X., Liu,J.",2013-04-15
MK540360.1,,human gammaherpesvirus 4,Lymphocryptovirus humangamma4,NPCT002,,"UNVERIFIED_ASMBLY: Human gammaherpesvirus 4 isolate NPCT002, complete genome",171823,complete,China,China,Homo sapiens,"Xu,M., Yao,Y., Chen,H., Zhang,S., Cao,S.-M., Zhang,Z., Luo,B., Liu,Z., Li,Z., Feng,Q.-S., Chen,L.-Z., Guo,X., Jia,W., Chen,M.-Y., Zhao,B., Zhang,X., Xie,S.-H., Peng,R., Chang,E.T., Peterganna,V., Feng,L., Bei,J.-X., Xu,R., Zeng,M.-S., Hildesheim,A., Ye,W., Adami,H.-O., Lin,X., Zhai,W., Zeng,Y.-X., Liu,J.",2013-03-25
MK540361.1,,human gammaherpesvirus 4,Lymphocryptovirus humangamma4,NPCT003,,"UNVERIFIED_ASMBLY: Human gammaherpesvirus 4 isolate NPCT003, complete genome",171823,complete,China,China,Homo sapiens,"Xu,M., Yao,Y., Chen,H., Zhang,S., Cao,S.-M., Zhang,Z., Luo,B., Liu,Z., Li,Z., Feng,Q.-S., Chen,L.-Z., Guo,X., Jia,W., Chen,M.-Y., Zhao,B., Zhang,X., Xie,S.-H., Peng,R., Chang,E.T., Peterganna,V., Feng,L., Bei,J.-X., Xu,R., Zeng,M.-S., Hildesheim,A., Ye,W., Adami,H.-O., Lin,X., Zhai,W., Zeng,Y.-X., Liu,J.",2013-04-16
MK540362.1,,human gammaherpesvirus 4,Lymphocryptovirus humangamma4,NPCT004,,"UNVERIFIED_ASMBLY: Human gammaherpesvirus 4 isolate NPCT004, complete genome",171823,complete,China,China,Homo sapiens,"Xu,M., Yao,Y., Chen,H., Zhang,S., Cao,S.-M., Zhang,Z., Luo,B., Liu,Z., Li,Z., Feng,Q.-S., Chen,L.-Z., Guo,X., Jia,W., Chen,M.-Y., Zhao,B., Zhang,X., Xie,S.-H., Peng,R., Chang,E.T., Peterganna,V., Feng,L., Bei,J.-X., Xu,R., Zeng,M.-S., Hildesheim,A., Ye,W., Adami,H.-O., Lin,X., Zhai,W., Zeng,Y.-X., Liu,J.",2013-04-18
MK540363.1,,human gammaherpesvirus 4,Lymphocryptovirus humangamma4,NPCT005,,"UNVERIFIED_ASMBLY: Human gammaherpesvirus 4 isolate NPCT005, complete genome",171823,complete,China,China,Homo sapiens,"Xu,M., Yao,Y., Chen,H., Zhang,S., Cao,S.-M., Zhang,Z., Luo,B., Liu,Z., Li,Z., Feng,Q.-S., Chen,L.-Z., Guo,X., Jia,W., Chen,M.-Y., Zhao,B., Zhang,X., Xie,S.-H., Peng,R., Chang,E.T., Peterganna,V., Feng,L., Bei,J.-X., Xu,R., Zeng,M.-S., Hildesheim,A., Ye,W., Adami,H.-O., Lin,X., Zhai,W., Zeng,Y.-X., Liu,J.",2013-04-19
MK540364.1,,human gammaherpesvirus 4,Lymphocryptovirus humangamma4,NPCT006,,"UNVERIFIED_ASMBLY: Human gammaherpesvirus 4 isolate NPCT006, complete genome",171823,complete,China,China,Homo sapiens,"Xu,M., Yao,Y., Chen,H., Zhang,S., Cao,S.-M., Zhang,Z., Luo,B., Liu,Z., Li,Z., Feng,Q.-S., Chen,L.-Z., Guo,X., Jia,W., Chen,M.-Y., Zhao,B., Zhang,X., Xie,S.-H., Peng,R., Chang,E.T., Peterganna,V., Feng,L., Bei,J.-X., Xu,R., Zeng,M.-S., Hildesheim,A., Ye,W., Adami,H.-O., Lin,X., Zhai,W., Zeng,Y.-X., Liu,J.",2013-04-22
MK540365.1,,human gammaherpesvirus 4,Lymphocryptovirus humangamma4,NPCT007,,"UNVERIFIED_ASMBLY: Human gammaherpesvirus 4 isolate NPCT007, complete genome",171823,complete,China,China,Homo sapiens,"Xu,M., Yao,Y., Chen,H., Zhang,S., Cao,S.-M., Zhang,Z., Luo,B., Liu,Z., Li,Z., Feng,Q.-S., Chen,L.-Z., Guo,X., Jia,W., Chen,M.-Y., Zhao,B., Zhang,X., Xie,S.-H., Peng,R., Chang,E.T., Peterganna,V., Feng,L., Bei,J.-X., Xu,R., Zeng,M.-S., Hildesheim,A., Ye,W., Adami,H.-O., Lin,X., Zhai,W., Zeng,Y.-X., Liu,J.",2013-04-22
MK540366.1,,human gammaherpesvirus 4,Lymphocryptovirus humangamma4,NPCT008,,"UNVERIFIED_ASMBLY: Human gammaherpesvirus 4 isolate NPCT008, complete genome",171823,complete,China,China,Homo sapiens,"Xu,M., Yao,Y., Chen,H., Zhang,S., Cao,S.-M., Zhang,Z., Luo,B., Liu,Z., Li,Z., Feng,Q.-S., Chen,L.-Z., Guo,X., Jia,W., Chen,M.-Y., Zhao,B., Zhang,X., Xie,S.-H., Peng,R., Chang,E.T., Peterganna,V., Feng,L., Bei,J.-X., Xu,R., Zeng,M.-S., Hildesheim,A., Ye,W., Adami,H.-O., Lin,X., Zhai,W., Zeng,Y.-X., Liu,J.",2013-04-23
MK540367.1,,human gammaherpesvirus 4,Lymphocryptovirus humangamma4,NPCT009,,"UNVERIFIED_ASMBLY: Human gammaherpesvirus 4 isolate NPCT009, complete genome",171823,complete,China,China,Homo sapiens,"Xu,M., Yao,Y., Chen,H., Zhang,S., Cao,S.-M., Zhang,Z., Luo,B., Liu,Z., Li,Z., Feng,Q.-S., Chen,L.-Z., Guo,X., Jia,W., Chen,M.-Y., Zhao,B., Zhang,X., Xie,S.-H., Peng,R., Chang,E.T., Peterganna,V., Feng,L., Bei,J.-X., Xu,R., Zeng,M.-S., Hildesheim,A., Ye,W., Adami,H.-O., Lin,X., Zhai,W., Zeng,Y.-X., Liu,J.",2013-04-23
MK540368.1,,human gammaherpesvirus 4,Lymphocryptovirus humangamma4,NPCT010,,"UNVERIFIED_ASMBLY: Human gammaherpesvirus 4 isolate NPCT010, complete genome",171823,complete,China,China,Homo sapiens,"Xu,M., Yao,Y., Chen,H., Zhang,S., Cao,S.-M., Zhang,Z., Luo,B., Liu,Z., Li,Z., Feng,Q.-S., Chen,L.-Z., Guo,X., Jia,W., Chen,M.-Y., Zhao,B., Zhang,X., Xie,S.-H., Peng,R., Chang,E.T., Peterganna,V., Feng,L., Bei,J.-X., Xu,R., Zeng,M.-S., Hildesheim,A., Ye,W., Adami,H.-O., Lin,X., Zhai,W., Zeng,Y.-X., Liu,J.",2013-04-24
MK540369.1,,human gammaherpesvirus 4,Lymphocryptovirus humangamma4,NPCT011,,"UNVERIFIED_ASMBLY: Human gammaherpesvirus 4 isolate NPCT011, complete genome",171823,complete,China,China,Homo sapiens,"Xu,M., Yao,Y., Chen,H., Zhang,S., Cao,S.-M., Zhang,Z., Luo,B., Liu,Z., Li,Z., Feng,Q.-S., Chen,L.-Z., Guo,X., Jia,W., Chen,M.-Y., Zhao,B., Zhang,X., Xie,S.-H., Peng,R., Chang,E.T., Peterganna,V., Feng,L., Bei,J.-X., Xu,R., Zeng,M.-S., Hildesheim,A., Ye,W., Adami,H.-O., Lin,X., Zhai,W., Zeng,Y.-X., Liu,J.",2013-04-24
MK540370.1,,human gammaherpesvirus 4,Lymphocryptovirus humangamma4,NPCT012,,"UNVERIFIED_ASMBLY: Human gammaherpesvirus 4 isolate NPCT012, complete genome",171823,complete,China,China,Homo sapiens,"Xu,M., Yao,Y., Chen,H., Zhang,S., Cao,S.-M., Zhang,Z., Luo,B., Liu,Z., Li,Z., Feng,Q.-S., Chen,L.-Z., Guo,X., Jia,W., Chen,M.-Y., Zhao,B., Zhang,X., Xie,S.-H., Peng,R., Chang,E.T., Peterganna,V., Feng,L., Bei,J.-X., Xu,R., Zeng,M.-S., Hildesheim,A., Ye,W., Adami,H.-O., Lin,X., Zhai,W., Zeng,Y.-X., Liu,J.",2013-04-25
MK540371.1,,human gammaherpesvirus 4,Lymphocryptovirus humangamma4,NPCT013,,"UNVERIFIED_ASMBLY: Human gammaherpesvirus 4 isolate NPCT013, complete genome",171823,complete,China,China,Homo sapiens,"Xu,M., Yao,Y., Chen,H., Zhang,S., Cao,S.-M., Zhang,Z., Luo,B., Liu,Z., Li,Z., Feng,Q.-S., Chen,L.-Z., Guo,X., Jia,W., Chen,M.-Y., Zhao,B., Zhang,X., Xie,S.-H., Peng,R., Chang,E.T., Peterganna,V., Feng,L., Bei,J.-X., Xu,R., Zeng,M.-S., Hildesheim,A., Ye,W., Adami,H.-O., Lin,X., Zhai,W., Zeng,Y.-X., Liu,J.",2014-09-12
MK540372.1,,human gammaherpesvirus 4,Lymphocryptovirus humangamma4,NPCT014,,"UNVERIFIED_ASMBLY: Human gammaherpesvirus 4 isolate NPCT014, complete genome",171823,complete,China,China,Homo sapiens,"Xu,M., Yao,Y., Chen,H., Zhang,S., Cao,S.-M., Zhang,Z., Luo,B., Liu,Z., Li,Z., Feng,Q.-S., Chen,L.-Z., Guo,X., Jia,W., Chen,M.-Y., Zhao,B., Zhang,X., Xie,S.-H., Peng,R., Chang,E.T., Peterganna,V., Feng,L., Bei,J.-X., Xu,R., Zeng,M.-S., Hildesheim,A., Ye,W., Adami,H.-O., Lin,X., Zhai,W., Zeng,Y.-X., Liu,J.",2013-04-12
MK540373.1,,human gammaherpesvirus 4,Lymphocryptovirus humangamma4,NPCT015,,"UNVERIFIED_ASMBLY: Human gammaherpesvirus 4 isolate NPCT015, complete genome",171823,complete,China,China,Homo sapiens,"Xu,M., Yao,Y., Chen,H., Zhang,S., Cao,S.-M., Zhang,Z., Luo,B., Liu,Z., Li,Z., Feng,Q.-S., Chen,L.-Z., Guo,X., Jia,W., Chen,M.-Y., Zhao,B., Zhang,X., Xie,S.-H., Peng,R., Chang,E.T., Peterganna,V., Feng,L., Bei,J.-X., Xu,R., Zeng,M.-S., Hildesheim,A., Ye,W., Adami,H.-O., Lin,X., Zhai,W., Zeng,Y.-X., Liu,J.",2013-04-23
MK540374.1,,human gammaherpesvirus 4,Lymphocryptovirus humangamma4,NPCT017,,"UNVERIFIED_ASMBLY: Human gammaherpesvirus 4 isolate NPCT017, complete genome",171823,complete,China,China,Homo sapiens,"Xu,M., Yao,Y., Chen,H., Zhang,S., Cao,S.-M., Zhang,Z., Luo,B., Liu,Z., Li,Z., Feng,Q.-S., Chen,L.-Z., Guo,X., Jia,W., Chen,M.-Y., Zhao,B., Zhang,X., Xie,S.-H., Peng,R., Chang,E.T., Peterganna,V., Feng,L., Bei,J.-X., Xu,R., Zeng,M.-S., Hildesheim,A., Ye,W., Adami,H.-O., Lin,X., Zhai,W., Zeng,Y.-X., Liu,J.",2013-04-17
MK540375.1,,human gammaherpesvirus 4,Lymphocryptovirus humangamma4,NPCT018,,"UNVERIFIED_ASMBLY: Human gammaherpesvirus 4 isolate NPCT018, complete genome",171823,complete,China,China,Homo sapiens,"Xu,M., Yao,Y., Chen,H., Zhang,S., Cao,S.-M., Zhang,Z., Luo,B., Liu,Z., Li,Z., Feng,Q.-S., Chen,L.-Z., Guo,X., Jia,W., Chen,M.-Y., Zhao,B., Zhang,X., Xie,S.-H., Peng,R., Chang,E.T., Peterganna,V., Feng,L., Bei,J.-X., Xu,R., Zeng,M.-S., Hildesheim,A., Ye,W., Adami,H.-O., Lin,X., Zhai,W., Zeng,Y.-X., Liu,J.",2013-04-18
MK540376.1,,human gammaherpesvirus 4,Lymphocryptovirus humangamma4,NPCT019,,"UNVERIFIED_ASMBLY: Human gammaherpesvirus 4 isolate NPCT019, complete genome",171823,complete,China,China,Homo sapiens,"Xu,M., Yao,Y., Chen,H., Zhang,S., Cao,S.-M., Zhang,Z., Luo,B., Liu,Z., Li,Z., Feng,Q.-S., Chen,L.-Z., Guo,X., Jia,W., Chen,M.-Y., Zhao,B., Zhang,X., Xie,S.-H., Peng,R., Chang,E.T., Peterganna,V., Feng,L., Bei,J.-X., Xu,R., Zeng,M.-S., Hildesheim,A., Ye,W., Adami,H.-O., Lin,X., Zhai,W., Zeng,Y.-X., Liu,J.",2013-04-18
MK540377.1,,human gammaherpesvirus 4,Lymphocryptovirus humangamma4,NPCT020-2,,"UNVERIFIED_ASMBLY: Human gammaherpesvirus 4 isolate NPCT020-2, complete genome",171823,complete,China,China,Homo sapiens,"Xu,M., Yao,Y., Chen,H., Zhang,S., Cao,S.-M., Zhang,Z., Luo,B., Liu,Z., Li,Z., Feng,Q.-S., Chen,L.-Z., Guo,X., Jia,W., Chen,M.-Y., Zhao,B., Zhang,X., Xie,S.-H., Peng,R., Chang,E.T., Peterganna,V., Feng,L., Bei,J.-X., Xu,R., Zeng,M.-S., Hildesheim,A., Ye,W., Adami,H.-O., Lin,X., Zhai,W., Zeng,Y.-X., Liu,J.",2013-04-19
MK540378.1,,human gammaherpesvirus 4,Lymphocryptovirus humangamma4,NPCT021,,"UNVERIFIED_ASMBLY: Human gammaherpesvirus 4 isolate NPCT021, complete genome",171823,complete,China,China,Homo sapiens,"Xu,M., Yao,Y., Chen,H., Zhang,S., Cao,S.-M., Zhang,Z., Luo,B., Liu,Z., Li,Z., Feng,Q.-S., Chen,L.-Z., Guo,X., Jia,W., Chen,M.-Y., Zhao,B., Zhang,X., Xie,S.-H., Peng,R., Chang,E.T., Peterganna,V., Feng,L., Bei,J.-X., Xu,R., Zeng,M.-S., Hildesheim,A., Ye,W., Adami,H.-O., Lin,X., Zhai,W., Zeng,Y.-X., Liu,J.",2013-04-24
MK540379.1,,human gammaherpesvirus 4,Lymphocryptovirus humangamma4,NPCT022,,"UNVERIFIED_ASMBLY: Human gammaherpesvirus 4 isolate NPCT022, complete genome",171823,complete,China,China,Homo sapiens,"Xu,M., Yao,Y., Chen,H., Zhang,S., Cao,S.-M., Zhang,Z., Luo,B., Liu,Z., Li,Z., Feng,Q.-S., Chen,L.-Z., Guo,X., Jia,W., Chen,M.-Y., Zhao,B., Zhang,X., Xie,S.-H., Peng,R., Chang,E.T., Peterganna,V., Feng,L., Bei,J.-X., Xu,R., Zeng,M.-S., Hildesheim,A., Ye,W., Adami,H.-O., Lin,X., Zhai,W., Zeng,Y.-X., Liu,J.",2013-04-24
MK540380.1,,human gammaherpesvirus 4,Lymphocryptovirus humangamma4,NPCT023,,"UNVERIFIED_ASMBLY: Human gammaherpesvirus 4 isolate NPCT023, complete genome",171823,complete,China,China,Homo sapiens,"Xu,M., Yao,Y., Chen,H., Zhang,S., Cao,S.-M., Zhang,Z., Luo,B., Liu,Z., Li,Z., Feng,Q.-S., Chen,L.-Z., Guo,X., Jia,W., Chen,M.-Y., Zhao,B., Zhang,X., Xie,S.-H., Peng,R., Chang,E.T., Peterganna,V., Feng,L., Bei,J.-X., Xu,R., Zeng,M.-S., Hildesheim,A., Ye,W., Adami,H.-O., Lin,X., Zhai,W., Zeng,Y.-X., Liu,J.",2013-04-24
MK540381.1,,human gammaherpesvirus 4,Lymphocryptovirus humangamma4,NPCT024,,"UNVERIFIED_ASMBLY: Human gammaherpesvirus 4 isolate NPCT024, complete genome",171823,complete,China,China,Homo sapiens,"Xu,M., Yao,Y., Chen,H., Zhang,S., Cao,S.-M., Zhang,Z., Luo,B., Liu,Z., Li,Z., Feng,Q.-S., Chen,L.-Z., Guo,X., Jia,W., Chen,M.-Y., Zhao,B., Zhang,X., Xie,S.-H., Peng,R., Chang,E.T., Peterganna,V., Feng,L., Bei,J.-X., Xu,R., Zeng,M.-S., Hildesheim,A., Ye,W., Adami,H.-O., Lin,X., Zhai,W., Zeng,Y.-X., Liu,J.",2013-04-23
MK540382.1,,human gammaherpesvirus 4,Lymphocryptovirus humangamma4,NPCT025,,"UNVERIFIED_ASMBLY: Human gammaherpesvirus 4 isolate NPCT025, complete genome",171823,complete,China,China,Homo sapiens,"Xu,M., Yao,Y., Chen,H., Zhang,S., Cao,S.-M., Zhang,Z., Luo,B., Liu,Z., Li,Z., Feng,Q.-S., Chen,L.-Z., Guo,X., Jia,W., Chen,M.-Y., Zhao,B., Zhang,X., Xie,S.-H., Peng,R., Chang,E.T., Peterganna,V., Feng,L., Bei,J.-X., Xu,R., Zeng,M.-S., Hildesheim,A., Ye,W., Adami,H.-O., Lin,X., Zhai,W., Zeng,Y.-X., Liu,J.",2013-04-25
MK540383.1,,human gammaherpesvirus 4,Lymphocryptovirus humangamma4,NPCT027,,"UNVERIFIED_ASMBLY: Human gammaherpesvirus 4 isolate NPCT027, complete genome",171823,complete,China,China,Homo sapiens,"Xu,M., Yao,Y., Chen,H., Zhang,S., Cao,S.-M., Zhang,Z., Luo,B., Liu,Z., Li,Z., Feng,Q.-S., Chen,L.-Z., Guo,X., Jia,W., Chen,M.-Y., Zhao,B., Zhang,X., Xie,S.-H., Peng,R., Chang,E.T., Peterganna,V., Feng,L., Bei,J.-X., Xu,R., Zeng,M.-S., Hildesheim,A., Ye,W., Adami,H.-O., Lin,X., Zhai,W., Zeng,Y.-X., Liu,J.",2013-04-25
MK540384.1,,human gammaherpesvirus 4,Lymphocryptovirus humangamma4,NPCT028-2,,"UNVERIFIED_ASMBLY: Human gammaherpesvirus 4 isolate NPCT028-2, complete genome",171823,complete,China,China,Homo sapiens,"Xu,M., Yao,Y., Chen,H., Zhang,S., Cao,S.-M., Zhang,Z., Luo,B., Liu,Z., Li,Z., Feng,Q.-S., Chen,L.-Z., Guo,X., Jia,W., Chen,M.-Y., Zhao,B., Zhang,X., Xie,S.-H., Peng,R., Chang,E.T., Peterganna,V., Feng,L., Bei,J.-X., Xu,R., Zeng,M.-S., Hildesheim,A., Ye,W., Adami,H.-O., Lin,X., Zhai,W., Zeng,Y.-X., Liu,J.",2013-04-27
MK540385.1,,human gammaherpesvirus 4,Lymphocryptovirus humangamma4,NPCT029,,"UNVERIFIED_ASMBLY: Human gammaherpesvirus 4 isolate NPCT029, complete genome",171823,complete,China,China,Homo sapiens,"Xu,M., Yao,Y., Chen,H., Zhang,S., Cao,S.-M., Zhang,Z., Luo,B., Liu,Z., Li,Z., Feng,Q.-S., Chen,L.-Z., Guo,X., Jia,W., Chen,M.-Y., Zhao,B., Zhang,X., Xie,S.-H., Peng,R., Chang,E.T., Peterganna,V., Feng,L., Bei,J.-X., Xu,R., Zeng,M.-S., Hildesheim,A., Ye,W., Adami,H.-O., Lin,X., Zhai,W., Zeng,Y.-X., Liu,J.",2013-04-27
MK540386.1,,human gammaherpesvirus 4,Lymphocryptovirus humangamma4,NPCT031,,"UNVERIFIED_ASMBLY: Human gammaherpesvirus 4 isolate NPCT031, complete genome",171823,complete,China,China,Homo sapiens,"Xu,M., Yao,Y., Chen,H., Zhang,S., Cao,S.-M., Zhang,Z., Luo,B., Liu,Z., Li,Z., Feng,Q.-S., Chen,L.-Z., Guo,X., Jia,W., Chen,M.-Y., Zhao,B., Zhang,X., Xie,S.-H., Peng,R., Chang,E.T., Peterganna,V., Feng,L., Bei,J.-X., Xu,R., Zeng,M.-S., Hildesheim,A., Ye,W., Adami,H.-O., Lin,X., Zhai,W., Zeng,Y.-X., Liu,J.",2013-04-28
MK540387.1,,human gammaherpesvirus 4,Lymphocryptovirus humangamma4,NPCT032,,"UNVERIFIED_ASMBLY: Human gammaherpesvirus 4 isolate NPCT032, complete genome",171823,complete,China,China,Homo sapiens,"Xu,M., Yao,Y., Chen,H., Zhang,S., Cao,S.-M., Zhang,Z., Luo,B., Liu,Z., Li,Z., Feng,Q.-S., Chen,L.-Z., Guo,X., Jia,W., Chen,M.-Y., Zhao,B., Zhang,X., Xie,S.-H., Peng,R., Chang,E.T., Peterganna,V., Feng,L., Bei,J.-X., Xu,R., Zeng,M.-S., Hildesheim,A., Ye,W., Adami,H.-O., Lin,X., Zhai,W., Zeng,Y.-X., Liu,J.",2013-04-28
MK540388.1,,human gammaherpesvirus 4,Lymphocryptovirus humangamma4,NPCT033,,"UNVERIFIED_ASMBLY: Human gammaherpesvirus 4 isolate NPCT033, complete genome",171823,complete,China,China,Homo sapiens,"Xu,M., Yao,Y., Chen,H., Zhang,S., Cao,S.-M., Zhang,Z., Luo,B., Liu,Z., Li,Z., Feng,Q.-S., Chen,L.-Z., Guo,X., Jia,W., Chen,M.-Y., Zhao,B., Zhang,X., Xie,S.-H., Peng,R., Chang,E.T., Peterganna,V., Feng,L., Bei,J.-X., Xu,R., Zeng,M.-S., Hildesheim,A., Ye,W., Adami,H.-O., Lin,X., Zhai,W., Zeng,Y.-X., Liu,J.",2013
MK540389.1,,human gammaherpesvirus 4,Lymphocryptovirus humangamma4,NPCT035,,"UNVERIFIED_ASMBLY: Human gammaherpesvirus 4 isolate NPCT035, complete genome",171823,complete,China,China,Homo sapiens,"Xu,M., Yao,Y., Chen,H., Zhang,S., Cao,S.-M., Zhang,Z., Luo,B., Liu,Z., Li,Z., Feng,Q.-S., Chen,L.-Z., Guo,X., Jia,W., Chen,M.-Y., Zhao,B., Zhang,X., Xie,S.-H., Peng,R., Chang,E.T., Peterganna,V., Feng,L., Bei,J.-X., Xu,R., Zeng,M.-S., Hildesheim,A., Ye,W., Adami,H.-O., Lin,X., Zhai,W., Zeng,Y.-X., Liu,J.",2013-05-02
MK540390.1,,human gammaherpesvirus 4,Lymphocryptovirus humangamma4,NPCT036,,"UNVERIFIED_ASMBLY: Human gammaherpesvirus 4 isolate NPCT036, complete genome",171823,complete,China,China,Homo sapiens,"Xu,M., Yao,Y., Chen,H., Zhang,S., Cao,S.-M., Zhang,Z., Luo,B., Liu,Z., Li,Z., Feng,Q.-S., Chen,L.-Z., Guo,X., Jia,W., Chen,M.-Y., Zhao,B., Zhang,X., Xie,S.-H., Peng,R., Chang,E.T., Peterganna,V., Feng,L., Bei,J.-X., Xu,R., Zeng,M.-S., Hildesheim,A., Ye,W., Adami,H.-O., Lin,X., Zhai,W., Zeng,Y.-X., Liu,J.",2013
MK540391.1,,human gammaherpesvirus 4,Lymphocryptovirus humangamma4,NPCT037,,"UNVERIFIED_ASMBLY: Human gammaherpesvirus 4 isolate NPCT037, complete genome",171823,complete,China,China,Homo sapiens,"Xu,M., Yao,Y., Chen,H., Zhang,S., Cao,S.-M., Zhang,Z., Luo,B., Liu,Z., Li,Z., Feng,Q.-S., Chen,L.-Z., Guo,X., Jia,W., Chen,M.-Y., Zhao,B., Zhang,X., Xie,S.-H., Peng,R., Chang,E.T., Peterganna,V., Feng,L., Bei,J.-X., Xu,R., Zeng,M.-S., Hildesheim,A., Ye,W., Adami,H.-O., Lin,X., Zhai,W., Zeng,Y.-X., Liu,J.",2013-05-03
MK540392.1,,human gammaherpesvirus 4,Lymphocryptovirus humangamma4,NPCT038,,"UNVERIFIED_ASMBLY: Human gammaherpesvirus 4 isolate NPCT038, complete genome",171823,complete,China,China,Homo sapiens,"Xu,M., Yao,Y., Chen,H., Zhang,S., Cao,S.-M., Zhang,Z., Luo,B., Liu,Z., Li,Z., Feng,Q.-S., Chen,L.-Z., Guo,X., Jia,W., Chen,M.-Y., Zhao,B., Zhang,X., Xie,S.-H., Peng,R., Chang,E.T., Peterganna,V., Feng,L., Bei,J.-X., Xu,R., Zeng,M.-S., Hildesheim,A., Ye,W., Adami,H.-O., Lin,X., Zhai,W., Zeng,Y.-X., Liu,J.",2013-05-03
MK540393.1,,human gammaherpesvirus 4,Lymphocryptovirus humangamma4,NPCT039,,"UNVERIFIED_ASMBLY: Human gammaherpesvirus 4 isolate NPCT039, complete genome",171823,complete,China,China,Homo sapiens,"Xu,M., Yao,Y., Chen,H., Zhang,S., Cao,S.-M., Zhang,Z., Luo,B., Liu,Z., Li,Z., Feng,Q.-S., Chen,L.-Z., Guo,X., Jia,W., Chen,M.-Y., Zhao,B., Zhang,X., Xie,S.-H., Peng,R., Chang,E.T., Peterganna,V., Feng,L., Bei,J.-X., Xu,R., Zeng,M.-S., Hildesheim,A., Ye,W., Adami,H.-O., Lin,X., Zhai,W., Zeng,Y.-X., Liu,J.",2013-05-03
MK540394.1,,human gammaherpesvirus 4,Lymphocryptovirus humangamma4,NPCT040,,"UNVERIFIED_ASMBLY: Human gammaherpesvirus 4 isolate NPCT040, complete genome",171823,complete,China,China,Homo sapiens,"Xu,M., Yao,Y., Chen,H., Zhang,S., Cao,S.-M., Zhang,Z., Luo,B., Liu,Z., Li,Z., Feng,Q.-S., Chen,L.-Z., Guo,X., Jia,W., Chen,M.-Y., Zhao,B., Zhang,X., Xie,S.-H., Peng,R., Chang,E.T., Peterganna,V., Feng,L., Bei,J.-X., Xu,R., Zeng,M.-S., Hildesheim,A., Ye,W., Adami,H.-O., Lin,X., Zhai,W., Zeng,Y.-X., Liu,J.",2013-05-06
MK540395.1,,human gammaherpesvirus 4,Lymphocryptovirus humangamma4,NPCT041,,"UNVERIFIED_ASMBLY: Human gammaherpesvirus 4 isolate NPCT041, complete genome",171823,complete,China,China,Homo sapiens,"Xu,M., Yao,Y., Chen,H., Zhang,S., Cao,S.-M., Zhang,Z., Luo,B., Liu,Z., Li,Z., Feng,Q.-S., Chen,L.-Z., Guo,X., Jia,W., Chen,M.-Y., Zhao,B., Zhang,X., Xie,S.-H., Peng,R., Chang,E.T., Peterganna,V., Feng,L., Bei,J.-X., Xu,R., Zeng,M.-S., Hildesheim,A., Ye,W., Adami,H.-O., Lin,X., Zhai,W., Zeng,Y.-X., Liu,J.",2013-05-06
MK540396.1,,human gammaherpesvirus 4,Lymphocryptovirus humangamma4,NPCT042,,"UNVERIFIED_ASMBLY: Human gammaherpesvirus 4 isolate NPCT042, complete genome",171823,complete,China,China,Homo sapiens,"Xu,M., Yao,Y., Chen,H., Zhang,S., Cao,S.-M., Zhang,Z., Luo,B., Liu,Z., Li,Z., Feng,Q.-S., Chen,L.-Z., Guo,X., Jia,W., Chen,M.-Y., Zhao,B., Zhang,X., Xie,S.-H., Peng,R., Chang,E.T., Peterganna,V., Feng,L., Bei,J.-X., Xu,R., Zeng,M.-S., Hildesheim,A., Ye,W., Adami,H.-O., Lin,X., Zhai,W., Zeng,Y.-X., Liu,J.",2013-05-06
MK540397.1,,human gammaherpesvirus 4,Lymphocryptovirus humangamma4,NPCT043,,"UNVERIFIED_ASMBLY: Human gammaherpesvirus 4 isolate NPCT043, complete genome",171823,complete,China,China,Homo sapiens,"Xu,M., Yao,Y., Chen,H., Zhang,S., Cao,S.-M., Zhang,Z., Luo,B., Liu,Z., Li,Z., Feng,Q.-S., Chen,L.-Z., Guo,X., Jia,W., Chen,M.-Y., Zhao,B., Zhang,X., Xie,S.-H., Peng,R., Chang,E.T., Peterganna,V., Feng,L., Bei,J.-X., Xu,R., Zeng,M.-S., Hildesheim,A., Ye,W., Adami,H.-O., Lin,X., Zhai,W., Zeng,Y.-X., Liu,J.",2013
MK540398.1,,human gammaherpesvirus 4,Lymphocryptovirus humangamma4,NPCT045,,"UNVERIFIED_ASMBLY: Human gammaherpesvirus 4 isolate NPCT045, complete genome",171823,complete,China,China,Homo sapiens,"Xu,M., Yao,Y., Chen,H., Zhang,S., Cao,S.-M., Zhang,Z., Luo,B., Liu,Z., Li,Z., Feng,Q.-S., Chen,L.-Z., Guo,X., Jia,W., Chen,M.-Y., Zhao,B., Zhang,X., Xie,S.-H., Peng,R., Chang,E.T., Peterganna,V., Feng,L., Bei,J.-X., Xu,R., Zeng,M.-S., Hildesheim,A., Ye,W., Adami,H.-O., Lin,X., Zhai,W., Zeng,Y.-X., Liu,J.",2013-09-05
MK540399.1,,human gammaherpesvirus 4,Lymphocryptovirus humangamma4,NPCT046,,"UNVERIFIED_ASMBLY: Human gammaherpesvirus 4 isolate NPCT046, complete genome",171823,complete,China,China,Homo sapiens,"Xu,M., Yao,Y., Chen,H., Zhang,S., Cao,S.-M., Zhang,Z., Luo,B., Liu,Z., Li,Z., Feng,Q.-S., Chen,L.-Z., Guo,X., Jia,W., Chen,M.-Y., Zhao,B., Zhang,X., Xie,S.-H., Peng,R., Chang,E.T., Peterganna,V., Feng,L., Bei,J.-X., Xu,R., Zeng,M.-S., Hildesheim,A., Ye,W., Adami,H.-O., Lin,X., Zhai,W., Zeng,Y.-X., Liu,J.",2013-09-24
MK540400.1,,human gammaherpesvirus 4,Lymphocryptovirus humangamma4,NPCT047,,"UNVERIFIED_ASMBLY: Human gammaherpesvirus 4 isolate NPCT047, complete genome",171823,complete,China,China,Homo sapiens,"Xu,M., Yao,Y., Chen,H., Zhang,S., Cao,S.-M., Zhang,Z., Luo,B., Liu,Z., Li,Z., Feng,Q.-S., Chen,L.-Z., Guo,X., Jia,W., Chen,M.-Y., Zhao,B., Zhang,X., Xie,S.-H., Peng,R., Chang,E.T., Peterganna,V., Feng,L., Bei,J.-X., Xu,R., Zeng,M.-S., Hildesheim,A., Ye,W., Adami,H.-O., Lin,X., Zhai,W., Zeng,Y.-X., Liu,J.",2013-09-24
MK540401.1,,human gammaherpesvirus 4,Lymphocryptovirus humangamma4,NPCT048,,"UNVERIFIED_ASMBLY: Human gammaherpesvirus 4 isolate NPCT048, complete genome",171823,complete,China,China,Homo sapiens,"Xu,M., Yao,Y., Chen,H., Zhang,S., Cao,S.-M., Zhang,Z., Luo,B., Liu,Z., Li,Z., Feng,Q.-S., Chen,L.-Z., Guo,X., Jia,W., Chen,M.-Y., Zhao,B., Zhang,X., Xie,S.-H., Peng,R., Chang,E.T., Peterganna,V., Feng,L., Bei,J.-X., Xu,R., Zeng,M.-S., Hildesheim,A., Ye,W., Adami,H.-O., Lin,X., Zhai,W., Zeng,Y.-X., Liu,J.",2013-10-23
MK540402.1,,human gammaherpesvirus 4,Lymphocryptovirus humangamma4,NPCT049,,"UNVERIFIED_ASMBLY: Human gammaherpesvirus 4 isolate NPCT049, complete genome",171823,complete,China,China,Homo sapiens,"Xu,M., Yao,Y., Chen,H., Zhang,S., Cao,S.-M., Zhang,Z., Luo,B., Liu,Z., Li,Z., Feng,Q.-S., Chen,L.-Z., Guo,X., Jia,W., Chen,M.-Y., Zhao,B., Zhang,X., Xie,S.-H., Peng,R., Chang,E.T., Peterganna,V., Feng,L., Bei,J.-X., Xu,R., Zeng,M.-S., Hildesheim,A., Ye,W., Adami,H.-O., Lin,X., Zhai,W., Zeng,Y.-X., Liu,J.",2013-03-12
MK540403.1,,human gammaherpesvirus 4,Lymphocryptovirus humangamma4,NPCT050,,"UNVERIFIED_ASMBLY: Human gammaherpesvirus 4 isolate NPCT050, complete genome",171823,complete,China,China,Homo sapiens,"Xu,M., Yao,Y., Chen,H., Zhang,S., Cao,S.-M., Zhang,Z., Luo,B., Liu,Z., Li,Z., Feng,Q.-S., Chen,L.-Z., Guo,X., Jia,W., Chen,M.-Y., Zhao,B., Zhang,X., Xie,S.-H., Peng,R., Chang,E.T., Peterganna,V., Feng,L., Bei,J.-X., Xu,R., Zeng,M.-S., Hildesheim,A., Ye,W., Adami,H.-O., Lin,X., Zhai,W., Zeng,Y.-X., Liu,J.",2013-03-13
MK540404.1,,human gammaherpesvirus 4,Lymphocryptovirus humangamma4,NPCT052,,"UNVERIFIED_ASMBLY: Human gammaherpesvirus 4 isolate NPCT052, complete genome",171823,complete,China,China,Homo sapiens,"Xu,M., Yao,Y., Chen,H., Zhang,S., Cao,S.-M., Zhang,Z., Luo,B., Liu,Z., Li,Z., Feng,Q.-S., Chen,L.-Z., Guo,X., Jia,W., Chen,M.-Y., Zhao,B., Zhang,X., Xie,S.-H., Peng,R., Chang,E.T., Peterganna,V., Feng,L., Bei,J.-X., Xu,R., Zeng,M.-S., Hildesheim,A., Ye,W., Adami,H.-O., Lin,X., Zhai,W., Zeng,Y.-X., Liu,J.",2013-03-13
MK540405.1,,human gammaherpesvirus 4,Lymphocryptovirus humangamma4,NPCT053,,"UNVERIFIED_ASMBLY: Human gammaherpesvirus 4 isolate NPCT053, complete genome",171823,complete,China,China,Homo sapiens,"Xu,M., Yao,Y., Chen,H., Zhang,S., Cao,S.-M., Zhang,Z., Luo,B., Liu,Z., Li,Z., Feng,Q.-S., Chen,L.-Z., Guo,X., Jia,W., Chen,M.-Y., Zhao,B., Zhang,X., Xie,S.-H., Peng,R., Chang,E.T., Peterganna,V., Feng,L., Bei,J.-X., Xu,R., Zeng,M.-S., Hildesheim,A., Ye,W., Adami,H.-O., Lin,X., Zhai,W., Zeng,Y.-X., Liu,J.",2013-03-13
MK540406.1,,human gammaherpesvirus 4,Lymphocryptovirus humangamma4,NPCT054,,"UNVERIFIED_ASMBLY: Human gammaherpesvirus 4 isolate NPCT054, complete genome",171823,complete,China,China,Homo sapiens,"Xu,M., Yao,Y., Chen,H., Zhang,S., Cao,S.-M., Zhang,Z., Luo,B., Liu,Z., Li,Z., Feng,Q.-S., Chen,L.-Z., Guo,X., Jia,W., Chen,M.-Y., Zhao,B., Zhang,X., Xie,S.-H., Peng,R., Chang,E.T., Peterganna,V., Feng,L., Bei,J.-X., Xu,R., Zeng,M.-S., Hildesheim,A., Ye,W., Adami,H.-O., Lin,X., Zhai,W., Zeng,Y.-X., Liu,J.",2013
MK540407.1,,human gammaherpesvirus 4,Lymphocryptovirus humangamma4,NPCT054M,,"UNVERIFIED_ASMBLY: Human gammaherpesvirus 4 isolate NPCT054M, complete genome",171823,complete,China,China,Homo sapiens,"Xu,M., Yao,Y., Chen,H., Zhang,S., Cao,S.-M., Zhang,Z., Luo,B., Liu,Z., Li,Z., Feng,Q.-S., Chen,L.-Z., Guo,X., Jia,W., Chen,M.-Y., Zhao,B., Zhang,X., Xie,S.-H., Peng,R., Chang,E.T., Peterganna,V., Feng,L., Bei,J.-X., Xu,R., Zeng,M.-S., Hildesheim,A., Ye,W., Adami,H.-O., Lin,X., Zhai,W., Zeng,Y.-X., Liu,J.",2013
MK540408.1,,human gammaherpesvirus 4,Lymphocryptovirus humangamma4,NPCT055,,"UNVERIFIED_ASMBLY: Human gammaherpesvirus 4 isolate NPCT055, complete genome",171823,complete,China,China,Homo sapiens,"Xu,M., Yao,Y., Chen,H., Zhang,S., Cao,S.-M., Zhang,Z., Luo,B., Liu,Z., Li,Z., Feng,Q.-S., Chen,L.-Z., Guo,X., Jia,W., Chen,M.-Y., Zhao,B., Zhang,X., Xie,S.-H., Peng,R., Chang,E.T., Peterganna,V., Feng,L., Bei,J.-X., Xu,R., Zeng,M.-S., Hildesheim,A., Ye,W., Adami,H.-O., Lin,X., Zhai,W., Zeng,Y.-X., Liu,J.",2013-04-15
MK540409.1,,human gammaherpesvirus 4,Lymphocryptovirus humangamma4,NPCT055M,,"UNVERIFIED_ASMBLY: Human gammaherpesvirus 4 isolate NPCT055M, complete genome",171823,complete,China,China,Homo sapiens,"Xu,M., Yao,Y., Chen,H., Zhang,S., Cao,S.-M., Zhang,Z., Luo,B., Liu,Z., Li,Z., Feng,Q.-S., Chen,L.-Z., Guo,X., Jia,W., Chen,M.-Y., Zhao,B., Zhang,X., Xie,S.-H., Peng,R., Chang,E.T., Peterganna,V., Feng,L., Bei,J.-X., Xu,R., Zeng,M.-S., Hildesheim,A., Ye,W., Adami,H.-O., Lin,X., Zhai,W., Zeng,Y.-X., Liu,J.",2013
MK540410.1,,human gammaherpesvirus 4,Lymphocryptovirus humangamma4,NPCT056,,"UNVERIFIED_ASMBLY: Human gammaherpesvirus 4 isolate NPCT056, complete genome",171823,complete,China,China,Homo sapiens,"Xu,M., Yao,Y., Chen,H., Zhang,S., Cao,S.-M., Zhang,Z., Luo,B., Liu,Z., Li,Z., Feng,Q.-S., Chen,L.-Z., Guo,X., Jia,W., Chen,M.-Y., Zhao,B., Zhang,X., Xie,S.-H., Peng,R., Chang,E.T., Peterganna,V., Feng,L., Bei,J.-X., Xu,R., Zeng,M.-S., Hildesheim,A., Ye,W., Adami,H.-O., Lin,X., Zhai,W., Zeng,Y.-X., Liu,J.",2013
MK540411.1,,human gammaherpesvirus 4,Lymphocryptovirus humangamma4,NPCT056M,,"UNVERIFIED_ASMBLY: Human gammaherpesvirus 4 isolate NPCT056M, complete genome",171823,complete,China,China,Homo sapiens,"Xu,M., Yao,Y., Chen,H., Zhang,S., Cao,S.-M., Zhang,Z., Luo,B., Liu,Z., Li,Z., Feng,Q.-S., Chen,L.-Z., Guo,X., Jia,W., Chen,M.-Y., Zhao,B., Zhang,X., Xie,S.-H., Peng,R., Chang,E.T., Peterganna,V., Feng,L., Bei,J.-X., Xu,R., Zeng,M.-S., Hildesheim,A., Ye,W., Adami,H.-O., Lin,X., Zhai,W., Zeng,Y.-X., Liu,J.",2013
MK540412.1,,human gammaherpesvirus 4,Lymphocryptovirus humangamma4,NPCT057,,"UNVERIFIED_ASMBLY: Human gammaherpesvirus 4 isolate NPCT057, complete genome",171823,complete,China,China,Homo sapiens,"Xu,M., Yao,Y., Chen,H., Zhang,S., Cao,S.-M., Zhang,Z., Luo,B., Liu,Z., Li,Z., Feng,Q.-S., Chen,L.-Z., Guo,X., Jia,W., Chen,M.-Y., Zhao,B., Zhang,X., Xie,S.-H., Peng,R., Chang,E.T., Peterganna,V., Feng,L., Bei,J.-X., Xu,R., Zeng,M.-S., Hildesheim,A., Ye,W., Adami,H.-O., Lin,X., Zhai,W., Zeng,Y.-X., Liu,J.",2013-04-11
MK540413.1,,human gammaherpesvirus 4,Lymphocryptovirus humangamma4,NPCT057M,,"UNVERIFIED_ASMBLY: Human gammaherpesvirus 4 isolate NPCT057M, complete genome",171823,complete,China,China,Homo sapiens,"Xu,M., Yao,Y., Chen,H., Zhang,S., Cao,S.-M., Zhang,Z., Luo,B., Liu,Z., Li,Z., Feng,Q.-S., Chen,L.-Z., Guo,X., Jia,W., Chen,M.-Y., Zhao,B., Zhang,X., Xie,S.-H., Peng,R., Chang,E.T., Peterganna,V., Feng,L., Bei,J.-X., Xu,R., Zeng,M.-S., Hildesheim,A., Ye,W., Adami,H.-O., Lin,X., Zhai,W., Zeng,Y.-X., Liu,J.",2013-04-11
MK540414.1,,human gammaherpesvirus 4,Lymphocryptovirus humangamma4,NPCT058,,"UNVERIFIED_ASMBLY: Human gammaherpesvirus 4 isolate NPCT058, complete genome",171823,complete,China,China,Homo sapiens,"Xu,M., Yao,Y., Chen,H., Zhang,S., Cao,S.-M., Zhang,Z., Luo,B., Liu,Z., Li,Z., Feng,Q.-S., Chen,L.-Z., Guo,X., Jia,W., Chen,M.-Y., Zhao,B., Zhang,X., Xie,S.-H., Peng,R., Chang,E.T., Peterganna,V., Feng,L., Bei,J.-X., Xu,R., Zeng,M.-S., Hildesheim,A., Ye,W., Adami,H.-O., Lin,X., Zhai,W., Zeng,Y.-X., Liu,J.",2013
MK540415.1,,human gammaherpesvirus 4,Lymphocryptovirus humangamma4,NPCT058M,,"UNVERIFIED_ASMBLY: Human gammaherpesvirus 4 isolate NPCT058M, complete genome",171823,complete,China,China,Homo sapiens,"Xu,M., Yao,Y., Chen,H., Zhang,S., Cao,S.-M., Zhang,Z., Luo,B., Liu,Z., Li,Z., Feng,Q.-S., Chen,L.-Z., Guo,X., Jia,W., Chen,M.-Y., Zhao,B., Zhang,X., Xie,S.-H., Peng,R., Chang,E.T., Peterganna,V., Feng,L., Bei,J.-X., Xu,R., Zeng,M.-S., Hildesheim,A., Ye,W., Adami,H.-O., Lin,X., Zhai,W., Zeng,Y.-X., Liu,J.",2013
MK540416.1,,human gammaherpesvirus 4,Lymphocryptovirus humangamma4,NPCT059,,"UNVERIFIED_ASMBLY: Human gammaherpesvirus 4 isolate NPCT059, complete genome",171823,complete,China,China,Homo sapiens,"Xu,M., Yao,Y., Chen,H., Zhang,S., Cao,S.-M., Zhang,Z., Luo,B., Liu,Z., Li,Z., Feng,Q.-S., Chen,L.-Z., Guo,X., Jia,W., Chen,M.-Y., Zhao,B., Zhang,X., Xie,S.-H., Peng,R., Chang,E.T., Peterganna,V., Feng,L., Bei,J.-X., Xu,R., Zeng,M.-S., Hildesheim,A., Ye,W., Adami,H.-O., Lin,X., Zhai,W., Zeng,Y.-X., Liu,J.",2013-09-18
MK540417.1,,human gammaherpesvirus 4,Lymphocryptovirus humangamma4,NPCT060,,"UNVERIFIED_ASMBLY: Human gammaherpesvirus 4 isolate NPCT060, complete genome",171823,complete,China,China,Homo sapiens,"Xu,M., Yao,Y., Chen,H., Zhang,S., Cao,S.-M., Zhang,Z., Luo,B., Liu,Z., Li,Z., Feng,Q.-S., Chen,L.-Z., Guo,X., Jia,W., Chen,M.-Y., Zhao,B., Zhang,X., Xie,S.-H., Peng,R., Chang,E.T., Peterganna,V., Feng,L., Bei,J.-X., Xu,R., Zeng,M.-S., Hildesheim,A., Ye,W., Adami,H.-O., Lin,X., Zhai,W., Zeng,Y.-X., Liu,J.",2013-09-18
MK540418.1,,human gammaherpesvirus 4,Lymphocryptovirus humangamma4,NPCT061,,"UNVERIFIED_ASMBLY: Human gammaherpesvirus 4 isolate NPCT061, complete genome",171823,complete,China,China,Homo sapiens,"Xu,M., Yao,Y., Chen,H., Zhang,S., Cao,S.-M., Zhang,Z., Luo,B., Liu,Z., Li,Z., Feng,Q.-S., Chen,L.-Z., Guo,X., Jia,W., Chen,M.-Y., Zhao,B., Zhang,X., Xie,S.-H., Peng,R., Chang,E.T., Peterganna,V., Feng,L., Bei,J.-X., Xu,R., Zeng,M.-S., Hildesheim,A., Ye,W., Adami,H.-O., Lin,X., Zhai,W., Zeng,Y.-X., Liu,J.",2013-09-25
MK540419.1,,human gammaherpesvirus 4,Lymphocryptovirus humangamma4,NPCT062,,"UNVERIFIED_ASMBLY: Human gammaherpesvirus 4 isolate NPCT062, complete genome",171823,complete,China,China,Homo sapiens,"Xu,M., Yao,Y., Chen,H., Zhang,S., Cao,S.-M., Zhang,Z., Luo,B., Liu,Z., Li,Z., Feng,Q.-S., Chen,L.-Z., Guo,X., Jia,W., Chen,M.-Y., Zhao,B., Zhang,X., Xie,S.-H., Peng,R., Chang,E.T., Peterganna,V., Feng,L., Bei,J.-X., Xu,R., Zeng,M.-S., Hildesheim,A., Ye,W., Adami,H.-O., Lin,X., Zhai,W., Zeng,Y.-X., Liu,J.",2013-09-25
MK540420.1,,human gammaherpesvirus 4,Lymphocryptovirus humangamma4,NPCT063,,"UNVERIFIED_ASMBLY: Human gammaherpesvirus 4 isolate NPCT063, complete genome",171823,complete,China,China,Homo sapiens,"Xu,M., Yao,Y., Chen,H., Zhang,S., Cao,S.-M., Zhang,Z., Luo,B., Liu,Z., Li,Z., Feng,Q.-S., Chen,L.-Z., Guo,X., Jia,W., Chen,M.-Y., Zhao,B., Zhang,X., Xie,S.-H., Peng,R., Chang,E.T., Peterganna,V., Feng,L., Bei,J.-X., Xu,R., Zeng,M.-S., Hildesheim,A., Ye,W., Adami,H.-O., Lin,X., Zhai,W., Zeng,Y.-X., Liu,J.",2013-10-09
MK540421.1,,human gammaherpesvirus 4,Lymphocryptovirus humangamma4,NPCT064,,"UNVERIFIED_ASMBLY: Human gammaherpesvirus 4 isolate NPCT064, complete genome",171823,complete,China,China,Homo sapiens,"Xu,M., Yao,Y., Chen,H., Zhang,S., Cao,S.-M., Zhang,Z., Luo,B., Liu,Z., Li,Z., Feng,Q.-S., Chen,L.-Z., Guo,X., Jia,W., Chen,M.-Y., Zhao,B., Zhang,X., Xie,S.-H., Peng,R., Chang,E.T., Peterganna,V., Feng,L., Bei,J.-X., Xu,R., Zeng,M.-S., Hildesheim,A., Ye,W., Adami,H.-O., Lin,X., Zhai,W., Zeng,Y.-X., Liu,J.",2013-10-09
MK540422.1,,human gammaherpesvirus 4,Lymphocryptovirus humangamma4,NPCT065,,"UNVERIFIED_ASMBLY: Human gammaherpesvirus 4 isolate NPCT065, complete genome",171823,complete,China,China,Homo sapiens,"Xu,M., Yao,Y., Chen,H., Zhang,S., Cao,S.-M., Zhang,Z., Luo,B., Liu,Z., Li,Z., Feng,Q.-S., Chen,L.-Z., Guo,X., Jia,W., Chen,M.-Y., Zhao,B., Zhang,X., Xie,S.-H., Peng,R., Chang,E.T., Peterganna,V., Feng,L., Bei,J.-X., Xu,R., Zeng,M.-S., Hildesheim,A., Ye,W., Adami,H.-O., Lin,X., Zhai,W., Zeng,Y.-X., Liu,J.",2013-10-09
MK540423.1,,human gammaherpesvirus 4,Lymphocryptovirus humangamma4,NPCT066,,"UNVERIFIED_ASMBLY: Human gammaherpesvirus 4 isolate NPCT066, complete genome",171823,complete,China,China,Homo sapiens,"Xu,M., Yao,Y., Chen,H., Zhang,S., Cao,S.-M., Zhang,Z., Luo,B., Liu,Z., Li,Z., Feng,Q.-S., Chen,L.-Z., Guo,X., Jia,W., Chen,M.-Y., Zhao,B., Zhang,X., Xie,S.-H., Peng,R., Chang,E.T., Peterganna,V., Feng,L., Bei,J.-X., Xu,R., Zeng,M.-S., Hildesheim,A., Ye,W., Adami,H.-O., Lin,X., Zhai,W., Zeng,Y.-X., Liu,J.",2013-10-22
MK540424.1,,human gammaherpesvirus 4,Lymphocryptovirus humangamma4,NPCT067,,"UNVERIFIED_ASMBLY: Human gammaherpesvirus 4 isolate NPCT067, complete genome",171823,complete,China,China,Homo sapiens,"Xu,M., Yao,Y., Chen,H., Zhang,S., Cao,S.-M., Zhang,Z., Luo,B., Liu,Z., Li,Z., Feng,Q.-S., Chen,L.-Z., Guo,X., Jia,W., Chen,M.-Y., Zhao,B., Zhang,X., Xie,S.-H., Peng,R., Chang,E.T., Peterganna,V., Feng,L., Bei,J.-X., Xu,R., Zeng,M.-S., Hildesheim,A., Ye,W., Adami,H.-O., Lin,X., Zhai,W., Zeng,Y.-X., Liu,J.",2013-10-23
MK540425.1,,human gammaherpesvirus 4,Lymphocryptovirus humangamma4,NPCT068,,"UNVERIFIED_ASMBLY: Human gammaherpesvirus 4 isolate NPCT068, complete genome",171823,complete,China,China,Homo sapiens,"Xu,M., Yao,Y., Chen,H., Zhang,S., Cao,S.-M., Zhang,Z., Luo,B., Liu,Z., Li,Z., Feng,Q.-S., Chen,L.-Z., Guo,X., Jia,W., Chen,M.-Y., Zhao,B., Zhang,X., Xie,S.-H., Peng,R., Chang,E.T., Peterganna,V., Feng,L., Bei,J.-X., Xu,R., Zeng,M.-S., Hildesheim,A., Ye,W., Adami,H.-O., Lin,X., Zhai,W., Zeng,Y.-X., Liu,J.",2013-11-13
MK540426.1,,human gammaherpesvirus 4,Lymphocryptovirus humangamma4,NPCT069,,"UNVERIFIED_ASMBLY: Human gammaherpesvirus 4 isolate NPCT069, complete genome",171823,complete,China,China,Homo sapiens,"Xu,M., Yao,Y., Chen,H., Zhang,S., Cao,S.-M., Zhang,Z., Luo,B., Liu,Z., Li,Z., Feng,Q.-S., Chen,L.-Z., Guo,X., Jia,W., Chen,M.-Y., Zhao,B., Zhang,X., Xie,S.-H., Peng,R., Chang,E.T., Peterganna,V., Feng,L., Bei,J.-X., Xu,R., Zeng,M.-S., Hildesheim,A., Ye,W., Adami,H.-O., Lin,X., Zhai,W., Zeng,Y.-X., Liu,J.",2013-11-13
MK540427.1,,human gammaherpesvirus 4,Lymphocryptovirus humangamma4,NPCT070,,"UNVERIFIED_ASMBLY: Human gammaherpesvirus 4 isolate NPCT070, complete genome",171823,complete,China,China,Homo sapiens,"Xu,M., Yao,Y., Chen,H., Zhang,S., Cao,S.-M., Zhang,Z., Luo,B., Liu,Z., Li,Z., Feng,Q.-S., Chen,L.-Z., Guo,X., Jia,W., Chen,M.-Y., Zhao,B., Zhang,X., Xie,S.-H., Peng,R., Chang,E.T., Peterganna,V., Feng,L., Bei,J.-X., Xu,R., Zeng,M.-S., Hildesheim,A., Ye,W., Adami,H.-O., Lin,X., Zhai,W., Zeng,Y.-X., Liu,J.",2013-11-20
MK540428.1,,human gammaherpesvirus 4,Lymphocryptovirus humangamma4,NPCT071,,"UNVERIFIED_ASMBLY: Human gammaherpesvirus 4 isolate NPCT071, complete genome",171823,complete,China,China,Homo sapiens,"Xu,M., Yao,Y., Chen,H., Zhang,S., Cao,S.-M., Zhang,Z., Luo,B., Liu,Z., Li,Z., Feng,Q.-S., Chen,L.-Z., Guo,X., Jia,W., Chen,M.-Y., Zhao,B., Zhang,X., Xie,S.-H., Peng,R., Chang,E.T., Peterganna,V., Feng,L., Bei,J.-X., Xu,R., Zeng,M.-S., Hildesheim,A., Ye,W., Adami,H.-O., Lin,X., Zhai,W., Zeng,Y.-X., Liu,J.",2013-11-27
MK540429.1,,human gammaherpesvirus 4,Lymphocryptovirus humangamma4,NPCT072,,"UNVERIFIED_ASMBLY: Human gammaherpesvirus 4 isolate NPCT072, complete genome",171823,complete,China,China,Homo sapiens,"Xu,M., Yao,Y., Chen,H., Zhang,S., Cao,S.-M., Zhang,Z., Luo,B., Liu,Z., Li,Z., Feng,Q.-S., Chen,L.-Z., Guo,X., Jia,W., Chen,M.-Y., Zhao,B., Zhang,X., Xie,S.-H., Peng,R., Chang,E.T., Peterganna,V., Feng,L., Bei,J.-X., Xu,R., Zeng,M.-S., Hildesheim,A., Ye,W., Adami,H.-O., Lin,X., Zhai,W., Zeng,Y.-X., Liu,J.",2013-11-27
MK540430.1,,human gammaherpesvirus 4,Lymphocryptovirus humangamma4,NPCT073,,"UNVERIFIED_ASMBLY: Human gammaherpesvirus 4 isolate NPCT073, complete genome",171823,complete,China,China,Homo sapiens,"Xu,M., Yao,Y., Chen,H., Zhang,S., Cao,S.-M., Zhang,Z., Luo,B., Liu,Z., Li,Z., Feng,Q.-S., Chen,L.-Z., Guo,X., Jia,W., Chen,M.-Y., Zhao,B., Zhang,X., Xie,S.-H., Peng,R., Chang,E.T., Peterganna,V., Feng,L., Bei,J.-X., Xu,R., Zeng,M.-S., Hildesheim,A., Ye,W., Adami,H.-O., Lin,X., Zhai,W., Zeng,Y.-X., Liu,J.",2013-11-27
MK540431.1,,human gammaherpesvirus 4,Lymphocryptovirus humangamma4,NPCT074,,"UNVERIFIED_ASMBLY: Human gammaherpesvirus 4 isolate NPCT074, complete genome",171823,complete,China,China,Homo sapiens,"Xu,M., Yao,Y., Chen,H., Zhang,S., Cao,S.-M., Zhang,Z., Luo,B., Liu,Z., Li,Z., Feng,Q.-S., Chen,L.-Z., Guo,X., Jia,W., Chen,M.-Y., Zhao,B., Zhang,X., Xie,S.-H., Peng,R., Chang,E.T., Peterganna,V., Feng,L., Bei,J.-X., Xu,R., Zeng,M.-S., Hildesheim,A., Ye,W., Adami,H.-O., Lin,X., Zhai,W., Zeng,Y.-X., Liu,J.",2014-02-18
MK540432.1,,human gammaherpesvirus 4,Lymphocryptovirus humangamma4,NPCT074S,,"UNVERIFIED_ASMBLY: Human gammaherpesvirus 4 isolate NPCT074S, complete genome",171823,complete,China,China,Homo sapiens,"Xu,M., Yao,Y., Chen,H., Zhang,S., Cao,S.-M., Zhang,Z., Luo,B., Liu,Z., Li,Z., Feng,Q.-S., Chen,L.-Z., Guo,X., Jia,W., Chen,M.-Y., Zhao,B., Zhang,X., Xie,S.-H., Peng,R., Chang,E.T., Peterganna,V., Feng,L., Bei,J.-X., Xu,R., Zeng,M.-S., Hildesheim,A., Ye,W., Adami,H.-O., Lin,X., Zhai,W., Zeng,Y.-X., Liu,J.",2014-02-18
MK540433.1,,human gammaherpesvirus 4,Lymphocryptovirus humangamma4,NPCT075,,"UNVERIFIED_ASMBLY: Human gammaherpesvirus 4 isolate NPCT075, complete genome",171823,complete,China,China,Homo sapiens,"Xu,M., Yao,Y., Chen,H., Zhang,S., Cao,S.-M., Zhang,Z., Luo,B., Liu,Z., Li,Z., Feng,Q.-S., Chen,L.-Z., Guo,X., Jia,W., Chen,M.-Y., Zhao,B., Zhang,X., Xie,S.-H., Peng,R., Chang,E.T., Peterganna,V., Feng,L., Bei,J.-X., Xu,R., Zeng,M.-S., Hildesheim,A., Ye,W., Adami,H.-O., Lin,X., Zhai,W., Zeng,Y.-X., Liu,J.",2013-09-16
MK540434.1,,human gammaherpesvirus 4,Lymphocryptovirus humangamma4,NPCT076,,"UNVERIFIED_ASMBLY: Human gammaherpesvirus 4 isolate NPCT076, complete genome",171823,complete,China,China,Homo sapiens,"Xu,M., Yao,Y., Chen,H., Zhang,S., Cao,S.-M., Zhang,Z., Luo,B., Liu,Z., Li,Z., Feng,Q.-S., Chen,L.-Z., Guo,X., Jia,W., Chen,M.-Y., Zhao,B., Zhang,X., Xie,S.-H., Peng,R., Chang,E.T., Peterganna,V., Feng,L., Bei,J.-X., Xu,R., Zeng,M.-S., Hildesheim,A., Ye,W., Adami,H.-O., Lin,X., Zhai,W., Zeng,Y.-X., Liu,J.",2013-09-23
MK540435.1,,human gammaherpesvirus 4,Lymphocryptovirus humangamma4,NPCT077,,"UNVERIFIED_ASMBLY: Human gammaherpesvirus 4 isolate NPCT077, complete genome",171823,complete,China,China,Homo sapiens,"Xu,M., Yao,Y., Chen,H., Zhang,S., Cao,S.-M., Zhang,Z., Luo,B., Liu,Z., Li,Z., Feng,Q.-S., Chen,L.-Z., Guo,X., Jia,W., Chen,M.-Y., Zhao,B., Zhang,X., Xie,S.-H., Peng,R., Chang,E.T., Peterganna,V., Feng,L., Bei,J.-X., Xu,R., Zeng,M.-S., Hildesheim,A., Ye,W., Adami,H.-O., Lin,X., Zhai,W., Zeng,Y.-X., Liu,J.",2013-09-23
MK540436.1,,human gammaherpesvirus 4,Lymphocryptovirus humangamma4,NPCT078,,"UNVERIFIED_ASMBLY: Human gammaherpesvirus 4 isolate NPCT078, complete genome",171823,complete,China,China,Homo sapiens,"Xu,M., Yao,Y., Chen,H., Zhang,S., Cao,S.-M., Zhang,Z., Luo,B., Liu,Z., Li,Z., Feng,Q.-S., Chen,L.-Z., Guo,X., Jia,W., Chen,M.-Y., Zhao,B., Zhang,X., Xie,S.-H., Peng,R., Chang,E.T., Peterganna,V., Feng,L., Bei,J.-X., Xu,R., Zeng,M.-S., Hildesheim,A., Ye,W., Adami,H.-O., Lin,X., Zhai,W., Zeng,Y.-X., Liu,J.",2013-09-23
MK540437.1,,human gammaherpesvirus 4,Lymphocryptovirus humangamma4,NPCT080,,"UNVERIFIED_ASMBLY: Human gammaherpesvirus 4 isolate NPCT080, complete genome",171823,complete,China,China,Homo sapiens,"Xu,M., Yao,Y., Chen,H., Zhang,S., Cao,S.-M., Zhang,Z., Luo,B., Liu,Z., Li,Z., Feng,Q.-S., Chen,L.-Z., Guo,X., Jia,W., Chen,M.-Y., Zhao,B., Zhang,X., Xie,S.-H., Peng,R., Chang,E.T., Peterganna,V., Feng,L., Bei,J.-X., Xu,R., Zeng,M.-S., Hildesheim,A., Ye,W., Adami,H.-O., Lin,X., Zhai,W., Zeng,Y.-X., Liu,J.",2013-10-16
MK540438.1,,human gammaherpesvirus 4,Lymphocryptovirus humangamma4,NPCT081,,"UNVERIFIED_ASMBLY: Human gammaherpesvirus 4 isolate NPCT081, complete genome",171823,complete,China,China,Homo sapiens,"Xu,M., Yao,Y., Chen,H., Zhang,S., Cao,S.-M., Zhang,Z., Luo,B., Liu,Z., Li,Z., Feng,Q.-S., Chen,L.-Z., Guo,X., Jia,W., Chen,M.-Y., Zhao,B., Zhang,X., Xie,S.-H., Peng,R., Chang,E.T., Peterganna,V., Feng,L., Bei,J.-X., Xu,R., Zeng,M.-S., Hildesheim,A., Ye,W., Adami,H.-O., Lin,X., Zhai,W., Zeng,Y.-X., Liu,J.",2013-10-24
MK540439.1,,human gammaherpesvirus 4,Lymphocryptovirus humangamma4,NPCT082,,"UNVERIFIED_ASMBLY: Human gammaherpesvirus 4 isolate NPCT082, complete genome",171823,complete,China,China,Homo sapiens,"Xu,M., Yao,Y., Chen,H., Zhang,S., Cao,S.-M., Zhang,Z., Luo,B., Liu,Z., Li,Z., Feng,Q.-S., Chen,L.-Z., Guo,X., Jia,W., Chen,M.-Y., Zhao,B., Zhang,X., Xie,S.-H., Peng,R., Chang,E.T., Peterganna,V., Feng,L., Bei,J.-X., Xu,R., Zeng,M.-S., Hildesheim,A., Ye,W., Adami,H.-O., Lin,X., Zhai,W., Zeng,Y.-X., Liu,J.",2013-10-24
MK540440.1,,human gammaherpesvirus 4,Lymphocryptovirus humangamma4,NPCT083,,"UNVERIFIED_ASMBLY: Human gammaherpesvirus 4 isolate NPCT083, complete genome",171823,complete,China,China,Homo sapiens,"Xu,M., Yao,Y., Chen,H., Zhang,S., Cao,S.-M., Zhang,Z., Luo,B., Liu,Z., Li,Z., Feng,Q.-S., Chen,L.-Z., Guo,X., Jia,W., Chen,M.-Y., Zhao,B., Zhang,X., Xie,S.-H., Peng,R., Chang,E.T., Peterganna,V., Feng,L., Bei,J.-X., Xu,R., Zeng,M.-S., Hildesheim,A., Ye,W., Adami,H.-O., Lin,X., Zhai,W., Zeng,Y.-X., Liu,J.",2013-10-24
MK540441.1,,human gammaherpesvirus 4,Lymphocryptovirus humangamma4,NPCT084,,"UNVERIFIED_ASMBLY: Human gammaherpesvirus 4 isolate NPCT084, complete genome",171823,complete,China,China,Homo sapiens,"Xu,M., Yao,Y., Chen,H., Zhang,S., Cao,S.-M., Zhang,Z., Luo,B., Liu,Z., Li,Z., Feng,Q.-S., Chen,L.-Z., Guo,X., Jia,W., Chen,M.-Y., Zhao,B., Zhang,X., Xie,S.-H., Peng,R., Chang,E.T., Peterganna,V., Feng,L., Bei,J.-X., Xu,R., Zeng,M.-S., Hildesheim,A., Ye,W., Adami,H.-O., Lin,X., Zhai,W., Zeng,Y.-X., Liu,J.",2013-10-24
MK540442.1,,human gammaherpesvirus 4,Lymphocryptovirus humangamma4,NPCT085,,"UNVERIFIED_ASMBLY: Human gammaherpesvirus 4 isolate NPCT085, complete genome",171823,complete,China,China,Homo sapiens,"Xu,M., Yao,Y., Chen,H., Zhang,S., Cao,S.-M., Zhang,Z., Luo,B., Liu,Z., Li,Z., Feng,Q.-S., Chen,L.-Z., Guo,X., Jia,W., Chen,M.-Y., Zhao,B., Zhang,X., Xie,S.-H., Peng,R., Chang,E.T., Peterganna,V., Feng,L., Bei,J.-X., Xu,R., Zeng,M.-S., Hildesheim,A., Ye,W., Adami,H.-O., Lin,X., Zhai,W., Zeng,Y.-X., Liu,J.",2013-11-06
MK540443.1,,human gammaherpesvirus 4,Lymphocryptovirus humangamma4,NPCT086,,"UNVERIFIED_ASMBLY: Human gammaherpesvirus 4 isolate NPCT086, complete genome",171823,complete,China,China,Homo sapiens,"Xu,M., Yao,Y., Chen,H., Zhang,S., Cao,S.-M., Zhang,Z., Luo,B., Liu,Z., Li,Z., Feng,Q.-S., Chen,L.-Z., Guo,X., Jia,W., Chen,M.-Y., Zhao,B., Zhang,X., Xie,S.-H., Peng,R., Chang,E.T., Peterganna,V., Feng,L., Bei,J.-X., Xu,R., Zeng,M.-S., Hildesheim,A., Ye,W., Adami,H.-O., Lin,X., Zhai,W., Zeng,Y.-X., Liu,J.",2013-11-06
MK540444.1,,human gammaherpesvirus 4,Lymphocryptovirus humangamma4,NPCT087,,"UNVERIFIED_ASMBLY: Human gammaherpesvirus 4 isolate NPCT087, complete genome",171823,complete,China,China,Homo sapiens,"Xu,M., Yao,Y., Chen,H., Zhang,S., Cao,S.-M., Zhang,Z., Luo,B., Liu,Z., Li,Z., Feng,Q.-S., Chen,L.-Z., Guo,X., Jia,W., Chen,M.-Y., Zhao,B., Zhang,X., Xie,S.-H., Peng,R., Chang,E.T., Peterganna,V., Feng,L., Bei,J.-X., Xu,R., Zeng,M.-S., Hildesheim,A., Ye,W., Adami,H.-O., Lin,X., Zhai,W., Zeng,Y.-X., Liu,J.",2013-11-18
MK540445.1,,human gammaherpesvirus 4,Lymphocryptovirus humangamma4,NPCT088,,"UNVERIFIED_ASMBLY: Human gammaherpesvirus 4 isolate NPCT088, complete genome",171823,complete,China,China,Homo sapiens,"Xu,M., Yao,Y., Chen,H., Zhang,S., Cao,S.-M., Zhang,Z., Luo,B., Liu,Z., Li,Z., Feng,Q.-S., Chen,L.-Z., Guo,X., Jia,W., Chen,M.-Y., Zhao,B., Zhang,X., Xie,S.-H., Peng,R., Chang,E.T., Peterganna,V., Feng,L., Bei,J.-X., Xu,R., Zeng,M.-S., Hildesheim,A., Ye,W., Adami,H.-O., Lin,X., Zhai,W., Zeng,Y.-X., Liu,J.",2013-11-18
MK540446.1,,human gammaherpesvirus 4,Lymphocryptovirus humangamma4,NPCT089,,"UNVERIFIED_ASMBLY: Human gammaherpesvirus 4 isolate NPCT089, complete genome",171823,complete,China,China,Homo sapiens,"Xu,M., Yao,Y., Chen,H., Zhang,S., Cao,S.-M., Zhang,Z., Luo,B., Liu,Z., Li,Z., Feng,Q.-S., Chen,L.-Z., Guo,X., Jia,W., Chen,M.-Y., Zhao,B., Zhang,X., Xie,S.-H., Peng,R., Chang,E.T., Peterganna,V., Feng,L., Bei,J.-X., Xu,R., Zeng,M.-S., Hildesheim,A., Ye,W., Adami,H.-O., Lin,X., Zhai,W., Zeng,Y.-X., Liu,J.",2013-11-25
MK540447.1,,human gammaherpesvirus 4,Lymphocryptovirus humangamma4,NPCT090,,"UNVERIFIED_ASMBLY: Human gammaherpesvirus 4 isolate NPCT090, complete genome",171823,complete,China,China,Homo sapiens,"Xu,M., Yao,Y., Chen,H., Zhang,S., Cao,S.-M., Zhang,Z., Luo,B., Liu,Z., Li,Z., Feng,Q.-S., Chen,L.-Z., Guo,X., Jia,W., Chen,M.-Y., Zhao,B., Zhang,X., Xie,S.-H., Peng,R., Chang,E.T., Peterganna,V., Feng,L., Bei,J.-X., Xu,R., Zeng,M.-S., Hildesheim,A., Ye,W., Adami,H.-O., Lin,X., Zhai,W., Zeng,Y.-X., Liu,J.",2013-11-25
MK540448.1,,human gammaherpesvirus 4,Lymphocryptovirus humangamma4,NPCT091,,"UNVERIFIED_ASMBLY: Human gammaherpesvirus 4 isolate NPCT091, complete genome",171823,complete,China,China,Homo sapiens,"Xu,M., Yao,Y., Chen,H., Zhang,S., Cao,S.-M., Zhang,Z., Luo,B., Liu,Z., Li,Z., Feng,Q.-S., Chen,L.-Z., Guo,X., Jia,W., Chen,M.-Y., Zhao,B., Zhang,X., Xie,S.-H., Peng,R., Chang,E.T., Peterganna,V., Feng,L., Bei,J.-X., Xu,R., Zeng,M.-S., Hildesheim,A., Ye,W., Adami,H.-O., Lin,X., Zhai,W., Zeng,Y.-X., Liu,J.",2013-12-11
MK540449.1,,human gammaherpesvirus 4,Lymphocryptovirus humangamma4,NPCT092,,"UNVERIFIED_ASMBLY: Human gammaherpesvirus 4 isolate NPCT092, complete genome",171823,complete,China,China,Homo sapiens,"Xu,M., Yao,Y., Chen,H., Zhang,S., Cao,S.-M., Zhang,Z., Luo,B., Liu,Z., Li,Z., Feng,Q.-S., Chen,L.-Z., Guo,X., Jia,W., Chen,M.-Y., Zhao,B., Zhang,X., Xie,S.-H., Peng,R., Chang,E.T., Peterganna,V., Feng,L., Bei,J.-X., Xu,R., Zeng,M.-S., Hildesheim,A., Ye,W., Adami,H.-O., Lin,X., Zhai,W., Zeng,Y.-X., Liu,J.",2013-03-13
MK540450.1,,human gammaherpesvirus 4,Lymphocryptovirus humangamma4,NPCT093,,"UNVERIFIED_ASMBLY: Human gammaherpesvirus 4 isolate NPCT093, complete genome",171823,complete,China,China,Homo sapiens,"Xu,M., Yao,Y., Chen,H., Zhang,S., Cao,S.-M., Zhang,Z., Luo,B., Liu,Z., Li,Z., Feng,Q.-S., Chen,L.-Z., Guo,X., Jia,W., Chen,M.-Y., Zhao,B., Zhang,X., Xie,S.-H., Peng,R., Chang,E.T., Peterganna,V., Feng,L., Bei,J.-X., Xu,R., Zeng,M.-S., Hildesheim,A., Ye,W., Adami,H.-O., Lin,X., Zhai,W., Zeng,Y.-X., Liu,J.",2013-03-14
MK540451.1,,human gammaherpesvirus 4,Lymphocryptovirus humangamma4,NPCT094,,"UNVERIFIED_ASMBLY: Human gammaherpesvirus 4 isolate NPCT094, complete genome",171823,complete,China,China,Homo sapiens,"Xu,M., Yao,Y., Chen,H., Zhang,S., Cao,S.-M., Zhang,Z., Luo,B., Liu,Z., Li,Z., Feng,Q.-S., Chen,L.-Z., Guo,X., Jia,W., Chen,M.-Y., Zhao,B., Zhang,X., Xie,S.-H., Peng,R., Chang,E.T., Peterganna,V., Feng,L., Bei,J.-X., Xu,R., Zeng,M.-S., Hildesheim,A., Ye,W., Adami,H.-O., Lin,X., Zhai,W., Zeng,Y.-X., Liu,J.",2013-03-14
MK540452.1,,human gammaherpesvirus 4,Lymphocryptovirus humangamma4,NPCT096,,"UNVERIFIED_ASMBLY: Human gammaherpesvirus 4 isolate NPCT096, complete genome",171823,complete,China,China,Homo sapiens,"Xu,M., Yao,Y., Chen,H., Zhang,S., Cao,S.-M., Zhang,Z., Luo,B., Liu,Z., Li,Z., Feng,Q.-S., Chen,L.-Z., Guo,X., Jia,W., Chen,M.-Y., Zhao,B., Zhang,X., Xie,S.-H., Peng,R., Chang,E.T., Peterganna,V., Feng,L., Bei,J.-X., Xu,R., Zeng,M.-S., Hildesheim,A., Ye,W., Adami,H.-O., Lin,X., Zhai,W., Zeng,Y.-X., Liu,J.",2013-03-15
MK540453.1,,human gammaherpesvirus 4,Lymphocryptovirus humangamma4,NPCT098,,"UNVERIFIED_ASMBLY: Human gammaherpesvirus 4 isolate NPCT098, complete genome",171823,complete,China,China,Homo sapiens,"Xu,M., Yao,Y., Chen,H., Zhang,S., Cao,S.-M., Zhang,Z., Luo,B., Liu,Z., Li,Z., Feng,Q.-S., Chen,L.-Z., Guo,X., Jia,W., Chen,M.-Y., Zhao,B., Zhang,X., Xie,S.-H., Peng,R., Chang,E.T., Peterganna,V., Feng,L., Bei,J.-X., Xu,R., Zeng,M.-S., Hildesheim,A., Ye,W., Adami,H.-O., Lin,X., Zhai,W., Zeng,Y.-X., Liu,J.",2013-03-20
MK540454.1,,human gammaherpesvirus 4,Lymphocryptovirus humangamma4,NPCT099,,"UNVERIFIED_ASMBLY: Human gammaherpesvirus 4 isolate NPCT099, complete genome",171823,complete,China,China,Homo sapiens,"Xu,M., Yao,Y., Chen,H., Zhang,S., Cao,S.-M., Zhang,Z., Luo,B., Liu,Z., Li,Z., Feng,Q.-S., Chen,L.-Z., Guo,X., Jia,W., Chen,M.-Y., Zhao,B., Zhang,X., Xie,S.-H., Peng,R., Chang,E.T., Peterganna,V., Feng,L., Bei,J.-X., Xu,R., Zeng,M.-S., Hildesheim,A., Ye,W., Adami,H.-O., Lin,X., Zhai,W., Zeng,Y.-X., Liu,J.",2013-03-23
MK540455.1,,human gammaherpesvirus 4,Lymphocryptovirus humangamma4,NPCT100,,"UNVERIFIED_ASMBLY: Human gammaherpesvirus 4 isolate NPCT100, complete genome",171823,complete,China,China,Homo sapiens,"Xu,M., Yao,Y., Chen,H., Zhang,S., Cao,S.-M., Zhang,Z., Luo,B., Liu,Z., Li,Z., Feng,Q.-S., Chen,L.-Z., Guo,X., Jia,W., Chen,M.-Y., Zhao,B., Zhang,X., Xie,S.-H., Peng,R., Chang,E.T., Peterganna,V., Feng,L., Bei,J.-X., Xu,R., Zeng,M.-S., Hildesheim,A., Ye,W., Adami,H.-O., Lin,X., Zhai,W., Zeng,Y.-X., Liu,J.",2013-03-23
MK540456.1,,human gammaherpesvirus 4,Lymphocryptovirus humangamma4,NPCT101,,"UNVERIFIED_ASMBLY: Human gammaherpesvirus 4 isolate NPCT101, complete genome",171823,complete,China,China,Homo sapiens,"Xu,M., Yao,Y., Chen,H., Zhang,S., Cao,S.-M., Zhang,Z., Luo,B., Liu,Z., Li,Z., Feng,Q.-S., Chen,L.-Z., Guo,X., Jia,W., Chen,M.-Y., Zhao,B., Zhang,X., Xie,S.-H., Peng,R., Chang,E.T., Peterganna,V., Feng,L., Bei,J.-X., Xu,R., Zeng,M.-S., Hildesheim,A., Ye,W., Adami,H.-O., Lin,X., Zhai,W., Zeng,Y.-X., Liu,J.",2013-03-25
MK540457.1,,human gammaherpesvirus 4,Lymphocryptovirus humangamma4,NPCT102,,"UNVERIFIED_ASMBLY: Human gammaherpesvirus 4 isolate NPCT102, complete genome",171823,complete,China,China,Homo sapiens,"Xu,M., Yao,Y., Chen,H., Zhang,S., Cao,S.-M., Zhang,Z., Luo,B., Liu,Z., Li,Z., Feng,Q.-S., Chen,L.-Z., Guo,X., Jia,W., Chen,M.-Y., Zhao,B., Zhang,X., Xie,S.-H., Peng,R., Chang,E.T., Peterganna,V., Feng,L., Bei,J.-X., Xu,R., Zeng,M.-S., Hildesheim,A., Ye,W., Adami,H.-O., Lin,X., Zhai,W., Zeng,Y.-X., Liu,J.",2013-03-25
MK540458.1,,human gammaherpesvirus 4,Lymphocryptovirus humangamma4,NPCT103,,"UNVERIFIED_ASMBLY: Human gammaherpesvirus 4 isolate NPCT103, complete genome",171823,complete,China,China,Homo sapiens,"Xu,M., Yao,Y., Chen,H., Zhang,S., Cao,S.-M., Zhang,Z., Luo,B., Liu,Z., Li,Z., Feng,Q.-S., Chen,L.-Z., Guo,X., Jia,W., Chen,M.-Y., Zhao,B., Zhang,X., Xie,S.-H., Peng,R., Chang,E.T., Peterganna,V., Feng,L., Bei,J.-X., Xu,R., Zeng,M.-S., Hildesheim,A., Ye,W., Adami,H.-O., Lin,X., Zhai,W., Zeng,Y.-X., Liu,J.",2013-03-27
MK540459.1,,human gammaherpesvirus 4,Lymphocryptovirus humangamma4,NPCT104,,"UNVERIFIED_ASMBLY: Human gammaherpesvirus 4 isolate NPCT104, complete genome",171823,complete,China,China,Homo sapiens,"Xu,M., Yao,Y., Chen,H., Zhang,S., Cao,S.-M., Zhang,Z., Luo,B., Liu,Z., Li,Z., Feng,Q.-S., Chen,L.-Z., Guo,X., Jia,W., Chen,M.-Y., Zhao,B., Zhang,X., Xie,S.-H., Peng,R., Chang,E.T., Peterganna,V., Feng,L., Bei,J.-X., Xu,R., Zeng,M.-S., Hildesheim,A., Ye,W., Adami,H.-O., Lin,X., Zhai,W., Zeng,Y.-X., Liu,J.",2013-03-27
MK540460.1,,human gammaherpesvirus 4,Lymphocryptovirus humangamma4,NPCT105,,"UNVERIFIED_ASMBLY: Human gammaherpesvirus 4 isolate NPCT105, complete genome",171823,complete,China,China,Homo sapiens,"Xu,M., Yao,Y., Chen,H., Zhang,S., Cao,S.-M., Zhang,Z., Luo,B., Liu,Z., Li,Z., Feng,Q.-S., Chen,L.-Z., Guo,X., Jia,W., Chen,M.-Y., Zhao,B., Zhang,X., Xie,S.-H., Peng,R., Chang,E.T., Peterganna,V., Feng,L., Bei,J.-X., Xu,R., Zeng,M.-S., Hildesheim,A., Ye,W., Adami,H.-O., Lin,X., Zhai,W., Zeng,Y.-X., Liu,J.",2013-03-27
MK540461.1,,human gammaherpesvirus 4,Lymphocryptovirus humangamma4,NPCT106,,"UNVERIFIED_ASMBLY: Human gammaherpesvirus 4 isolate NPCT106, complete genome",171823,complete,China,China,Homo sapiens,"Xu,M., Yao,Y., Chen,H., Zhang,S., Cao,S.-M., Zhang,Z., Luo,B., Liu,Z., Li,Z., Feng,Q.-S., Chen,L.-Z., Guo,X., Jia,W., Chen,M.-Y., Zhao,B., Zhang,X., Xie,S.-H., Peng,R., Chang,E.T., Peterganna,V., Feng,L., Bei,J.-X., Xu,R., Zeng,M.-S., Hildesheim,A., Ye,W., Adami,H.-O., Lin,X., Zhai,W., Zeng,Y.-X., Liu,J.",2013-03-01
MK540462.1,,human gammaherpesvirus 4,Lymphocryptovirus humangamma4,NPCT107,,"UNVERIFIED_ASMBLY: Human gammaherpesvirus 4 isolate NPCT107, complete genome",171823,complete,China,China,Homo sapiens,"Xu,M., Yao,Y., Chen,H., Zhang,S., Cao,S.-M., Zhang,Z., Luo,B., Liu,Z., Li,Z., Feng,Q.-S., Chen,L.-Z., Guo,X., Jia,W., Chen,M.-Y., Zhao,B., Zhang,X., Xie,S.-H., Peng,R., Chang,E.T., Peterganna,V., Feng,L., Bei,J.-X., Xu,R., Zeng,M.-S., Hildesheim,A., Ye,W., Adami,H.-O., Lin,X., Zhai,W., Zeng,Y.-X., Liu,J.",2013-03-26
MK540463.1,,human gammaherpesvirus 4,Lymphocryptovirus humangamma4,NPCT108,,"UNVERIFIED_ASMBLY: Human gammaherpesvirus 4 isolate NPCT108, complete genome",171823,complete,China,China,Homo sapiens,"Xu,M., Yao,Y., Chen,H., Zhang,S., Cao,S.-M., Zhang,Z., Luo,B., Liu,Z., Li,Z., Feng,Q.-S., Chen,L.-Z., Guo,X., Jia,W., Chen,M.-Y., Zhao,B., Zhang,X., Xie,S.-H., Peng,R., Chang,E.T., Peterganna,V., Feng,L., Bei,J.-X., Xu,R., Zeng,M.-S., Hildesheim,A., Ye,W., Adami,H.-O., Lin,X., Zhai,W., Zeng,Y.-X., Liu,J.",2013-03-29
MK540464.1,,human gammaherpesvirus 4,Lymphocryptovirus humangamma4,NPCT109,,"UNVERIFIED_ASMBLY: Human gammaherpesvirus 4 isolate NPCT109, complete genome",171823,complete,China,China,Homo sapiens,"Xu,M., Yao,Y., Chen,H., Zhang,S., Cao,S.-M., Zhang,Z., Luo,B., Liu,Z., Li,Z., Feng,Q.-S., Chen,L.-Z., Guo,X., Jia,W., Chen,M.-Y., Zhao,B., Zhang,X., Xie,S.-H., Peng,R., Chang,E.T., Peterganna,V., Feng,L., Bei,J.-X., Xu,R., Zeng,M.-S., Hildesheim,A., Ye,W., Adami,H.-O., Lin,X., Zhai,W., Zeng,Y.-X., Liu,J.",2013-04-02
MK540465.1,,human gammaherpesvirus 4,Lymphocryptovirus humangamma4,NPCT110,,"UNVERIFIED_ASMBLY: Human gammaherpesvirus 4 isolate NPCT110, complete genome",171823,complete,China,China,Homo sapiens,"Xu,M., Yao,Y., Chen,H., Zhang,S., Cao,S.-M., Zhang,Z., Luo,B., Liu,Z., Li,Z., Feng,Q.-S., Chen,L.-Z., Guo,X., Jia,W., Chen,M.-Y., Zhao,B., Zhang,X., Xie,S.-H., Peng,R., Chang,E.T., Peterganna,V., Feng,L., Bei,J.-X., Xu,R., Zeng,M.-S., Hildesheim,A., Ye,W., Adami,H.-O., Lin,X., Zhai,W., Zeng,Y.-X., Liu,J.",2013-04-02
MK540466.1,,human gammaherpesvirus 4,Lymphocryptovirus humangamma4,NPCT111,,"UNVERIFIED_ASMBLY: Human gammaherpesvirus 4 isolate NPCT111, complete genome",171823,complete,China,China,Homo sapiens,"Xu,M., Yao,Y., Chen,H., Zhang,S., Cao,S.-M., Zhang,Z., Luo,B., Liu,Z., Li,Z., Feng,Q.-S., Chen,L.-Z., Guo,X., Jia,W., Chen,M.-Y., Zhao,B., Zhang,X., Xie,S.-H., Peng,R., Chang,E.T., Peterganna,V., Feng,L., Bei,J.-X., Xu,R., Zeng,M.-S., Hildesheim,A., Ye,W., Adami,H.-O., Lin,X., Zhai,W., Zeng,Y.-X., Liu,J.",2013-04-02
MK540467.1,,human gammaherpesvirus 4,Lymphocryptovirus humangamma4,NPCT112,,"UNVERIFIED_ASMBLY: Human gammaherpesvirus 4 isolate NPCT112, complete genome",171823,complete,China,China,Homo sapiens,"Xu,M., Yao,Y., Chen,H., Zhang,S., Cao,S.-M., Zhang,Z., Luo,B., Liu,Z., Li,Z., Feng,Q.-S., Chen,L.-Z., Guo,X., Jia,W., Chen,M.-Y., Zhao,B., Zhang,X., Xie,S.-H., Peng,R., Chang,E.T., Peterganna,V., Feng,L., Bei,J.-X., Xu,R., Zeng,M.-S., Hildesheim,A., Ye,W., Adami,H.-O., Lin,X., Zhai,W., Zeng,Y.-X., Liu,J.",2013-04-03
MK540468.1,,human gammaherpesvirus 4,Lymphocryptovirus humangamma4,NPCT113,,"UNVERIFIED_ASMBLY: Human gammaherpesvirus 4 isolate NPCT113, complete genome",171823,complete,China,China,Homo sapiens,"Xu,M., Yao,Y., Chen,H., Zhang,S., Cao,S.-M., Zhang,Z., Luo,B., Liu,Z., Li,Z., Feng,Q.-S., Chen,L.-Z., Guo,X., Jia,W., Chen,M.-Y., Zhao,B., Zhang,X., Xie,S.-H., Peng,R., Chang,E.T., Peterganna,V., Feng,L., Bei,J.-X., Xu,R., Zeng,M.-S., Hildesheim,A., Ye,W., Adami,H.-O., Lin,X., Zhai,W., Zeng,Y.-X., Liu,J.",2013-04-03
MK540469.1,,human gammaherpesvirus 4,Lymphocryptovirus humangamma4,NPCT114,,"UNVERIFIED_ASMBLY: Human gammaherpesvirus 4 isolate NPCT114, complete genome",171823,complete,China,China,Homo sapiens,"Xu,M., Yao,Y., Chen,H., Zhang,S., Cao,S.-M., Zhang,Z., Luo,B., Liu,Z., Li,Z., Feng,Q.-S., Chen,L.-Z., Guo,X., Jia,W., Chen,M.-Y., Zhao,B., Zhang,X., Xie,S.-H., Peng,R., Chang,E.T., Peterganna,V., Feng,L., Bei,J.-X., Xu,R., Zeng,M.-S., Hildesheim,A., Ye,W., Adami,H.-O., Lin,X., Zhai,W., Zeng,Y.-X., Liu,J.",2013-04-07
MK540470.1,,human gammaherpesvirus 4,Lymphocryptovirus humangamma4,NPCT115,,"UNVERIFIED_ASMBLY: Human gammaherpesvirus 4 isolate NPCT115, complete genome",171823,complete,China,China,Homo sapiens,"Xu,M., Yao,Y., Chen,H., Zhang,S., Cao,S.-M., Zhang,Z., Luo,B., Liu,Z., Li,Z., Feng,Q.-S., Chen,L.-Z., Guo,X., Jia,W., Chen,M.-Y., Zhao,B., Zhang,X., Xie,S.-H., Peng,R., Chang,E.T., Peterganna,V., Feng,L., Bei,J.-X., Xu,R., Zeng,M.-S., Hildesheim,A., Ye,W., Adami,H.-O., Lin,X., Zhai,W., Zeng,Y.-X., Liu,J.",2013-04-09
AP019012.1,SAMD00141483,Human gammaherpesvirus 4,Lymphocryptovirus humangamma4,,,"Human gammaherpesvirus 4 KAI3_cell DNA, nearly complete genome",170204,complete,Japan,Japan,Homo sapiens,"Okuno,Y., Murata,T., Sato,Y., Muramatsu,H., Ito,Y., Watanabe,T., Okuno,T., Murakami,N., Yoshida,K., Sawada,A., Inoue,M., Kawa,K., Seto,M., Ohshima,K., Shiraishi,Y., Chiba,K., Tanaka,H., Miyano,S., Narita,Y., Yoshida,M., Goshima,F., Kawada,J.I., Nishida,T., Kiyoi,H., Kato,S., Nakamura,S., Morishima,S., Yoshikawa,T., Fujiwara,S., Shimizu,N., Isobe,Y., Noguchi,M., Kikuta,A., Iwatsuki,K., Takahashi,Y., Kojima,S., Ogawa,S., Kimura,H.",2013
AP019013.1,SAMD00141484,Human gammaherpesvirus 4,Lymphocryptovirus humangamma4,,,"Human gammaherpesvirus 4 SNK1_cell DNA, complete genome",171351,complete,Japan,Japan,Homo sapiens,"Okuno,Y., Murata,T., Sato,Y., Muramatsu,H., Ito,Y., Watanabe,T., Okuno,T., Murakami,N., Yoshida,K., Sawada,A., Inoue,M., Kawa,K., Seto,M., Ohshima,K., Shiraishi,Y., Chiba,K., Tanaka,H., Miyano,S., Narita,Y., Yoshida,M., Goshima,F., Kawada,J.I., Nishida,T., Kiyoi,H., Kato,S., Nakamura,S., Morishima,S., Yoshikawa,T., Fujiwara,S., Shimizu,N., Isobe,Y., Noguchi,M., Kikuta,A., Iwatsuki,K., Takahashi,Y., Kojima,S., Ogawa,S., Kimura,H.",2013
AP019014.1,SAMD00141485,Human gammaherpesvirus 4,Lymphocryptovirus humangamma4,,,"Human gammaherpesvirus 4 SNK10_cell DNA, nearly complete genome",170605,complete,Japan,Japan,Homo sapiens,"Okuno,Y., Murata,T., Sato,Y., Muramatsu,H., Ito,Y., Watanabe,T., Okuno,T., Murakami,N., Yoshida,K., Sawada,A., Inoue,M., Kawa,K., Seto,M., Ohshima,K., Shiraishi,Y., Chiba,K., Tanaka,H., Miyano,S., Narita,Y., Yoshida,M., Goshima,F., Kawada,J.I., Nishida,T., Kiyoi,H., Kato,S., Nakamura,S., Morishima,S., Yoshikawa,T., Fujiwara,S., Shimizu,N., Isobe,Y., Noguchi,M., Kikuta,A., Iwatsuki,K., Takahashi,Y., Kojima,S., Ogawa,S., Kimura,H.",2013
AP019015.1,SAMD00141486,Human gammaherpesvirus 4,Lymphocryptovirus humangamma4,,,"Human gammaherpesvirus 4 SNT13_cell DNA, nearly complete genome",171384,complete,Japan,Japan,Homo sapiens,"Okuno,Y., Murata,T., Sato,Y., Muramatsu,H., Ito,Y., Watanabe,T., Okuno,T., Murakami,N., Yoshida,K., Sawada,A., Inoue,M., Kawa,K., Seto,M., Ohshima,K., Shiraishi,Y., Chiba,K., Tanaka,H., Miyano,S., Narita,Y., Yoshida,M., Goshima,F., Kawada,J.I., Nishida,T., Kiyoi,H., Kato,S., Nakamura,S., Morishima,S., Yoshikawa,T., Fujiwara,S., Shimizu,N., Isobe,Y., Noguchi,M., Kikuta,A., Iwatsuki,K., Takahashi,Y., Kojima,S., Ogawa,S., Kimura,H.",2013
AP019016.1,SAMD00141487,Human gammaherpesvirus 4,Lymphocryptovirus humangamma4,,,"Human gammaherpesvirus 4 SNT15_cell DNA, nearly complete genome",168528,complete,Japan,Japan,Homo sapiens,"Okuno,Y., Murata,T., Sato,Y., Muramatsu,H., Ito,Y., Watanabe,T., Okuno,T., Murakami,N., Yoshida,K., Sawada,A., Inoue,M., Kawa,K., Seto,M., Ohshima,K., Shiraishi,Y., Chiba,K., Tanaka,H., Miyano,S., Narita,Y., Yoshida,M., Goshima,F., Kawada,J.I., Nishida,T., Kiyoi,H., Kato,S., Nakamura,S., Morishima,S., Yoshikawa,T., Fujiwara,S., Shimizu,N., Isobe,Y., Noguchi,M., Kikuta,A., Iwatsuki,K., Takahashi,Y., Kojima,S., Ogawa,S., Kimura,H.",2013
AP019017.1,SAMD00141488,Human gammaherpesvirus 4,Lymphocryptovirus humangamma4,,,"Human gammaherpesvirus 4 SNT16_cell DNA, nearly complete genome",169046,complete,Japan,Japan,Homo sapiens,"Okuno,Y., Murata,T., Sato,Y., Muramatsu,H., Ito,Y., Watanabe,T., Okuno,T., Murakami,N., Yoshida,K., Sawada,A., Inoue,M., Kawa,K., Seto,M., Ohshima,K., Shiraishi,Y., Chiba,K., Tanaka,H., Miyano,S., Narita,Y., Yoshida,M., Goshima,F., Kawada,J.I., Nishida,T., Kiyoi,H., Kato,S., Nakamura,S., Morishima,S., Yoshikawa,T., Fujiwara,S., Shimizu,N., Isobe,Y., Noguchi,M., Kikuta,A., Iwatsuki,K., Takahashi,Y., Kojima,S., Ogawa,S., Kimura,H.",2013
AP019018.1,SAMD00141489,Human gammaherpesvirus 4,Lymphocryptovirus humangamma4,,,"Human gammaherpesvirus 4 SNT8_cell DNA, nearly complete genome",164147,complete,Japan,Japan,Homo sapiens,"Okuno,Y., Murata,T., Sato,Y., Muramatsu,H., Ito,Y., Watanabe,T., Okuno,T., Murakami,N., Yoshida,K., Sawada,A., Inoue,M., Kawa,K., Seto,M., Ohshima,K., Shiraishi,Y., Chiba,K., Tanaka,H., Miyano,S., Narita,Y., Yoshida,M., Goshima,F., Kawada,J.I., Nishida,T., Kiyoi,H., Kato,S., Nakamura,S., Morishima,S., Yoshikawa,T., Fujiwara,S., Shimizu,N., Isobe,Y., Noguchi,M., Kikuta,A., Iwatsuki,K., Takahashi,Y., Kojima,S., Ogawa,S., Kimura,H.",2013
AP019019.1,SAMD00141490,Human gammaherpesvirus 4,Lymphocryptovirus humangamma4,,,"Human gammaherpesvirus 4 UPN1002_PBMC DNA, nearly complete genome",166388,complete,Japan,Japan,Homo sapiens,"Okuno,Y., Murata,T., Sato,Y., Muramatsu,H., Ito,Y., Watanabe,T., Okuno,T., Murakami,N., Yoshida,K., Sawada,A., Inoue,M., Kawa,K., Seto,M., Ohshima,K., Shiraishi,Y., Chiba,K., Tanaka,H., Miyano,S., Narita,Y., Yoshida,M., Goshima,F., Kawada,J.I., Nishida,T., Kiyoi,H., Kato,S., Nakamura,S., Morishima,S., Yoshikawa,T., Fujiwara,S., Shimizu,N., Isobe,Y., Noguchi,M., Kikuta,A., Iwatsuki,K., Takahashi,Y., Kojima,S., Ogawa,S., Kimura,H.",2013
AP019020.1,SAMD00141491,Human gammaherpesvirus 4,Lymphocryptovirus humangamma4,,,"Human gammaherpesvirus 4 UPN1003_PBMC DNA, nearly complete genome",168238,complete,Japan,Japan,Homo sapiens,"Okuno,Y., Murata,T., Sato,Y., Muramatsu,H., Ito,Y., Watanabe,T., Okuno,T., Murakami,N., Yoshida,K., Sawada,A., Inoue,M., Kawa,K., Seto,M., Ohshima,K., Shiraishi,Y., Chiba,K., Tanaka,H., Miyano,S., Narita,Y., Yoshida,M., Goshima,F., Kawada,J.I., Nishida,T., Kiyoi,H., Kato,S., Nakamura,S., Morishima,S., Yoshikawa,T., Fujiwara,S., Shimizu,N., Isobe,Y., Noguchi,M., Kikuta,A., Iwatsuki,K., Takahashi,Y., Kojima,S., Ogawa,S., Kimura,H.",2013
AP019021.1,SAMD00141492,Human gammaherpesvirus 4,Lymphocryptovirus humangamma4,,,"Human gammaherpesvirus 4 UPN1004_PBMC DNA, nearly complete genome",166631,complete,Japan,Japan,Homo sapiens,"Okuno,Y., Murata,T., Sato,Y., Muramatsu,H., Ito,Y., Watanabe,T., Okuno,T., Murakami,N., Yoshida,K., Sawada,A., Inoue,M., Kawa,K., Seto,M., Ohshima,K., Shiraishi,Y., Chiba,K., Tanaka,H., Miyano,S., Narita,Y., Yoshida,M., Goshima,F., Kawada,J.I., Nishida,T., Kiyoi,H., Kato,S., Nakamura,S., Morishima,S., Yoshikawa,T., Fujiwara,S., Shimizu,N., Isobe,Y., Noguchi,M., Kikuta,A., Iwatsuki,K., Takahashi,Y., Kojima,S., Ogawa,S., Kimura,H.",2013
AP019022.1,SAMD00141493,Human gammaherpesvirus 4,Lymphocryptovirus humangamma4,,,"Human gammaherpesvirus 4 UPN1005_PBMC DNA, nearly complete genome",132500,complete,Japan,Japan,Homo sapiens,"Okuno,Y., Murata,T., Sato,Y., Muramatsu,H., Ito,Y., Watanabe,T., Okuno,T., Murakami,N., Yoshida,K., Sawada,A., Inoue,M., Kawa,K., Seto,M., Ohshima,K., Shiraishi,Y., Chiba,K., Tanaka,H., Miyano,S., Narita,Y., Yoshida,M., Goshima,F., Kawada,J.I., Nishida,T., Kiyoi,H., Kato,S., Nakamura,S., Morishima,S., Yoshikawa,T., Fujiwara,S., Shimizu,N., Isobe,Y., Noguchi,M., Kikuta,A., Iwatsuki,K., Takahashi,Y., Kojima,S., Ogawa,S., Kimura,H.",2013
AP019023.1,SAMD00141494,Human gammaherpesvirus 4,Lymphocryptovirus humangamma4,,,"Human gammaherpesvirus 4 UPN1006_PBMC DNA, nearly complete genome",149651,complete,Japan,Japan,Homo sapiens,"Okuno,Y., Murata,T., Sato,Y., Muramatsu,H., Ito,Y., Watanabe,T., Okuno,T., Murakami,N., Yoshida,K., Sawada,A., Inoue,M., Kawa,K., Seto,M., Ohshima,K., Shiraishi,Y., Chiba,K., Tanaka,H., Miyano,S., Narita,Y., Yoshida,M., Goshima,F., Kawada,J.I., Nishida,T., Kiyoi,H., Kato,S., Nakamura,S., Morishima,S., Yoshikawa,T., Fujiwara,S., Shimizu,N., Isobe,Y., Noguchi,M., Kikuta,A., Iwatsuki,K., Takahashi,Y., Kojima,S., Ogawa,S., Kimura,H.",2013
AP019024.1,SAMD00141495,Human gammaherpesvirus 4,Lymphocryptovirus humangamma4,,,"Human gammaherpesvirus 4 UPN1008_PBMC DNA, nearly complete genome",157602,complete,Japan,Japan,Homo sapiens,"Okuno,Y., Murata,T., Sato,Y., Muramatsu,H., Ito,Y., Watanabe,T., Okuno,T., Murakami,N., Yoshida,K., Sawada,A., Inoue,M., Kawa,K., Seto,M., Ohshima,K., Shiraishi,Y., Chiba,K., Tanaka,H., Miyano,S., Narita,Y., Yoshida,M., Goshima,F., Kawada,J.I., Nishida,T., Kiyoi,H., Kato,S., Nakamura,S., Morishima,S., Yoshikawa,T., Fujiwara,S., Shimizu,N., Isobe,Y., Noguchi,M., Kikuta,A., Iwatsuki,K., Takahashi,Y., Kojima,S., Ogawa,S., Kimura,H.",2013
AP019025.1,SAMD00141496,Human gammaherpesvirus 4,Lymphocryptovirus humangamma4,,,"Human gammaherpesvirus 4 UPN102_PBMC DNA, nearly complete genome",168617,complete,Japan,Japan,Homo sapiens,"Okuno,Y., Murata,T., Sato,Y., Muramatsu,H., Ito,Y., Watanabe,T., Okuno,T., Murakami,N., Yoshida,K., Sawada,A., Inoue,M., Kawa,K., Seto,M., Ohshima,K., Shiraishi,Y., Chiba,K., Tanaka,H., Miyano,S., Narita,Y., Yoshida,M., Goshima,F., Kawada,J.I., Nishida,T., Kiyoi,H., Kato,S., Nakamura,S., Morishima,S., Yoshikawa,T., Fujiwara,S., Shimizu,N., Isobe,Y., Noguchi,M., Kikuta,A., Iwatsuki,K., Takahashi,Y., Kojima,S., Ogawa,S., Kimura,H.",2013
AP019026.1,SAMD00141497,Human gammaherpesvirus 4,Lymphocryptovirus humangamma4,,,"Human gammaherpesvirus 4 UPN104_PBMC DNA, nearly complete genome",167845,complete,Japan,Japan,Homo sapiens,"Okuno,Y., Murata,T., Sato,Y., Muramatsu,H., Ito,Y., Watanabe,T., Okuno,T., Murakami,N., Yoshida,K., Sawada,A., Inoue,M., Kawa,K., Seto,M., Ohshima,K., Shiraishi,Y., Chiba,K., Tanaka,H., Miyano,S., Narita,Y., Yoshida,M., Goshima,F., Kawada,J.I., Nishida,T., Kiyoi,H., Kato,S., Nakamura,S., Morishima,S., Yoshikawa,T., Fujiwara,S., Shimizu,N., Isobe,Y., Noguchi,M., Kikuta,A., Iwatsuki,K., Takahashi,Y., Kojima,S., Ogawa,S., Kimura,H.",2013
AP019027.1,SAMD00141498,Human gammaherpesvirus 4,Lymphocryptovirus humangamma4,,,"Human gammaherpesvirus 4 UPN105_PBMC DNA, nearly complete genome",170220,complete,Japan,Japan,Homo sapiens,"Okuno,Y., Murata,T., Sato,Y., Muramatsu,H., Ito,Y., Watanabe,T., Okuno,T., Murakami,N., Yoshida,K., Sawada,A., Inoue,M., Kawa,K., Seto,M., Ohshima,K., Shiraishi,Y., Chiba,K., Tanaka,H., Miyano,S., Narita,Y., Yoshida,M., Goshima,F., Kawada,J.I., Nishida,T., Kiyoi,H., Kato,S., Nakamura,S., Morishima,S., Yoshikawa,T., Fujiwara,S., Shimizu,N., Isobe,Y., Noguchi,M., Kikuta,A., Iwatsuki,K., Takahashi,Y., Kojima,S., Ogawa,S., Kimura,H.",2013
AP019028.1,SAMD00141499,Human gammaherpesvirus 4,Lymphocryptovirus humangamma4,,,"Human gammaherpesvirus 4 UPN105_tumor DNA, complete genome",171362,complete,Japan,Japan,Homo sapiens,"Okuno,Y., Murata,T., Sato,Y., Muramatsu,H., Ito,Y., Watanabe,T., Okuno,T., Murakami,N., Yoshida,K., Sawada,A., Inoue,M., Kawa,K., Seto,M., Ohshima,K., Shiraishi,Y., Chiba,K., Tanaka,H., Miyano,S., Narita,Y., Yoshida,M., Goshima,F., Kawada,J.I., Nishida,T., Kiyoi,H., Kato,S., Nakamura,S., Morishima,S., Yoshikawa,T., Fujiwara,S., Shimizu,N., Isobe,Y., Noguchi,M., Kikuta,A., Iwatsuki,K., Takahashi,Y., Kojima,S., Ogawa,S., Kimura,H.",2013
AP019029.1,SAMD00141500,Human gammaherpesvirus 4,Lymphocryptovirus humangamma4,,,"Human gammaherpesvirus 4 UPN106_PBMC DNA, nearly complete genome",169308,complete,Japan,Japan,Homo sapiens,"Okuno,Y., Murata,T., Sato,Y., Muramatsu,H., Ito,Y., Watanabe,T., Okuno,T., Murakami,N., Yoshida,K., Sawada,A., Inoue,M., Kawa,K., Seto,M., Ohshima,K., Shiraishi,Y., Chiba,K., Tanaka,H., Miyano,S., Narita,Y., Yoshida,M., Goshima,F., Kawada,J.I., Nishida,T., Kiyoi,H., Kato,S., Nakamura,S., Morishima,S., Yoshikawa,T., Fujiwara,S., Shimizu,N., Isobe,Y., Noguchi,M., Kikuta,A., Iwatsuki,K., Takahashi,Y., Kojima,S., Ogawa,S., Kimura,H.",2013
AP019030.1,SAMD00141501,Human gammaherpesvirus 4,Lymphocryptovirus humangamma4,,,"Human gammaherpesvirus 4 UPN107_PBMC DNA, nearly complete genome",171375,complete,Japan,Japan,Homo sapiens,"Okuno,Y., Murata,T., Sato,Y., Muramatsu,H., Ito,Y., Watanabe,T., Okuno,T., Murakami,N., Yoshida,K., Sawada,A., Inoue,M., Kawa,K., Seto,M., Ohshima,K., Shiraishi,Y., Chiba,K., Tanaka,H., Miyano,S., Narita,Y., Yoshida,M., Goshima,F., Kawada,J.I., Nishida,T., Kiyoi,H., Kato,S., Nakamura,S., Morishima,S., Yoshikawa,T., Fujiwara,S., Shimizu,N., Isobe,Y., Noguchi,M., Kikuta,A., Iwatsuki,K., Takahashi,Y., Kojima,S., Ogawa,S., Kimura,H.",2013
AP019031.1,SAMD00141502,Human gammaherpesvirus 4,Lymphocryptovirus humangamma4,,,"Human gammaherpesvirus 4 UPN108_PBMC DNA, nearly complete genome",126416,complete,Japan,Japan,Homo sapiens,"Okuno,Y., Murata,T., Sato,Y., Muramatsu,H., Ito,Y., Watanabe,T., Okuno,T., Murakami,N., Yoshida,K., Sawada,A., Inoue,M., Kawa,K., Seto,M., Ohshima,K., Shiraishi,Y., Chiba,K., Tanaka,H., Miyano,S., Narita,Y., Yoshida,M., Goshima,F., Kawada,J.I., Nishida,T., Kiyoi,H., Kato,S., Nakamura,S., Morishima,S., Yoshikawa,T., Fujiwara,S., Shimizu,N., Isobe,Y., Noguchi,M., Kikuta,A., Iwatsuki,K., Takahashi,Y., Kojima,S., Ogawa,S., Kimura,H.",2013
AP019032.1,SAMD00141503,Human gammaherpesvirus 4,Lymphocryptovirus humangamma4,,,"Human gammaherpesvirus 4 UPN108_tumor DNA, nearly complete genome",168543,complete,Japan,Japan,Homo sapiens,"Okuno,Y., Murata,T., Sato,Y., Muramatsu,H., Ito,Y., Watanabe,T., Okuno,T., Murakami,N., Yoshida,K., Sawada,A., Inoue,M., Kawa,K., Seto,M., Ohshima,K., Shiraishi,Y., Chiba,K., Tanaka,H., Miyano,S., Narita,Y., Yoshida,M., Goshima,F., Kawada,J.I., Nishida,T., Kiyoi,H., Kato,S., Nakamura,S., Morishima,S., Yoshikawa,T., Fujiwara,S., Shimizu,N., Isobe,Y., Noguchi,M., Kikuta,A., Iwatsuki,K., Takahashi,Y., Kojima,S., Ogawa,S., Kimura,H.",2013
AP019033.1,SAMD00141504,Human gammaherpesvirus 4,Lymphocryptovirus humangamma4,,,"Human gammaherpesvirus 4 UPN109_PBMC DNA, nearly complete genome",167903,complete,Japan,Japan,Homo sapiens,"Okuno,Y., Murata,T., Sato,Y., Muramatsu,H., Ito,Y., Watanabe,T., Okuno,T., Murakami,N., Yoshida,K., Sawada,A., Inoue,M., Kawa,K., Seto,M., Ohshima,K., Shiraishi,Y., Chiba,K., Tanaka,H., Miyano,S., Narita,Y., Yoshida,M., Goshima,F., Kawada,J.I., Nishida,T., Kiyoi,H., Kato,S., Nakamura,S., Morishima,S., Yoshikawa,T., Fujiwara,S., Shimizu,N., Isobe,Y., Noguchi,M., Kikuta,A., Iwatsuki,K., Takahashi,Y., Kojima,S., Ogawa,S., Kimura,H.",2013
AP019034.1,SAMD00141505,Human gammaherpesvirus 4,Lymphocryptovirus humangamma4,,,"Human gammaherpesvirus 4 UPN110_PBMC DNA, nearly complete genome",168419,complete,Japan,Japan,Homo sapiens,"Okuno,Y., Murata,T., Sato,Y., Muramatsu,H., Ito,Y., Watanabe,T., Okuno,T., Murakami,N., Yoshida,K., Sawada,A., Inoue,M., Kawa,K., Seto,M., Ohshima,K., Shiraishi,Y., Chiba,K., Tanaka,H., Miyano,S., Narita,Y., Yoshida,M., Goshima,F., Kawada,J.I., Nishida,T., Kiyoi,H., Kato,S., Nakamura,S., Morishima,S., Yoshikawa,T., Fujiwara,S., Shimizu,N., Isobe,Y., Noguchi,M., Kikuta,A., Iwatsuki,K., Takahashi,Y., Kojima,S., Ogawa,S., Kimura,H.",2013
AP019035.1,SAMD00141506,Human gammaherpesvirus 4,Lymphocryptovirus humangamma4,,,"Human gammaherpesvirus 4 UPN1101_PBMC DNA, nearly complete genome",169484,complete,Japan,Japan,Homo sapiens,"Okuno,Y., Murata,T., Sato,Y., Muramatsu,H., Ito,Y., Watanabe,T., Okuno,T., Murakami,N., Yoshida,K., Sawada,A., Inoue,M., Kawa,K., Seto,M., Ohshima,K., Shiraishi,Y., Chiba,K., Tanaka,H., Miyano,S., Narita,Y., Yoshida,M., Goshima,F., Kawada,J.I., Nishida,T., Kiyoi,H., Kato,S., Nakamura,S., Morishima,S., Yoshikawa,T., Fujiwara,S., Shimizu,N., Isobe,Y., Noguchi,M., Kikuta,A., Iwatsuki,K., Takahashi,Y., Kojima,S., Ogawa,S., Kimura,H.",2013
AP019036.1,SAMD00141507,Human gammaherpesvirus 4,Lymphocryptovirus humangamma4,,,"Human gammaherpesvirus 4 UPN1102_PBMC DNA, nearly complete genome",169847,complete,Japan,Japan,Homo sapiens,"Okuno,Y., Murata,T., Sato,Y., Muramatsu,H., Ito,Y., Watanabe,T., Okuno,T., Murakami,N., Yoshida,K., Sawada,A., Inoue,M., Kawa,K., Seto,M., Ohshima,K., Shiraishi,Y., Chiba,K., Tanaka,H., Miyano,S., Narita,Y., Yoshida,M., Goshima,F., Kawada,J.I., Nishida,T., Kiyoi,H., Kato,S., Nakamura,S., Morishima,S., Yoshikawa,T., Fujiwara,S., Shimizu,N., Isobe,Y., Noguchi,M., Kikuta,A., Iwatsuki,K., Takahashi,Y., Kojima,S., Ogawa,S., Kimura,H.",2013
AP019037.1,SAMD00141508,Human gammaherpesvirus 4,Lymphocryptovirus humangamma4,,,"Human gammaherpesvirus 4 UPN1104_PBMC DNA, nearly complete genome",169372,complete,Japan,Japan,Homo sapiens,"Okuno,Y., Murata,T., Sato,Y., Muramatsu,H., Ito,Y., Watanabe,T., Okuno,T., Murakami,N., Yoshida,K., Sawada,A., Inoue,M., Kawa,K., Seto,M., Ohshima,K., Shiraishi,Y., Chiba,K., Tanaka,H., Miyano,S., Narita,Y., Yoshida,M., Goshima,F., Kawada,J.I., Nishida,T., Kiyoi,H., Kato,S., Nakamura,S., Morishima,S., Yoshikawa,T., Fujiwara,S., Shimizu,N., Isobe,Y., Noguchi,M., Kikuta,A., Iwatsuki,K., Takahashi,Y., Kojima,S., Ogawa,S., Kimura,H.",2013
AP019038.1,SAMD00141509,Human gammaherpesvirus 4,Lymphocryptovirus humangamma4,,,"Human gammaherpesvirus 4 UPN1106_PBMC DNA, nearly complete genome",158218,complete,Japan,Japan,Homo sapiens,"Okuno,Y., Murata,T., Sato,Y., Muramatsu,H., Ito,Y., Watanabe,T., Okuno,T., Murakami,N., Yoshida,K., Sawada,A., Inoue,M., Kawa,K., Seto,M., Ohshima,K., Shiraishi,Y., Chiba,K., Tanaka,H., Miyano,S., Narita,Y., Yoshida,M., Goshima,F., Kawada,J.I., Nishida,T., Kiyoi,H., Kato,S., Nakamura,S., Morishima,S., Yoshikawa,T., Fujiwara,S., Shimizu,N., Isobe,Y., Noguchi,M., Kikuta,A., Iwatsuki,K., Takahashi,Y., Kojima,S., Ogawa,S., Kimura,H.",2013
AP019039.1,SAMD00141510,Human gammaherpesvirus 4,Lymphocryptovirus humangamma4,,,"Human gammaherpesvirus 4 UPN111_PBMC DNA, nearly complete genome",170192,complete,Japan,Japan,Homo sapiens,"Okuno,Y., Murata,T., Sato,Y., Muramatsu,H., Ito,Y., Watanabe,T., Okuno,T., Murakami,N., Yoshida,K., Sawada,A., Inoue,M., Kawa,K., Seto,M., Ohshima,K., Shiraishi,Y., Chiba,K., Tanaka,H., Miyano,S., Narita,Y., Yoshida,M., Goshima,F., Kawada,J.I., Nishida,T., Kiyoi,H., Kato,S., Nakamura,S., Morishima,S., Yoshikawa,T., Fujiwara,S., Shimizu,N., Isobe,Y., Noguchi,M., Kikuta,A., Iwatsuki,K., Takahashi,Y., Kojima,S., Ogawa,S., Kimura,H.",2013
AP019040.1,SAMD00141511,Human gammaherpesvirus 4,Lymphocryptovirus humangamma4,,,"Human gammaherpesvirus 4 UPN1110_PBMC DNA, complete genome",171417,complete,Japan,Japan,Homo sapiens,"Okuno,Y., Murata,T., Sato,Y., Muramatsu,H., Ito,Y., Watanabe,T., Okuno,T., Murakami,N., Yoshida,K., Sawada,A., Inoue,M., Kawa,K., Seto,M., Ohshima,K., Shiraishi,Y., Chiba,K., Tanaka,H., Miyano,S., Narita,Y., Yoshida,M., Goshima,F., Kawada,J.I., Nishida,T., Kiyoi,H., Kato,S., Nakamura,S., Morishima,S., Yoshikawa,T., Fujiwara,S., Shimizu,N., Isobe,Y., Noguchi,M., Kikuta,A., Iwatsuki,K., Takahashi,Y., Kojima,S., Ogawa,S., Kimura,H.",2013
AP019041.1,SAMD00141512,Human gammaherpesvirus 4,Lymphocryptovirus humangamma4,,,"Human gammaherpesvirus 4 UPN1111_PBMC DNA, nearly complete genome",167306,complete,Japan,Japan,Homo sapiens,"Okuno,Y., Murata,T., Sato,Y., Muramatsu,H., Ito,Y., Watanabe,T., Okuno,T., Murakami,N., Yoshida,K., Sawada,A., Inoue,M., Kawa,K., Seto,M., Ohshima,K., Shiraishi,Y., Chiba,K., Tanaka,H., Miyano,S., Narita,Y., Yoshida,M., Goshima,F., Kawada,J.I., Nishida,T., Kiyoi,H., Kato,S., Nakamura,S., Morishima,S., Yoshikawa,T., Fujiwara,S., Shimizu,N., Isobe,Y., Noguchi,M., Kikuta,A., Iwatsuki,K., Takahashi,Y., Kojima,S., Ogawa,S., Kimura,H.",2013
AP019042.1,SAMD00141513,Human gammaherpesvirus 4,Lymphocryptovirus humangamma4,,,"Human gammaherpesvirus 4 UPN1113_PBMC DNA, nearly complete genome",169217,complete,Japan,Japan,Homo sapiens,"Okuno,Y., Murata,T., Sato,Y., Muramatsu,H., Ito,Y., Watanabe,T., Okuno,T., Murakami,N., Yoshida,K., Sawada,A., Inoue,M., Kawa,K., Seto,M., Ohshima,K., Shiraishi,Y., Chiba,K., Tanaka,H., Miyano,S., Narita,Y., Yoshida,M., Goshima,F., Kawada,J.I., Nishida,T., Kiyoi,H., Kato,S., Nakamura,S., Morishima,S., Yoshikawa,T., Fujiwara,S., Shimizu,N., Isobe,Y., Noguchi,M., Kikuta,A., Iwatsuki,K., Takahashi,Y., Kojima,S., Ogawa,S., Kimura,H.",2013
AP019043.1,SAMD00141514,Human gammaherpesvirus 4,Lymphocryptovirus humangamma4,,,"Human gammaherpesvirus 4 UPN1119_PBMC DNA, nearly complete genome",164249,complete,Japan,Japan,Homo sapiens,"Okuno,Y., Murata,T., Sato,Y., Muramatsu,H., Ito,Y., Watanabe,T., Okuno,T., Murakami,N., Yoshida,K., Sawada,A., Inoue,M., Kawa,K., Seto,M., Ohshima,K., Shiraishi,Y., Chiba,K., Tanaka,H., Miyano,S., Narita,Y., Yoshida,M., Goshima,F., Kawada,J.I., Nishida,T., Kiyoi,H., Kato,S., Nakamura,S., Morishima,S., Yoshikawa,T., Fujiwara,S., Shimizu,N., Isobe,Y., Noguchi,M., Kikuta,A., Iwatsuki,K., Takahashi,Y., Kojima,S., Ogawa,S., Kimura,H.",2013
AP019044.1,SAMD00141515,Human gammaherpesvirus 4,Lymphocryptovirus humangamma4,,,"Human gammaherpesvirus 4 UPN112_PBMC DNA, nearly complete genome",170338,complete,Japan,Japan,Homo sapiens,"Okuno,Y., Murata,T., Sato,Y., Muramatsu,H., Ito,Y., Watanabe,T., Okuno,T., Murakami,N., Yoshida,K., Sawada,A., Inoue,M., Kawa,K., Seto,M., Ohshima,K., Shiraishi,Y., Chiba,K., Tanaka,H., Miyano,S., Narita,Y., Yoshida,M., Goshima,F., Kawada,J.I., Nishida,T., Kiyoi,H., Kato,S., Nakamura,S., Morishima,S., Yoshikawa,T., Fujiwara,S., Shimizu,N., Isobe,Y., Noguchi,M., Kikuta,A., Iwatsuki,K., Takahashi,Y., Kojima,S., Ogawa,S., Kimura,H.",2013
AP019045.1,SAMD00141516,Human gammaherpesvirus 4,Lymphocryptovirus humangamma4,,,"Human gammaherpesvirus 4 UPN1120_PBMC DNA, nearly complete genome",149013,complete,Japan,Japan,Homo sapiens,"Okuno,Y., Murata,T., Sato,Y., Muramatsu,H., Ito,Y., Watanabe,T., Okuno,T., Murakami,N., Yoshida,K., Sawada,A., Inoue,M., Kawa,K., Seto,M., Ohshima,K., Shiraishi,Y., Chiba,K., Tanaka,H., Miyano,S., Narita,Y., Yoshida,M., Goshima,F., Kawada,J.I., Nishida,T., Kiyoi,H., Kato,S., Nakamura,S., Morishima,S., Yoshikawa,T., Fujiwara,S., Shimizu,N., Isobe,Y., Noguchi,M., Kikuta,A., Iwatsuki,K., Takahashi,Y., Kojima,S., Ogawa,S., Kimura,H.",2013
AP019046.1,SAMD00141517,Human gammaherpesvirus 4,Lymphocryptovirus humangamma4,,,"Human gammaherpesvirus 4 UPN1124_PBMC DNA, nearly complete genome",148161,complete,Japan,Japan,Homo sapiens,"Okuno,Y., Murata,T., Sato,Y., Muramatsu,H., Ito,Y., Watanabe,T., Okuno,T., Murakami,N., Yoshida,K., Sawada,A., Inoue,M., Kawa,K., Seto,M., Ohshima,K., Shiraishi,Y., Chiba,K., Tanaka,H., Miyano,S., Narita,Y., Yoshida,M., Goshima,F., Kawada,J.I., Nishida,T., Kiyoi,H., Kato,S., Nakamura,S., Morishima,S., Yoshikawa,T., Fujiwara,S., Shimizu,N., Isobe,Y., Noguchi,M., Kikuta,A., Iwatsuki,K., Takahashi,Y., Kojima,S., Ogawa,S., Kimura,H.",2013
AP019047.1,SAMD00141518,Human gammaherpesvirus 4,Lymphocryptovirus humangamma4,,,"Human gammaherpesvirus 4 UPN113_PBMC DNA, nearly complete genome",169123,complete,Japan,Japan,Homo sapiens,"Okuno,Y., Murata,T., Sato,Y., Muramatsu,H., Ito,Y., Watanabe,T., Okuno,T., Murakami,N., Yoshida,K., Sawada,A., Inoue,M., Kawa,K., Seto,M., Ohshima,K., Shiraishi,Y., Chiba,K., Tanaka,H., Miyano,S., Narita,Y., Yoshida,M., Goshima,F., Kawada,J.I., Nishida,T., Kiyoi,H., Kato,S., Nakamura,S., Morishima,S., Yoshikawa,T., Fujiwara,S., Shimizu,N., Isobe,Y., Noguchi,M., Kikuta,A., Iwatsuki,K., Takahashi,Y., Kojima,S., Ogawa,S., Kimura,H.",2013
AP019048.1,SAMD00141519,Human gammaherpesvirus 4,Lymphocryptovirus humangamma4,,,"Human gammaherpesvirus 4 UPN114_PBMC DNA, nearly complete genome",169343,complete,Japan,Japan,Homo sapiens,"Okuno,Y., Murata,T., Sato,Y., Muramatsu,H., Ito,Y., Watanabe,T., Okuno,T., Murakami,N., Yoshida,K., Sawada,A., Inoue,M., Kawa,K., Seto,M., Ohshima,K., Shiraishi,Y., Chiba,K., Tanaka,H., Miyano,S., Narita,Y., Yoshida,M., Goshima,F., Kawada,J.I., Nishida,T., Kiyoi,H., Kato,S., Nakamura,S., Morishima,S., Yoshikawa,T., Fujiwara,S., Shimizu,N., Isobe,Y., Noguchi,M., Kikuta,A., Iwatsuki,K., Takahashi,Y., Kojima,S., Ogawa,S., Kimura,H.",2013
AP019049.1,SAMD00141520,Human gammaherpesvirus 4,Lymphocryptovirus humangamma4,,,"Human gammaherpesvirus 4 UPN114_tumor DNA, nearly complete genome",170177,complete,Japan,Japan,Homo sapiens,"Okuno,Y., Murata,T., Sato,Y., Muramatsu,H., Ito,Y., Watanabe,T., Okuno,T., Murakami,N., Yoshida,K., Sawada,A., Inoue,M., Kawa,K., Seto,M., Ohshima,K., Shiraishi,Y., Chiba,K., Tanaka,H., Miyano,S., Narita,Y., Yoshida,M., Goshima,F., Kawada,J.I., Nishida,T., Kiyoi,H., Kato,S., Nakamura,S., Morishima,S., Yoshikawa,T., Fujiwara,S., Shimizu,N., Isobe,Y., Noguchi,M., Kikuta,A., Iwatsuki,K., Takahashi,Y., Kojima,S., Ogawa,S., Kimura,H.",2013
AP019050.1,SAMD00141521,Human gammaherpesvirus 4,Lymphocryptovirus humangamma4,,,"Human gammaherpesvirus 4 UPN12_PBMC DNA, nearly complete genome",167797,complete,Japan,Japan,Homo sapiens,"Okuno,Y., Murata,T., Sato,Y., Muramatsu,H., Ito,Y., Watanabe,T., Okuno,T., Murakami,N., Yoshida,K., Sawada,A., Inoue,M., Kawa,K., Seto,M., Ohshima,K., Shiraishi,Y., Chiba,K., Tanaka,H., Miyano,S., Narita,Y., Yoshida,M., Goshima,F., Kawada,J.I., Nishida,T., Kiyoi,H., Kato,S., Nakamura,S., Morishima,S., Yoshikawa,T., Fujiwara,S., Shimizu,N., Isobe,Y., Noguchi,M., Kikuta,A., Iwatsuki,K., Takahashi,Y., Kojima,S., Ogawa,S., Kimura,H.",2013
AP019051.1,SAMD00141522,Human gammaherpesvirus 4,Lymphocryptovirus humangamma4,,,"Human gammaherpesvirus 4 UPN1201_PBMC DNA, nearly complete genome",171309,complete,Japan,Japan,Homo sapiens,"Okuno,Y., Murata,T., Sato,Y., Muramatsu,H., Ito,Y., Watanabe,T., Okuno,T., Murakami,N., Yoshida,K., Sawada,A., Inoue,M., Kawa,K., Seto,M., Ohshima,K., Shiraishi,Y., Chiba,K., Tanaka,H., Miyano,S., Narita,Y., Yoshida,M., Goshima,F., Kawada,J.I., Nishida,T., Kiyoi,H., Kato,S., Nakamura,S., Morishima,S., Yoshikawa,T., Fujiwara,S., Shimizu,N., Isobe,Y., Noguchi,M., Kikuta,A., Iwatsuki,K., Takahashi,Y., Kojima,S., Ogawa,S., Kimura,H.",2013
AP019052.1,SAMD00141523,Human gammaherpesvirus 4,Lymphocryptovirus humangamma4,,,"Human gammaherpesvirus 4 UPN1202_PBMC DNA, nearly complete genome",170138,complete,Japan,Japan,Homo sapiens,"Okuno,Y., Murata,T., Sato,Y., Muramatsu,H., Ito,Y., Watanabe,T., Okuno,T., Murakami,N., Yoshida,K., Sawada,A., Inoue,M., Kawa,K., Seto,M., Ohshima,K., Shiraishi,Y., Chiba,K., Tanaka,H., Miyano,S., Narita,Y., Yoshida,M., Goshima,F., Kawada,J.I., Nishida,T., Kiyoi,H., Kato,S., Nakamura,S., Morishima,S., Yoshikawa,T., Fujiwara,S., Shimizu,N., Isobe,Y., Noguchi,M., Kikuta,A., Iwatsuki,K., Takahashi,Y., Kojima,S., Ogawa,S., Kimura,H.",2013
AP019053.1,SAMD00141524,Human gammaherpesvirus 4,Lymphocryptovirus humangamma4,,,"Human gammaherpesvirus 4 UPN123_tumor DNA, nearly complete genome",168495,complete,Japan,Japan,Homo sapiens,"Okuno,Y., Murata,T., Sato,Y., Muramatsu,H., Ito,Y., Watanabe,T., Okuno,T., Murakami,N., Yoshida,K., Sawada,A., Inoue,M., Kawa,K., Seto,M., Ohshima,K., Shiraishi,Y., Chiba,K., Tanaka,H., Miyano,S., Narita,Y., Yoshida,M., Goshima,F., Kawada,J.I., Nishida,T., Kiyoi,H., Kato,S., Nakamura,S., Morishima,S., Yoshikawa,T., Fujiwara,S., Shimizu,N., Isobe,Y., Noguchi,M., Kikuta,A., Iwatsuki,K., Takahashi,Y., Kojima,S., Ogawa,S., Kimura,H.",2013
AP019054.1,SAMD00141525,Human gammaherpesvirus 4,Lymphocryptovirus humangamma4,,,"Human gammaherpesvirus 4 UPN125_PBMC DNA, nearly complete genome",169060,complete,Japan,Japan,Homo sapiens,"Okuno,Y., Murata,T., Sato,Y., Muramatsu,H., Ito,Y., Watanabe,T., Okuno,T., Murakami,N., Yoshida,K., Sawada,A., Inoue,M., Kawa,K., Seto,M., Ohshima,K., Shiraishi,Y., Chiba,K., Tanaka,H., Miyano,S., Narita,Y., Yoshida,M., Goshima,F., Kawada,J.I., Nishida,T., Kiyoi,H., Kato,S., Nakamura,S., Morishima,S., Yoshikawa,T., Fujiwara,S., Shimizu,N., Isobe,Y., Noguchi,M., Kikuta,A., Iwatsuki,K., Takahashi,Y., Kojima,S., Ogawa,S., Kimura,H.",2013
AP019055.1,SAMD00141526,Human gammaherpesvirus 4,Lymphocryptovirus humangamma4,,,"Human gammaherpesvirus 4 UPN128_PBMC DNA, nearly complete genome",161200,complete,Japan,Japan,Homo sapiens,"Okuno,Y., Murata,T., Sato,Y., Muramatsu,H., Ito,Y., Watanabe,T., Okuno,T., Murakami,N., Yoshida,K., Sawada,A., Inoue,M., Kawa,K., Seto,M., Ohshima,K., Shiraishi,Y., Chiba,K., Tanaka,H., Miyano,S., Narita,Y., Yoshida,M., Goshima,F., Kawada,J.I., Nishida,T., Kiyoi,H., Kato,S., Nakamura,S., Morishima,S., Yoshikawa,T., Fujiwara,S., Shimizu,N., Isobe,Y., Noguchi,M., Kikuta,A., Iwatsuki,K., Takahashi,Y., Kojima,S., Ogawa,S., Kimura,H.",2013
AP019056.1,SAMD00141527,Human gammaherpesvirus 4,Lymphocryptovirus humangamma4,,,"Human gammaherpesvirus 4 UPN128_tumor DNA, nearly complete genome",161660,complete,Japan,Japan,Homo sapiens,"Okuno,Y., Murata,T., Sato,Y., Muramatsu,H., Ito,Y., Watanabe,T., Okuno,T., Murakami,N., Yoshida,K., Sawada,A., Inoue,M., Kawa,K., Seto,M., Ohshima,K., Shiraishi,Y., Chiba,K., Tanaka,H., Miyano,S., Narita,Y., Yoshida,M., Goshima,F., Kawada,J.I., Nishida,T., Kiyoi,H., Kato,S., Nakamura,S., Morishima,S., Yoshikawa,T., Fujiwara,S., Shimizu,N., Isobe,Y., Noguchi,M., Kikuta,A., Iwatsuki,K., Takahashi,Y., Kojima,S., Ogawa,S., Kimura,H.",2013
AP019057.1,SAMD00141528,Human gammaherpesvirus 4,Lymphocryptovirus humangamma4,,,"Human gammaherpesvirus 4 UPN13_PBMC DNA, nearly complete genome",158384,complete,Japan,Japan,Homo sapiens,"Okuno,Y., Murata,T., Sato,Y., Muramatsu,H., Ito,Y., Watanabe,T., Okuno,T., Murakami,N., Yoshida,K., Sawada,A., Inoue,M., Kawa,K., Seto,M., Ohshima,K., Shiraishi,Y., Chiba,K., Tanaka,H., Miyano,S., Narita,Y., Yoshida,M., Goshima,F., Kawada,J.I., Nishida,T., Kiyoi,H., Kato,S., Nakamura,S., Morishima,S., Yoshikawa,T., Fujiwara,S., Shimizu,N., Isobe,Y., Noguchi,M., Kikuta,A., Iwatsuki,K., Takahashi,Y., Kojima,S., Ogawa,S., Kimura,H.",2013
AP019058.1,SAMD00141529,Human gammaherpesvirus 4,Lymphocryptovirus humangamma4,,,"Human gammaherpesvirus 4 UPN130_PBMC DNA, nearly complete genome",160114,complete,Japan,Japan,Homo sapiens,"Okuno,Y., Murata,T., Sato,Y., Muramatsu,H., Ito,Y., Watanabe,T., Okuno,T., Murakami,N., Yoshida,K., Sawada,A., Inoue,M., Kawa,K., Seto,M., Ohshima,K., Shiraishi,Y., Chiba,K., Tanaka,H., Miyano,S., Narita,Y., Yoshida,M., Goshima,F., Kawada,J.I., Nishida,T., Kiyoi,H., Kato,S., Nakamura,S., Morishima,S., Yoshikawa,T., Fujiwara,S., Shimizu,N., Isobe,Y., Noguchi,M., Kikuta,A., Iwatsuki,K., Takahashi,Y., Kojima,S., Ogawa,S., Kimura,H.",2013
AP019059.1,SAMD00141530,Human gammaherpesvirus 4,Lymphocryptovirus humangamma4,,,"Human gammaherpesvirus 4 UPN130_tumor DNA, nearly complete genome",169789,complete,Japan,Japan,Homo sapiens,"Okuno,Y., Murata,T., Sato,Y., Muramatsu,H., Ito,Y., Watanabe,T., Okuno,T., Murakami,N., Yoshida,K., Sawada,A., Inoue,M., Kawa,K., Seto,M., Ohshima,K., Shiraishi,Y., Chiba,K., Tanaka,H., Miyano,S., Narita,Y., Yoshida,M., Goshima,F., Kawada,J.I., Nishida,T., Kiyoi,H., Kato,S., Nakamura,S., Morishima,S., Yoshikawa,T., Fujiwara,S., Shimizu,N., Isobe,Y., Noguchi,M., Kikuta,A., Iwatsuki,K., Takahashi,Y., Kojima,S., Ogawa,S., Kimura,H.",2013
AP019060.1,SAMD00141531,Human gammaherpesvirus 4,Lymphocryptovirus humangamma4,,,"Human gammaherpesvirus 4 UPN132_PBMC DNA, nearly complete genome",168997,complete,Japan,Japan,Homo sapiens,"Okuno,Y., Murata,T., Sato,Y., Muramatsu,H., Ito,Y., Watanabe,T., Okuno,T., Murakami,N., Yoshida,K., Sawada,A., Inoue,M., Kawa,K., Seto,M., Ohshima,K., Shiraishi,Y., Chiba,K., Tanaka,H., Miyano,S., Narita,Y., Yoshida,M., Goshima,F., Kawada,J.I., Nishida,T., Kiyoi,H., Kato,S., Nakamura,S., Morishima,S., Yoshikawa,T., Fujiwara,S., Shimizu,N., Isobe,Y., Noguchi,M., Kikuta,A., Iwatsuki,K., Takahashi,Y., Kojima,S., Ogawa,S., Kimura,H.",2013
AP019061.1,SAMD00141532,Human gammaherpesvirus 4,Lymphocryptovirus humangamma4,,,"Human gammaherpesvirus 4 UPN132_tumor DNA, complete genome",170874,complete,Japan,Japan,Homo sapiens,"Okuno,Y., Murata,T., Sato,Y., Muramatsu,H., Ito,Y., Watanabe,T., Okuno,T., Murakami,N., Yoshida,K., Sawada,A., Inoue,M., Kawa,K., Seto,M., Ohshima,K., Shiraishi,Y., Chiba,K., Tanaka,H., Miyano,S., Narita,Y., Yoshida,M., Goshima,F., Kawada,J.I., Nishida,T., Kiyoi,H., Kato,S., Nakamura,S., Morishima,S., Yoshikawa,T., Fujiwara,S., Shimizu,N., Isobe,Y., Noguchi,M., Kikuta,A., Iwatsuki,K., Takahashi,Y., Kojima,S., Ogawa,S., Kimura,H.",2013
AP019062.1,SAMD00141533,Human gammaherpesvirus 4,Lymphocryptovirus humangamma4,,,"Human gammaherpesvirus 4 UPN134_PBMC DNA, nearly complete genome",141267,complete,Japan,Japan,Homo sapiens,"Okuno,Y., Murata,T., Sato,Y., Muramatsu,H., Ito,Y., Watanabe,T., Okuno,T., Murakami,N., Yoshida,K., Sawada,A., Inoue,M., Kawa,K., Seto,M., Ohshima,K., Shiraishi,Y., Chiba,K., Tanaka,H., Miyano,S., Narita,Y., Yoshida,M., Goshima,F., Kawada,J.I., Nishida,T., Kiyoi,H., Kato,S., Nakamura,S., Morishima,S., Yoshikawa,T., Fujiwara,S., Shimizu,N., Isobe,Y., Noguchi,M., Kikuta,A., Iwatsuki,K., Takahashi,Y., Kojima,S., Ogawa,S., Kimura,H.",2013
AP019063.1,SAMD00141534,Human gammaherpesvirus 4,Lymphocryptovirus humangamma4,,,"Human gammaherpesvirus 4 UPN134_tumor DNA, nearly complete genome",153954,complete,Japan,Japan,Homo sapiens,"Okuno,Y., Murata,T., Sato,Y., Muramatsu,H., Ito,Y., Watanabe,T., Okuno,T., Murakami,N., Yoshida,K., Sawada,A., Inoue,M., Kawa,K., Seto,M., Ohshima,K., Shiraishi,Y., Chiba,K., Tanaka,H., Miyano,S., Narita,Y., Yoshida,M., Goshima,F., Kawada,J.I., Nishida,T., Kiyoi,H., Kato,S., Nakamura,S., Morishima,S., Yoshikawa,T., Fujiwara,S., Shimizu,N., Isobe,Y., Noguchi,M., Kikuta,A., Iwatsuki,K., Takahashi,Y., Kojima,S., Ogawa,S., Kimura,H.",2013
AP019064.1,SAMD00141535,Human gammaherpesvirus 4,Lymphocryptovirus humangamma4,,,"Human gammaherpesvirus 4 UPN136_PBMC DNA, nearly complete genome",169974,complete,Japan,Japan,Homo sapiens,"Okuno,Y., Murata,T., Sato,Y., Muramatsu,H., Ito,Y., Watanabe,T., Okuno,T., Murakami,N., Yoshida,K., Sawada,A., Inoue,M., Kawa,K., Seto,M., Ohshima,K., Shiraishi,Y., Chiba,K., Tanaka,H., Miyano,S., Narita,Y., Yoshida,M., Goshima,F., Kawada,J.I., Nishida,T., Kiyoi,H., Kato,S., Nakamura,S., Morishima,S., Yoshikawa,T., Fujiwara,S., Shimizu,N., Isobe,Y., Noguchi,M., Kikuta,A., Iwatsuki,K., Takahashi,Y., Kojima,S., Ogawa,S., Kimura,H.",2013
AP019065.1,SAMD00141536,Human gammaherpesvirus 4,Lymphocryptovirus humangamma4,,,"Human gammaherpesvirus 4 UPN136_tumor DNA, nearly complete genome",171289,complete,Japan,Japan,Homo sapiens,"Okuno,Y., Murata,T., Sato,Y., Muramatsu,H., Ito,Y., Watanabe,T., Okuno,T., Murakami,N., Yoshida,K., Sawada,A., Inoue,M., Kawa,K., Seto,M., Ohshima,K., Shiraishi,Y., Chiba,K., Tanaka,H., Miyano,S., Narita,Y., Yoshida,M., Goshima,F., Kawada,J.I., Nishida,T., Kiyoi,H., Kato,S., Nakamura,S., Morishima,S., Yoshikawa,T., Fujiwara,S., Shimizu,N., Isobe,Y., Noguchi,M., Kikuta,A., Iwatsuki,K., Takahashi,Y., Kojima,S., Ogawa,S., Kimura,H.",2013
AP019066.1,SAMD00141537,Human gammaherpesvirus 4,Lymphocryptovirus humangamma4,,,"Human gammaherpesvirus 4 UPN138_PBMC DNA, nearly complete genome",154252,complete,Japan,Japan,Homo sapiens,"Okuno,Y., Murata,T., Sato,Y., Muramatsu,H., Ito,Y., Watanabe,T., Okuno,T., Murakami,N., Yoshida,K., Sawada,A., Inoue,M., Kawa,K., Seto,M., Ohshima,K., Shiraishi,Y., Chiba,K., Tanaka,H., Miyano,S., Narita,Y., Yoshida,M., Goshima,F., Kawada,J.I., Nishida,T., Kiyoi,H., Kato,S., Nakamura,S., Morishima,S., Yoshikawa,T., Fujiwara,S., Shimizu,N., Isobe,Y., Noguchi,M., Kikuta,A., Iwatsuki,K., Takahashi,Y., Kojima,S., Ogawa,S., Kimura,H.",2013
AP019067.1,SAMD00141538,Human gammaherpesvirus 4,Lymphocryptovirus humangamma4,,,"Human gammaherpesvirus 4 UPN138_tumor DNA, nearly complete genome",170143,complete,Japan,Japan,Homo sapiens,"Okuno,Y., Murata,T., Sato,Y., Muramatsu,H., Ito,Y., Watanabe,T., Okuno,T., Murakami,N., Yoshida,K., Sawada,A., Inoue,M., Kawa,K., Seto,M., Ohshima,K., Shiraishi,Y., Chiba,K., Tanaka,H., Miyano,S., Narita,Y., Yoshida,M., Goshima,F., Kawada,J.I., Nishida,T., Kiyoi,H., Kato,S., Nakamura,S., Morishima,S., Yoshikawa,T., Fujiwara,S., Shimizu,N., Isobe,Y., Noguchi,M., Kikuta,A., Iwatsuki,K., Takahashi,Y., Kojima,S., Ogawa,S., Kimura,H.",2013
AP019068.1,SAMD00141539,Human gammaherpesvirus 4,Lymphocryptovirus humangamma4,,,"Human gammaherpesvirus 4 UPN14_PBMC DNA, nearly complete genome",164183,complete,Japan,Japan,Homo sapiens,"Okuno,Y., Murata,T., Sato,Y., Muramatsu,H., Ito,Y., Watanabe,T., Okuno,T., Murakami,N., Yoshida,K., Sawada,A., Inoue,M., Kawa,K., Seto,M., Ohshima,K., Shiraishi,Y., Chiba,K., Tanaka,H., Miyano,S., Narita,Y., Yoshida,M., Goshima,F., Kawada,J.I., Nishida,T., Kiyoi,H., Kato,S., Nakamura,S., Morishima,S., Yoshikawa,T., Fujiwara,S., Shimizu,N., Isobe,Y., Noguchi,M., Kikuta,A., Iwatsuki,K., Takahashi,Y., Kojima,S., Ogawa,S., Kimura,H.",2013
AP019069.1,SAMD00141540,Human gammaherpesvirus 4,Lymphocryptovirus humangamma4,,,"Human gammaherpesvirus 4 UPN140_PBMC DNA, nearly complete genome",134791,complete,Japan,Japan,Homo sapiens,"Okuno,Y., Murata,T., Sato,Y., Muramatsu,H., Ito,Y., Watanabe,T., Okuno,T., Murakami,N., Yoshida,K., Sawada,A., Inoue,M., Kawa,K., Seto,M., Ohshima,K., Shiraishi,Y., Chiba,K., Tanaka,H., Miyano,S., Narita,Y., Yoshida,M., Goshima,F., Kawada,J.I., Nishida,T., Kiyoi,H., Kato,S., Nakamura,S., Morishima,S., Yoshikawa,T., Fujiwara,S., Shimizu,N., Isobe,Y., Noguchi,M., Kikuta,A., Iwatsuki,K., Takahashi,Y., Kojima,S., Ogawa,S., Kimura,H.",2013
AP019070.1,SAMD00141541,Human gammaherpesvirus 4,Lymphocryptovirus humangamma4,,,"Human gammaherpesvirus 4 UPN140_tumor DNA, nearly complete genome",171369,complete,Japan,Japan,Homo sapiens,"Okuno,Y., Murata,T., Sato,Y., Muramatsu,H., Ito,Y., Watanabe,T., Okuno,T., Murakami,N., Yoshida,K., Sawada,A., Inoue,M., Kawa,K., Seto,M., Ohshima,K., Shiraishi,Y., Chiba,K., Tanaka,H., Miyano,S., Narita,Y., Yoshida,M., Goshima,F., Kawada,J.I., Nishida,T., Kiyoi,H., Kato,S., Nakamura,S., Morishima,S., Yoshikawa,T., Fujiwara,S., Shimizu,N., Isobe,Y., Noguchi,M., Kikuta,A., Iwatsuki,K., Takahashi,Y., Kojima,S., Ogawa,S., Kimura,H.",2013
AP019071.1,SAMD00141542,Human gammaherpesvirus 4,Lymphocryptovirus humangamma4,,,"Human gammaherpesvirus 4 UPN142_gdT-1 DNA, nearly complete genome",169085,complete,Japan,Japan,Homo sapiens,"Okuno,Y., Murata,T., Sato,Y., Muramatsu,H., Ito,Y., Watanabe,T., Okuno,T., Murakami,N., Yoshida,K., Sawada,A., Inoue,M., Kawa,K., Seto,M., Ohshima,K., Shiraishi,Y., Chiba,K., Tanaka,H., Miyano,S., Narita,Y., Yoshida,M., Goshima,F., Kawada,J.I., Nishida,T., Kiyoi,H., Kato,S., Nakamura,S., Morishima,S., Yoshikawa,T., Fujiwara,S., Shimizu,N., Isobe,Y., Noguchi,M., Kikuta,A., Iwatsuki,K., Takahashi,Y., Kojima,S., Ogawa,S., Kimura,H.",2013
AP019072.1,SAMD00141543,Human gammaherpesvirus 4,Lymphocryptovirus humangamma4,,,"Human gammaherpesvirus 4 UPN142_gdT-2 DNA, nearly complete genome",170129,complete,Japan,Japan,Homo sapiens,"Okuno,Y., Murata,T., Sato,Y., Muramatsu,H., Ito,Y., Watanabe,T., Okuno,T., Murakami,N., Yoshida,K., Sawada,A., Inoue,M., Kawa,K., Seto,M., Ohshima,K., Shiraishi,Y., Chiba,K., Tanaka,H., Miyano,S., Narita,Y., Yoshida,M., Goshima,F., Kawada,J.I., Nishida,T., Kiyoi,H., Kato,S., Nakamura,S., Morishima,S., Yoshikawa,T., Fujiwara,S., Shimizu,N., Isobe,Y., Noguchi,M., Kikuta,A., Iwatsuki,K., Takahashi,Y., Kojima,S., Ogawa,S., Kimura,H.",2013
AP019073.1,SAMD00141544,Human gammaherpesvirus 4,Lymphocryptovirus humangamma4,,,"Human gammaherpesvirus 4 UPN142_PBMC DNA, nearly complete genome",168734,complete,Japan,Japan,Homo sapiens,"Okuno,Y., Murata,T., Sato,Y., Muramatsu,H., Ito,Y., Watanabe,T., Okuno,T., Murakami,N., Yoshida,K., Sawada,A., Inoue,M., Kawa,K., Seto,M., Ohshima,K., Shiraishi,Y., Chiba,K., Tanaka,H., Miyano,S., Narita,Y., Yoshida,M., Goshima,F., Kawada,J.I., Nishida,T., Kiyoi,H., Kato,S., Nakamura,S., Morishima,S., Yoshikawa,T., Fujiwara,S., Shimizu,N., Isobe,Y., Noguchi,M., Kikuta,A., Iwatsuki,K., Takahashi,Y., Kojima,S., Ogawa,S., Kimura,H.",2013
AP019074.1,SAMD00141545,Human gammaherpesvirus 4,Lymphocryptovirus humangamma4,,,"Human gammaherpesvirus 4 UPN15_PBMC DNA, nearly complete genome",168613,complete,Japan,Japan,Homo sapiens,"Okuno,Y., Murata,T., Sato,Y., Muramatsu,H., Ito,Y., Watanabe,T., Okuno,T., Murakami,N., Yoshida,K., Sawada,A., Inoue,M., Kawa,K., Seto,M., Ohshima,K., Shiraishi,Y., Chiba,K., Tanaka,H., Miyano,S., Narita,Y., Yoshida,M., Goshima,F., Kawada,J.I., Nishida,T., Kiyoi,H., Kato,S., Nakamura,S., Morishima,S., Yoshikawa,T., Fujiwara,S., Shimizu,N., Isobe,Y., Noguchi,M., Kikuta,A., Iwatsuki,K., Takahashi,Y., Kojima,S., Ogawa,S., Kimura,H.",2013
AP019075.1,SAMD00141546,Human gammaherpesvirus 4,Lymphocryptovirus humangamma4,,,"Human gammaherpesvirus 4 UPN17_PBMC DNA, nearly complete genome",166012,complete,Japan,Japan,Homo sapiens,"Okuno,Y., Murata,T., Sato,Y., Muramatsu,H., Ito,Y., Watanabe,T., Okuno,T., Murakami,N., Yoshida,K., Sawada,A., Inoue,M., Kawa,K., Seto,M., Ohshima,K., Shiraishi,Y., Chiba,K., Tanaka,H., Miyano,S., Narita,Y., Yoshida,M., Goshima,F., Kawada,J.I., Nishida,T., Kiyoi,H., Kato,S., Nakamura,S., Morishima,S., Yoshikawa,T., Fujiwara,S., Shimizu,N., Isobe,Y., Noguchi,M., Kikuta,A., Iwatsuki,K., Takahashi,Y., Kojima,S., Ogawa,S., Kimura,H.",2013
AP019076.1,SAMD00141547,Human gammaherpesvirus 4,Lymphocryptovirus humangamma4,,,"Human gammaherpesvirus 4 UPN1756_PBMC DNA, complete genome",168147,complete,Japan,Japan,Homo sapiens,"Okuno,Y., Murata,T., Sato,Y., Muramatsu,H., Ito,Y., Watanabe,T., Okuno,T., Murakami,N., Yoshida,K., Sawada,A., Inoue,M., Kawa,K., Seto,M., Ohshima,K., Shiraishi,Y., Chiba,K., Tanaka,H., Miyano,S., Narita,Y., Yoshida,M., Goshima,F., Kawada,J.I., Nishida,T., Kiyoi,H., Kato,S., Nakamura,S., Morishima,S., Yoshikawa,T., Fujiwara,S., Shimizu,N., Isobe,Y., Noguchi,M., Kikuta,A., Iwatsuki,K., Takahashi,Y., Kojima,S., Ogawa,S., Kimura,H.",2013
AP019077.1,SAMD00141548,Human gammaherpesvirus 4,Lymphocryptovirus humangamma4,,,"Human gammaherpesvirus 4 UPN1757_PBMC DNA, nearly complete genome",168636,complete,Japan,Japan,Homo sapiens,"Okuno,Y., Murata,T., Sato,Y., Muramatsu,H., Ito,Y., Watanabe,T., Okuno,T., Murakami,N., Yoshida,K., Sawada,A., Inoue,M., Kawa,K., Seto,M., Ohshima,K., Shiraishi,Y., Chiba,K., Tanaka,H., Miyano,S., Narita,Y., Yoshida,M., Goshima,F., Kawada,J.I., Nishida,T., Kiyoi,H., Kato,S., Nakamura,S., Morishima,S., Yoshikawa,T., Fujiwara,S., Shimizu,N., Isobe,Y., Noguchi,M., Kikuta,A., Iwatsuki,K., Takahashi,Y., Kojima,S., Ogawa,S., Kimura,H.",2013
AP019078.1,SAMD00141549,Human gammaherpesvirus 4,Lymphocryptovirus humangamma4,,,"Human gammaherpesvirus 4 UPN1758_PBMC DNA, nearly complete genome",170504,complete,Japan,Japan,Homo sapiens,"Okuno,Y., Murata,T., Sato,Y., Muramatsu,H., Ito,Y., Watanabe,T., Okuno,T., Murakami,N., Yoshida,K., Sawada,A., Inoue,M., Kawa,K., Seto,M., Ohshima,K., Shiraishi,Y., Chiba,K., Tanaka,H., Miyano,S., Narita,Y., Yoshida,M., Goshima,F., Kawada,J.I., Nishida,T., Kiyoi,H., Kato,S., Nakamura,S., Morishima,S., Yoshikawa,T., Fujiwara,S., Shimizu,N., Isobe,Y., Noguchi,M., Kikuta,A., Iwatsuki,K., Takahashi,Y., Kojima,S., Ogawa,S., Kimura,H.",2013
AP019079.1,SAMD00141550,Human gammaherpesvirus 4,Lymphocryptovirus humangamma4,,,"Human gammaherpesvirus 4 UPN1789_PBMC DNA, nearly complete genome",161053,complete,Japan,Japan,Homo sapiens,"Okuno,Y., Murata,T., Sato,Y., Muramatsu,H., Ito,Y., Watanabe,T., Okuno,T., Murakami,N., Yoshida,K., Sawada,A., Inoue,M., Kawa,K., Seto,M., Ohshima,K., Shiraishi,Y., Chiba,K., Tanaka,H., Miyano,S., Narita,Y., Yoshida,M., Goshima,F., Kawada,J.I., Nishida,T., Kiyoi,H., Kato,S., Nakamura,S., Morishima,S., Yoshikawa,T., Fujiwara,S., Shimizu,N., Isobe,Y., Noguchi,M., Kikuta,A., Iwatsuki,K., Takahashi,Y., Kojima,S., Ogawa,S., Kimura,H.",2013
AP019080.1,SAMD00141551,Human gammaherpesvirus 4,Lymphocryptovirus humangamma4,,,"Human gammaherpesvirus 4 UPN18_PBMC DNA, nearly complete genome",168880,complete,Japan,Japan,Homo sapiens,"Okuno,Y., Murata,T., Sato,Y., Muramatsu,H., Ito,Y., Watanabe,T., Okuno,T., Murakami,N., Yoshida,K., Sawada,A., Inoue,M., Kawa,K., Seto,M., Ohshima,K., Shiraishi,Y., Chiba,K., Tanaka,H., Miyano,S., Narita,Y., Yoshida,M., Goshima,F., Kawada,J.I., Nishida,T., Kiyoi,H., Kato,S., Nakamura,S., Morishima,S., Yoshikawa,T., Fujiwara,S., Shimizu,N., Isobe,Y., Noguchi,M., Kikuta,A., Iwatsuki,K., Takahashi,Y., Kojima,S., Ogawa,S., Kimura,H.",2013
AP019081.1,SAMD00141552,Human gammaherpesvirus 4,Lymphocryptovirus humangamma4,,,"Human gammaherpesvirus 4 UPN1802_PBMC DNA, nearly complete genome",170117,complete,Japan,Japan,Homo sapiens,"Okuno,Y., Murata,T., Sato,Y., Muramatsu,H., Ito,Y., Watanabe,T., Okuno,T., Murakami,N., Yoshida,K., Sawada,A., Inoue,M., Kawa,K., Seto,M., Ohshima,K., Shiraishi,Y., Chiba,K., Tanaka,H., Miyano,S., Narita,Y., Yoshida,M., Goshima,F., Kawada,J.I., Nishida,T., Kiyoi,H., Kato,S., Nakamura,S., Morishima,S., Yoshikawa,T., Fujiwara,S., Shimizu,N., Isobe,Y., Noguchi,M., Kikuta,A., Iwatsuki,K., Takahashi,Y., Kojima,S., Ogawa,S., Kimura,H.",2013
AP019082.1,SAMD00141553,Human gammaherpesvirus 4,Lymphocryptovirus humangamma4,,,"Human gammaherpesvirus 4 UPN1813_PBMC DNA, nearly complete genome",170836,complete,Japan,Japan,Homo sapiens,"Okuno,Y., Murata,T., Sato,Y., Muramatsu,H., Ito,Y., Watanabe,T., Okuno,T., Murakami,N., Yoshida,K., Sawada,A., Inoue,M., Kawa,K., Seto,M., Ohshima,K., Shiraishi,Y., Chiba,K., Tanaka,H., Miyano,S., Narita,Y., Yoshida,M., Goshima,F., Kawada,J.I., Nishida,T., Kiyoi,H., Kato,S., Nakamura,S., Morishima,S., Yoshikawa,T., Fujiwara,S., Shimizu,N., Isobe,Y., Noguchi,M., Kikuta,A., Iwatsuki,K., Takahashi,Y., Kojima,S., Ogawa,S., Kimura,H.",2013
AP019083.1,SAMD00141554,Human gammaherpesvirus 4,Lymphocryptovirus humangamma4,,,"Human gammaherpesvirus 4 UPN1833_tissue DNA, complete genome",171260,complete,Japan,Japan,Homo sapiens,"Okuno,Y., Murata,T., Sato,Y., Muramatsu,H., Ito,Y., Watanabe,T., Okuno,T., Murakami,N., Yoshida,K., Sawada,A., Inoue,M., Kawa,K., Seto,M., Ohshima,K., Shiraishi,Y., Chiba,K., Tanaka,H., Miyano,S., Narita,Y., Yoshida,M., Goshima,F., Kawada,J.I., Nishida,T., Kiyoi,H., Kato,S., Nakamura,S., Morishima,S., Yoshikawa,T., Fujiwara,S., Shimizu,N., Isobe,Y., Noguchi,M., Kikuta,A., Iwatsuki,K., Takahashi,Y., Kojima,S., Ogawa,S., Kimura,H.",2013
AP019084.1,SAMD00141555,Human gammaherpesvirus 4,Lymphocryptovirus humangamma4,,,"Human gammaherpesvirus 4 UPN185_PBMC DNA, nearly complete genome",170348,complete,Japan,Japan,Homo sapiens,"Okuno,Y., Murata,T., Sato,Y., Muramatsu,H., Ito,Y., Watanabe,T., Okuno,T., Murakami,N., Yoshida,K., Sawada,A., Inoue,M., Kawa,K., Seto,M., Ohshima,K., Shiraishi,Y., Chiba,K., Tanaka,H., Miyano,S., Narita,Y., Yoshida,M., Goshima,F., Kawada,J.I., Nishida,T., Kiyoi,H., Kato,S., Nakamura,S., Morishima,S., Yoshikawa,T., Fujiwara,S., Shimizu,N., Isobe,Y., Noguchi,M., Kikuta,A., Iwatsuki,K., Takahashi,Y., Kojima,S., Ogawa,S., Kimura,H.",2013
AP019085.1,SAMD00141556,Human gammaherpesvirus 4,Lymphocryptovirus humangamma4,,,"Human gammaherpesvirus 4 UPN19_PBMC DNA, nearly complete genome",162206,complete,Japan,Japan,Homo sapiens,"Okuno,Y., Murata,T., Sato,Y., Muramatsu,H., Ito,Y., Watanabe,T., Okuno,T., Murakami,N., Yoshida,K., Sawada,A., Inoue,M., Kawa,K., Seto,M., Ohshima,K., Shiraishi,Y., Chiba,K., Tanaka,H., Miyano,S., Narita,Y., Yoshida,M., Goshima,F., Kawada,J.I., Nishida,T., Kiyoi,H., Kato,S., Nakamura,S., Morishima,S., Yoshikawa,T., Fujiwara,S., Shimizu,N., Isobe,Y., Noguchi,M., Kikuta,A., Iwatsuki,K., Takahashi,Y., Kojima,S., Ogawa,S., Kimura,H.",2013
AP019086.1,SAMD00141557,Human gammaherpesvirus 4,Lymphocryptovirus humangamma4,,,"Human gammaherpesvirus 4 UPN1901_tissue DNA, nearly complete genome",170944,complete,Japan,Japan,Homo sapiens,"Okuno,Y., Murata,T., Sato,Y., Muramatsu,H., Ito,Y., Watanabe,T., Okuno,T., Murakami,N., Yoshida,K., Sawada,A., Inoue,M., Kawa,K., Seto,M., Ohshima,K., Shiraishi,Y., Chiba,K., Tanaka,H., Miyano,S., Narita,Y., Yoshida,M., Goshima,F., Kawada,J.I., Nishida,T., Kiyoi,H., Kato,S., Nakamura,S., Morishima,S., Yoshikawa,T., Fujiwara,S., Shimizu,N., Isobe,Y., Noguchi,M., Kikuta,A., Iwatsuki,K., Takahashi,Y., Kojima,S., Ogawa,S., Kimura,H.",2013
AP019087.1,SAMD00141558,Human gammaherpesvirus 4,Lymphocryptovirus humangamma4,,,"Human gammaherpesvirus 4 UPN1926_PBMC DNA, complete genome",169765,complete,Japan,Japan,Homo sapiens,"Okuno,Y., Murata,T., Sato,Y., Muramatsu,H., Ito,Y., Watanabe,T., Okuno,T., Murakami,N., Yoshida,K., Sawada,A., Inoue,M., Kawa,K., Seto,M., Ohshima,K., Shiraishi,Y., Chiba,K., Tanaka,H., Miyano,S., Narita,Y., Yoshida,M., Goshima,F., Kawada,J.I., Nishida,T., Kiyoi,H., Kato,S., Nakamura,S., Morishima,S., Yoshikawa,T., Fujiwara,S., Shimizu,N., Isobe,Y., Noguchi,M., Kikuta,A., Iwatsuki,K., Takahashi,Y., Kojima,S., Ogawa,S., Kimura,H.",2013
AP019088.1,SAMD00141559,Human gammaherpesvirus 4,Lymphocryptovirus humangamma4,,,"Human gammaherpesvirus 4 UPN2_PBMC DNA, nearly complete genome",153810,complete,Japan,Japan,Homo sapiens,"Okuno,Y., Murata,T., Sato,Y., Muramatsu,H., Ito,Y., Watanabe,T., Okuno,T., Murakami,N., Yoshida,K., Sawada,A., Inoue,M., Kawa,K., Seto,M., Ohshima,K., Shiraishi,Y., Chiba,K., Tanaka,H., Miyano,S., Narita,Y., Yoshida,M., Goshima,F., Kawada,J.I., Nishida,T., Kiyoi,H., Kato,S., Nakamura,S., Morishima,S., Yoshikawa,T., Fujiwara,S., Shimizu,N., Isobe,Y., Noguchi,M., Kikuta,A., Iwatsuki,K., Takahashi,Y., Kojima,S., Ogawa,S., Kimura,H.",2013
AP019089.1,SAMD00141560,Human gammaherpesvirus 4,Lymphocryptovirus humangamma4,,,"Human gammaherpesvirus 4 UPN20_PBMC DNA, nearly complete genome",160834,complete,Japan,Japan,Homo sapiens,"Okuno,Y., Murata,T., Sato,Y., Muramatsu,H., Ito,Y., Watanabe,T., Okuno,T., Murakami,N., Yoshida,K., Sawada,A., Inoue,M., Kawa,K., Seto,M., Ohshima,K., Shiraishi,Y., Chiba,K., Tanaka,H., Miyano,S., Narita,Y., Yoshida,M., Goshima,F., Kawada,J.I., Nishida,T., Kiyoi,H., Kato,S., Nakamura,S., Morishima,S., Yoshikawa,T., Fujiwara,S., Shimizu,N., Isobe,Y., Noguchi,M., Kikuta,A., Iwatsuki,K., Takahashi,Y., Kojima,S., Ogawa,S., Kimura,H.",2013
AP019090.1,SAMD00141561,Human gammaherpesvirus 4,Lymphocryptovirus humangamma4,,,"Human gammaherpesvirus 4 UPN21_PBMC DNA, nearly complete genome",168174,complete,Japan,Japan,Homo sapiens,"Okuno,Y., Murata,T., Sato,Y., Muramatsu,H., Ito,Y., Watanabe,T., Okuno,T., Murakami,N., Yoshida,K., Sawada,A., Inoue,M., Kawa,K., Seto,M., Ohshima,K., Shiraishi,Y., Chiba,K., Tanaka,H., Miyano,S., Narita,Y., Yoshida,M., Goshima,F., Kawada,J.I., Nishida,T., Kiyoi,H., Kato,S., Nakamura,S., Morishima,S., Yoshikawa,T., Fujiwara,S., Shimizu,N., Isobe,Y., Noguchi,M., Kikuta,A., Iwatsuki,K., Takahashi,Y., Kojima,S., Ogawa,S., Kimura,H.",2013
AP019091.1,SAMD00141562,Human gammaherpesvirus 4,Lymphocryptovirus humangamma4,,,"Human gammaherpesvirus 4 UPN22_PBMC DNA, nearly complete genome",168799,complete,Japan,Japan,Homo sapiens,"Okuno,Y., Murata,T., Sato,Y., Muramatsu,H., Ito,Y., Watanabe,T., Okuno,T., Murakami,N., Yoshida,K., Sawada,A., Inoue,M., Kawa,K., Seto,M., Ohshima,K., Shiraishi,Y., Chiba,K., Tanaka,H., Miyano,S., Narita,Y., Yoshida,M., Goshima,F., Kawada,J.I., Nishida,T., Kiyoi,H., Kato,S., Nakamura,S., Morishima,S., Yoshikawa,T., Fujiwara,S., Shimizu,N., Isobe,Y., Noguchi,M., Kikuta,A., Iwatsuki,K., Takahashi,Y., Kojima,S., Ogawa,S., Kimura,H.",2013
AP019092.1,SAMD00141563,Human gammaherpesvirus 4,Lymphocryptovirus humangamma4,,,"Human gammaherpesvirus 4 UPN23_PBMC DNA, nearly complete genome",157411,complete,Japan,Japan,Homo sapiens,"Okuno,Y., Murata,T., Sato,Y., Muramatsu,H., Ito,Y., Watanabe,T., Okuno,T., Murakami,N., Yoshida,K., Sawada,A., Inoue,M., Kawa,K., Seto,M., Ohshima,K., Shiraishi,Y., Chiba,K., Tanaka,H., Miyano,S., Narita,Y., Yoshida,M., Goshima,F., Kawada,J.I., Nishida,T., Kiyoi,H., Kato,S., Nakamura,S., Morishima,S., Yoshikawa,T., Fujiwara,S., Shimizu,N., Isobe,Y., Noguchi,M., Kikuta,A., Iwatsuki,K., Takahashi,Y., Kojima,S., Ogawa,S., Kimura,H.",2013
AP019093.1,SAMD00141564,Human gammaherpesvirus 4,Lymphocryptovirus humangamma4,,,"Human gammaherpesvirus 4 UPN2329_PBMC DNA, nearly complete genome",146916,complete,Japan,Japan,Homo sapiens,"Okuno,Y., Murata,T., Sato,Y., Muramatsu,H., Ito,Y., Watanabe,T., Okuno,T., Murakami,N., Yoshida,K., Sawada,A., Inoue,M., Kawa,K., Seto,M., Ohshima,K., Shiraishi,Y., Chiba,K., Tanaka,H., Miyano,S., Narita,Y., Yoshida,M., Goshima,F., Kawada,J.I., Nishida,T., Kiyoi,H., Kato,S., Nakamura,S., Morishima,S., Yoshikawa,T., Fujiwara,S., Shimizu,N., Isobe,Y., Noguchi,M., Kikuta,A., Iwatsuki,K., Takahashi,Y., Kojima,S., Ogawa,S., Kimura,H.",2013
AP019094.1,SAMD00141565,Human gammaherpesvirus 4,Lymphocryptovirus humangamma4,,,"Human gammaherpesvirus 4 UPN24_PBMC DNA, nearly complete genome",150158,complete,Japan,Japan,Homo sapiens,"Okuno,Y., Murata,T., Sato,Y., Muramatsu,H., Ito,Y., Watanabe,T., Okuno,T., Murakami,N., Yoshida,K., Sawada,A., Inoue,M., Kawa,K., Seto,M., Ohshima,K., Shiraishi,Y., Chiba,K., Tanaka,H., Miyano,S., Narita,Y., Yoshida,M., Goshima,F., Kawada,J.I., Nishida,T., Kiyoi,H., Kato,S., Nakamura,S., Morishima,S., Yoshikawa,T., Fujiwara,S., Shimizu,N., Isobe,Y., Noguchi,M., Kikuta,A., Iwatsuki,K., Takahashi,Y., Kojima,S., Ogawa,S., Kimura,H.",2013
AP019095.1,SAMD00141566,Human gammaherpesvirus 4,Lymphocryptovirus humangamma4,,,"Human gammaherpesvirus 4 UPN25_PBMC DNA, nearly complete genome",157561,complete,Japan,Japan,Homo sapiens,"Okuno,Y., Murata,T., Sato,Y., Muramatsu,H., Ito,Y., Watanabe,T., Okuno,T., Murakami,N., Yoshida,K., Sawada,A., Inoue,M., Kawa,K., Seto,M., Ohshima,K., Shiraishi,Y., Chiba,K., Tanaka,H., Miyano,S., Narita,Y., Yoshida,M., Goshima,F., Kawada,J.I., Nishida,T., Kiyoi,H., Kato,S., Nakamura,S., Morishima,S., Yoshikawa,T., Fujiwara,S., Shimizu,N., Isobe,Y., Noguchi,M., Kikuta,A., Iwatsuki,K., Takahashi,Y., Kojima,S., Ogawa,S., Kimura,H.",2013
AP019096.1,SAMD00141567,Human gammaherpesvirus 4,Lymphocryptovirus humangamma4,,,"Human gammaherpesvirus 4 UPN251_PBMC DNA, complete genome",171393,complete,Japan,Japan,Homo sapiens,"Okuno,Y., Murata,T., Sato,Y., Muramatsu,H., Ito,Y., Watanabe,T., Okuno,T., Murakami,N., Yoshida,K., Sawada,A., Inoue,M., Kawa,K., Seto,M., Ohshima,K., Shiraishi,Y., Chiba,K., Tanaka,H., Miyano,S., Narita,Y., Yoshida,M., Goshima,F., Kawada,J.I., Nishida,T., Kiyoi,H., Kato,S., Nakamura,S., Morishima,S., Yoshikawa,T., Fujiwara,S., Shimizu,N., Isobe,Y., Noguchi,M., Kikuta,A., Iwatsuki,K., Takahashi,Y., Kojima,S., Ogawa,S., Kimura,H.",2013
AP019097.1,SAMD00141568,Human gammaherpesvirus 4,Lymphocryptovirus humangamma4,,,"Human gammaherpesvirus 4 UPN252_PBMC DNA, nearly complete genome",170264,complete,Japan,Japan,Homo sapiens,"Okuno,Y., Murata,T., Sato,Y., Muramatsu,H., Ito,Y., Watanabe,T., Okuno,T., Murakami,N., Yoshida,K., Sawada,A., Inoue,M., Kawa,K., Seto,M., Ohshima,K., Shiraishi,Y., Chiba,K., Tanaka,H., Miyano,S., Narita,Y., Yoshida,M., Goshima,F., Kawada,J.I., Nishida,T., Kiyoi,H., Kato,S., Nakamura,S., Morishima,S., Yoshikawa,T., Fujiwara,S., Shimizu,N., Isobe,Y., Noguchi,M., Kikuta,A., Iwatsuki,K., Takahashi,Y., Kojima,S., Ogawa,S., Kimura,H.",2013
AP019098.1,SAMD00141569,Human gammaherpesvirus 4,Lymphocryptovirus humangamma4,,,"Human gammaherpesvirus 4 UPN253_PBMC DNA, nearly complete genome",169847,complete,Japan,Japan,Homo sapiens,"Okuno,Y., Murata,T., Sato,Y., Muramatsu,H., Ito,Y., Watanabe,T., Okuno,T., Murakami,N., Yoshida,K., Sawada,A., Inoue,M., Kawa,K., Seto,M., Ohshima,K., Shiraishi,Y., Chiba,K., Tanaka,H., Miyano,S., Narita,Y., Yoshida,M., Goshima,F., Kawada,J.I., Nishida,T., Kiyoi,H., Kato,S., Nakamura,S., Morishima,S., Yoshikawa,T., Fujiwara,S., Shimizu,N., Isobe,Y., Noguchi,M., Kikuta,A., Iwatsuki,K., Takahashi,Y., Kojima,S., Ogawa,S., Kimura,H.",2013
AP019099.1,SAMD00141570,Human gammaherpesvirus 4,Lymphocryptovirus humangamma4,,,"Human gammaherpesvirus 4 UPN254_PBMC DNA, nearly complete genome",165657,complete,Japan,Japan,Homo sapiens,"Okuno,Y., Murata,T., Sato,Y., Muramatsu,H., Ito,Y., Watanabe,T., Okuno,T., Murakami,N., Yoshida,K., Sawada,A., Inoue,M., Kawa,K., Seto,M., Ohshima,K., Shiraishi,Y., Chiba,K., Tanaka,H., Miyano,S., Narita,Y., Yoshida,M., Goshima,F., Kawada,J.I., Nishida,T., Kiyoi,H., Kato,S., Nakamura,S., Morishima,S., Yoshikawa,T., Fujiwara,S., Shimizu,N., Isobe,Y., Noguchi,M., Kikuta,A., Iwatsuki,K., Takahashi,Y., Kojima,S., Ogawa,S., Kimura,H.",2013
AP019100.1,SAMD00141571,Human gammaherpesvirus 4,Lymphocryptovirus humangamma4,,,"Human gammaherpesvirus 4 UPN255_PBMC DNA, nearly complete genome",170252,complete,Japan,Japan,Homo sapiens,"Okuno,Y., Murata,T., Sato,Y., Muramatsu,H., Ito,Y., Watanabe,T., Okuno,T., Murakami,N., Yoshida,K., Sawada,A., Inoue,M., Kawa,K., Seto,M., Ohshima,K., Shiraishi,Y., Chiba,K., Tanaka,H., Miyano,S., Narita,Y., Yoshida,M., Goshima,F., Kawada,J.I., Nishida,T., Kiyoi,H., Kato,S., Nakamura,S., Morishima,S., Yoshikawa,T., Fujiwara,S., Shimizu,N., Isobe,Y., Noguchi,M., Kikuta,A., Iwatsuki,K., Takahashi,Y., Kojima,S., Ogawa,S., Kimura,H.",2013
AP019101.1,SAMD00141572,Human gammaherpesvirus 4,Lymphocryptovirus humangamma4,,,"Human gammaherpesvirus 4 UPN256_PBMC DNA, nearly complete genome",151556,complete,Japan,Japan,Homo sapiens,"Okuno,Y., Murata,T., Sato,Y., Muramatsu,H., Ito,Y., Watanabe,T., Okuno,T., Murakami,N., Yoshida,K., Sawada,A., Inoue,M., Kawa,K., Seto,M., Ohshima,K., Shiraishi,Y., Chiba,K., Tanaka,H., Miyano,S., Narita,Y., Yoshida,M., Goshima,F., Kawada,J.I., Nishida,T., Kiyoi,H., Kato,S., Nakamura,S., Morishima,S., Yoshikawa,T., Fujiwara,S., Shimizu,N., Isobe,Y., Noguchi,M., Kikuta,A., Iwatsuki,K., Takahashi,Y., Kojima,S., Ogawa,S., Kimura,H.",2013
AP019102.1,SAMD00141573,Human gammaherpesvirus 4,Lymphocryptovirus humangamma4,,,"Human gammaherpesvirus 4 UPN257_PBMC DNA, complete genome",167726,complete,Japan,Japan,Homo sapiens,"Okuno,Y., Murata,T., Sato,Y., Muramatsu,H., Ito,Y., Watanabe,T., Okuno,T., Murakami,N., Yoshida,K., Sawada,A., Inoue,M., Kawa,K., Seto,M., Ohshima,K., Shiraishi,Y., Chiba,K., Tanaka,H., Miyano,S., Narita,Y., Yoshida,M., Goshima,F., Kawada,J.I., Nishida,T., Kiyoi,H., Kato,S., Nakamura,S., Morishima,S., Yoshikawa,T., Fujiwara,S., Shimizu,N., Isobe,Y., Noguchi,M., Kikuta,A., Iwatsuki,K., Takahashi,Y., Kojima,S., Ogawa,S., Kimura,H.",2013
AP019103.1,SAMD00141574,Human gammaherpesvirus 4,Lymphocryptovirus humangamma4,,,"Human gammaherpesvirus 4 UPN258_PBMC DNA, nearly complete genome",169681,complete,Japan,Japan,Homo sapiens,"Okuno,Y., Murata,T., Sato,Y., Muramatsu,H., Ito,Y., Watanabe,T., Okuno,T., Murakami,N., Yoshida,K., Sawada,A., Inoue,M., Kawa,K., Seto,M., Ohshima,K., Shiraishi,Y., Chiba,K., Tanaka,H., Miyano,S., Narita,Y., Yoshida,M., Goshima,F., Kawada,J.I., Nishida,T., Kiyoi,H., Kato,S., Nakamura,S., Morishima,S., Yoshikawa,T., Fujiwara,S., Shimizu,N., Isobe,Y., Noguchi,M., Kikuta,A., Iwatsuki,K., Takahashi,Y., Kojima,S., Ogawa,S., Kimura,H.",2013
AP019104.1,SAMD00141575,Human gammaherpesvirus 4,Lymphocryptovirus humangamma4,,,"Human gammaherpesvirus 4 UPN259_PBMC DNA, nearly complete genome",170123,complete,Japan,Japan,Homo sapiens,"Okuno,Y., Murata,T., Sato,Y., Muramatsu,H., Ito,Y., Watanabe,T., Okuno,T., Murakami,N., Yoshida,K., Sawada,A., Inoue,M., Kawa,K., Seto,M., Ohshima,K., Shiraishi,Y., Chiba,K., Tanaka,H., Miyano,S., Narita,Y., Yoshida,M., Goshima,F., Kawada,J.I., Nishida,T., Kiyoi,H., Kato,S., Nakamura,S., Morishima,S., Yoshikawa,T., Fujiwara,S., Shimizu,N., Isobe,Y., Noguchi,M., Kikuta,A., Iwatsuki,K., Takahashi,Y., Kojima,S., Ogawa,S., Kimura,H.",2013
AP019105.1,SAMD00141576,Human gammaherpesvirus 4,Lymphocryptovirus humangamma4,,,"Human gammaherpesvirus 4 UPN26_PBMC DNA, nearly complete genome",165624,complete,Japan,Japan,Homo sapiens,"Okuno,Y., Murata,T., Sato,Y., Muramatsu,H., Ito,Y., Watanabe,T., Okuno,T., Murakami,N., Yoshida,K., Sawada,A., Inoue,M., Kawa,K., Seto,M., Ohshima,K., Shiraishi,Y., Chiba,K., Tanaka,H., Miyano,S., Narita,Y., Yoshida,M., Goshima,F., Kawada,J.I., Nishida,T., Kiyoi,H., Kato,S., Nakamura,S., Morishima,S., Yoshikawa,T., Fujiwara,S., Shimizu,N., Isobe,Y., Noguchi,M., Kikuta,A., Iwatsuki,K., Takahashi,Y., Kojima,S., Ogawa,S., Kimura,H.",2013
AP019106.1,SAMD00141577,Human gammaherpesvirus 4,Lymphocryptovirus humangamma4,,,"Human gammaherpesvirus 4 UPN260_PBMC DNA, nearly complete genome",170550,complete,Japan,Japan,Homo sapiens,"Okuno,Y., Murata,T., Sato,Y., Muramatsu,H., Ito,Y., Watanabe,T., Okuno,T., Murakami,N., Yoshida,K., Sawada,A., Inoue,M., Kawa,K., Seto,M., Ohshima,K., Shiraishi,Y., Chiba,K., Tanaka,H., Miyano,S., Narita,Y., Yoshida,M., Goshima,F., Kawada,J.I., Nishida,T., Kiyoi,H., Kato,S., Nakamura,S., Morishima,S., Yoshikawa,T., Fujiwara,S., Shimizu,N., Isobe,Y., Noguchi,M., Kikuta,A., Iwatsuki,K., Takahashi,Y., Kojima,S., Ogawa,S., Kimura,H.",2013
AP019107.1,SAMD00141578,Human gammaherpesvirus 4,Lymphocryptovirus humangamma4,,,"Human gammaherpesvirus 4 UPN261_PBMC DNA, nearly complete genome",169848,complete,Japan,Japan,Homo sapiens,"Okuno,Y., Murata,T., Sato,Y., Muramatsu,H., Ito,Y., Watanabe,T., Okuno,T., Murakami,N., Yoshida,K., Sawada,A., Inoue,M., Kawa,K., Seto,M., Ohshima,K., Shiraishi,Y., Chiba,K., Tanaka,H., Miyano,S., Narita,Y., Yoshida,M., Goshima,F., Kawada,J.I., Nishida,T., Kiyoi,H., Kato,S., Nakamura,S., Morishima,S., Yoshikawa,T., Fujiwara,S., Shimizu,N., Isobe,Y., Noguchi,M., Kikuta,A., Iwatsuki,K., Takahashi,Y., Kojima,S., Ogawa,S., Kimura,H.",2013
AP019108.1,SAMD00141579,Human gammaherpesvirus 4,Lymphocryptovirus humangamma4,,,"Human gammaherpesvirus 4 UPN262_PBMC DNA, nearly complete genome",170668,complete,Japan,Japan,Homo sapiens,"Okuno,Y., Murata,T., Sato,Y., Muramatsu,H., Ito,Y., Watanabe,T., Okuno,T., Murakami,N., Yoshida,K., Sawada,A., Inoue,M., Kawa,K., Seto,M., Ohshima,K., Shiraishi,Y., Chiba,K., Tanaka,H., Miyano,S., Narita,Y., Yoshida,M., Goshima,F., Kawada,J.I., Nishida,T., Kiyoi,H., Kato,S., Nakamura,S., Morishima,S., Yoshikawa,T., Fujiwara,S., Shimizu,N., Isobe,Y., Noguchi,M., Kikuta,A., Iwatsuki,K., Takahashi,Y., Kojima,S., Ogawa,S., Kimura,H.",2013
AP019109.1,SAMD00141580,Human gammaherpesvirus 4,Lymphocryptovirus humangamma4,,,"Human gammaherpesvirus 4 UPN263_PBMC DNA, nearly complete genome",168703,complete,Japan,Japan,Homo sapiens,"Okuno,Y., Murata,T., Sato,Y., Muramatsu,H., Ito,Y., Watanabe,T., Okuno,T., Murakami,N., Yoshida,K., Sawada,A., Inoue,M., Kawa,K., Seto,M., Ohshima,K., Shiraishi,Y., Chiba,K., Tanaka,H., Miyano,S., Narita,Y., Yoshida,M., Goshima,F., Kawada,J.I., Nishida,T., Kiyoi,H., Kato,S., Nakamura,S., Morishima,S., Yoshikawa,T., Fujiwara,S., Shimizu,N., Isobe,Y., Noguchi,M., Kikuta,A., Iwatsuki,K., Takahashi,Y., Kojima,S., Ogawa,S., Kimura,H.",2013
AP019110.1,SAMD00141581,Human gammaherpesvirus 4,Lymphocryptovirus humangamma4,,,"Human gammaherpesvirus 4 UPN264_PBMC DNA, nearly complete genome",167708,complete,Japan,Japan,Homo sapiens,"Okuno,Y., Murata,T., Sato,Y., Muramatsu,H., Ito,Y., Watanabe,T., Okuno,T., Murakami,N., Yoshida,K., Sawada,A., Inoue,M., Kawa,K., Seto,M., Ohshima,K., Shiraishi,Y., Chiba,K., Tanaka,H., Miyano,S., Narita,Y., Yoshida,M., Goshima,F., Kawada,J.I., Nishida,T., Kiyoi,H., Kato,S., Nakamura,S., Morishima,S., Yoshikawa,T., Fujiwara,S., Shimizu,N., Isobe,Y., Noguchi,M., Kikuta,A., Iwatsuki,K., Takahashi,Y., Kojima,S., Ogawa,S., Kimura,H.",2013
AP019111.1,SAMD00141582,Human gammaherpesvirus 4,Lymphocryptovirus humangamma4,,,"Human gammaherpesvirus 4 UPN265_PBMC DNA, nearly complete genome",169524,complete,Japan,Japan,Homo sapiens,"Okuno,Y., Murata,T., Sato,Y., Muramatsu,H., Ito,Y., Watanabe,T., Okuno,T., Murakami,N., Yoshida,K., Sawada,A., Inoue,M., Kawa,K., Seto,M., Ohshima,K., Shiraishi,Y., Chiba,K., Tanaka,H., Miyano,S., Narita,Y., Yoshida,M., Goshima,F., Kawada,J.I., Nishida,T., Kiyoi,H., Kato,S., Nakamura,S., Morishima,S., Yoshikawa,T., Fujiwara,S., Shimizu,N., Isobe,Y., Noguchi,M., Kikuta,A., Iwatsuki,K., Takahashi,Y., Kojima,S., Ogawa,S., Kimura,H.",2013
AP019112.1,SAMD00141583,Human gammaherpesvirus 4,Lymphocryptovirus humangamma4,,,"Human gammaherpesvirus 4 UPN2654_PBMC DNA, complete genome",144923,complete,Japan,Japan,Homo sapiens,"Okuno,Y., Murata,T., Sato,Y., Muramatsu,H., Ito,Y., Watanabe,T., Okuno,T., Murakami,N., Yoshida,K., Sawada,A., Inoue,M., Kawa,K., Seto,M., Ohshima,K., Shiraishi,Y., Chiba,K., Tanaka,H., Miyano,S., Narita,Y., Yoshida,M., Goshima,F., Kawada,J.I., Nishida,T., Kiyoi,H., Kato,S., Nakamura,S., Morishima,S., Yoshikawa,T., Fujiwara,S., Shimizu,N., Isobe,Y., Noguchi,M., Kikuta,A., Iwatsuki,K., Takahashi,Y., Kojima,S., Ogawa,S., Kimura,H.",2013
AP019113.1,SAMD00141584,Human gammaherpesvirus 4,Lymphocryptovirus humangamma4,,,"Human gammaherpesvirus 4 UPN266_PBMC DNA, nearly complete genome",170486,complete,Japan,Japan,Homo sapiens,"Okuno,Y., Murata,T., Sato,Y., Muramatsu,H., Ito,Y., Watanabe,T., Okuno,T., Murakami,N., Yoshida,K., Sawada,A., Inoue,M., Kawa,K., Seto,M., Ohshima,K., Shiraishi,Y., Chiba,K., Tanaka,H., Miyano,S., Narita,Y., Yoshida,M., Goshima,F., Kawada,J.I., Nishida,T., Kiyoi,H., Kato,S., Nakamura,S., Morishima,S., Yoshikawa,T., Fujiwara,S., Shimizu,N., Isobe,Y., Noguchi,M., Kikuta,A., Iwatsuki,K., Takahashi,Y., Kojima,S., Ogawa,S., Kimura,H.",2013
AP019114.1,SAMD00141585,Human gammaherpesvirus 4,Lymphocryptovirus humangamma4,,,"Human gammaherpesvirus 4 UPN267_PBMC DNA, complete genome",171371,complete,Japan,Japan,Homo sapiens,"Okuno,Y., Murata,T., Sato,Y., Muramatsu,H., Ito,Y., Watanabe,T., Okuno,T., Murakami,N., Yoshida,K., Sawada,A., Inoue,M., Kawa,K., Seto,M., Ohshima,K., Shiraishi,Y., Chiba,K., Tanaka,H., Miyano,S., Narita,Y., Yoshida,M., Goshima,F., Kawada,J.I., Nishida,T., Kiyoi,H., Kato,S., Nakamura,S., Morishima,S., Yoshikawa,T., Fujiwara,S., Shimizu,N., Isobe,Y., Noguchi,M., Kikuta,A., Iwatsuki,K., Takahashi,Y., Kojima,S., Ogawa,S., Kimura,H.",2013
AP019115.1,SAMD00141586,Human gammaherpesvirus 4,Lymphocryptovirus humangamma4,,,"Human gammaherpesvirus 4 UPN27_PBMC DNA, nearly complete genome",157919,complete,Japan,Japan,Homo sapiens,"Okuno,Y., Murata,T., Sato,Y., Muramatsu,H., Ito,Y., Watanabe,T., Okuno,T., Murakami,N., Yoshida,K., Sawada,A., Inoue,M., Kawa,K., Seto,M., Ohshima,K., Shiraishi,Y., Chiba,K., Tanaka,H., Miyano,S., Narita,Y., Yoshida,M., Goshima,F., Kawada,J.I., Nishida,T., Kiyoi,H., Kato,S., Nakamura,S., Morishima,S., Yoshikawa,T., Fujiwara,S., Shimizu,N., Isobe,Y., Noguchi,M., Kikuta,A., Iwatsuki,K., Takahashi,Y., Kojima,S., Ogawa,S., Kimura,H.",2013
AP019116.1,SAMD00141587,Human gammaherpesvirus 4,Lymphocryptovirus humangamma4,,,"Human gammaherpesvirus 4 UPN2723_PBMC DNA, nearly complete genome",119450,complete,Japan,Japan,Homo sapiens,"Okuno,Y., Murata,T., Sato,Y., Muramatsu,H., Ito,Y., Watanabe,T., Okuno,T., Murakami,N., Yoshida,K., Sawada,A., Inoue,M., Kawa,K., Seto,M., Ohshima,K., Shiraishi,Y., Chiba,K., Tanaka,H., Miyano,S., Narita,Y., Yoshida,M., Goshima,F., Kawada,J.I., Nishida,T., Kiyoi,H., Kato,S., Nakamura,S., Morishima,S., Yoshikawa,T., Fujiwara,S., Shimizu,N., Isobe,Y., Noguchi,M., Kikuta,A., Iwatsuki,K., Takahashi,Y., Kojima,S., Ogawa,S., Kimura,H.",2013
AP019117.1,SAMD00141588,Human gammaherpesvirus 4,Lymphocryptovirus humangamma4,,,"Human gammaherpesvirus 4 UPN28_PBMC DNA, nearly complete genome",160539,complete,Japan,Japan,Homo sapiens,"Okuno,Y., Murata,T., Sato,Y., Muramatsu,H., Ito,Y., Watanabe,T., Okuno,T., Murakami,N., Yoshida,K., Sawada,A., Inoue,M., Kawa,K., Seto,M., Ohshima,K., Shiraishi,Y., Chiba,K., Tanaka,H., Miyano,S., Narita,Y., Yoshida,M., Goshima,F., Kawada,J.I., Nishida,T., Kiyoi,H., Kato,S., Nakamura,S., Morishima,S., Yoshikawa,T., Fujiwara,S., Shimizu,N., Isobe,Y., Noguchi,M., Kikuta,A., Iwatsuki,K., Takahashi,Y., Kojima,S., Ogawa,S., Kimura,H.",2013
AP019118.1,SAMD00141589,Human gammaherpesvirus 4,Lymphocryptovirus humangamma4,,,"Human gammaherpesvirus 4 UPN301_CD56+ DNA, nearly complete genome",170618,complete,Japan,Japan,Homo sapiens,"Okuno,Y., Murata,T., Sato,Y., Muramatsu,H., Ito,Y., Watanabe,T., Okuno,T., Murakami,N., Yoshida,K., Sawada,A., Inoue,M., Kawa,K., Seto,M., Ohshima,K., Shiraishi,Y., Chiba,K., Tanaka,H., Miyano,S., Narita,Y., Yoshida,M., Goshima,F., Kawada,J.I., Nishida,T., Kiyoi,H., Kato,S., Nakamura,S., Morishima,S., Yoshikawa,T., Fujiwara,S., Shimizu,N., Isobe,Y., Noguchi,M., Kikuta,A., Iwatsuki,K., Takahashi,Y., Kojima,S., Ogawa,S., Kimura,H.",2013
AP019119.1,SAMD00141590,Human gammaherpesvirus 4,Lymphocryptovirus humangamma4,,,"Human gammaherpesvirus 4 UPN303_CD56+ DNA, nearly complete genome",165378,complete,Japan,Japan,Homo sapiens,"Okuno,Y., Murata,T., Sato,Y., Muramatsu,H., Ito,Y., Watanabe,T., Okuno,T., Murakami,N., Yoshida,K., Sawada,A., Inoue,M., Kawa,K., Seto,M., Ohshima,K., Shiraishi,Y., Chiba,K., Tanaka,H., Miyano,S., Narita,Y., Yoshida,M., Goshima,F., Kawada,J.I., Nishida,T., Kiyoi,H., Kato,S., Nakamura,S., Morishima,S., Yoshikawa,T., Fujiwara,S., Shimizu,N., Isobe,Y., Noguchi,M., Kikuta,A., Iwatsuki,K., Takahashi,Y., Kojima,S., Ogawa,S., Kimura,H.",2013
AP019120.1,SAMD00141591,Human gammaherpesvirus 4,Lymphocryptovirus humangamma4,,,"Human gammaherpesvirus 4 UPN306_CD56+ DNA, nearly complete genome",170335,complete,Japan,Japan,Homo sapiens,"Okuno,Y., Murata,T., Sato,Y., Muramatsu,H., Ito,Y., Watanabe,T., Okuno,T., Murakami,N., Yoshida,K., Sawada,A., Inoue,M., Kawa,K., Seto,M., Ohshima,K., Shiraishi,Y., Chiba,K., Tanaka,H., Miyano,S., Narita,Y., Yoshida,M., Goshima,F., Kawada,J.I., Nishida,T., Kiyoi,H., Kato,S., Nakamura,S., Morishima,S., Yoshikawa,T., Fujiwara,S., Shimizu,N., Isobe,Y., Noguchi,M., Kikuta,A., Iwatsuki,K., Takahashi,Y., Kojima,S., Ogawa,S., Kimura,H.",2013
AP019121.1,SAMD00141592,Human gammaherpesvirus 4,Lymphocryptovirus humangamma4,,,"Human gammaherpesvirus 4 UPN3065_PBMC DNA, nearly complete genome",171220,complete,Japan,Japan,Homo sapiens,"Okuno,Y., Murata,T., Sato,Y., Muramatsu,H., Ito,Y., Watanabe,T., Okuno,T., Murakami,N., Yoshida,K., Sawada,A., Inoue,M., Kawa,K., Seto,M., Ohshima,K., Shiraishi,Y., Chiba,K., Tanaka,H., Miyano,S., Narita,Y., Yoshida,M., Goshima,F., Kawada,J.I., Nishida,T., Kiyoi,H., Kato,S., Nakamura,S., Morishima,S., Yoshikawa,T., Fujiwara,S., Shimizu,N., Isobe,Y., Noguchi,M., Kikuta,A., Iwatsuki,K., Takahashi,Y., Kojima,S., Ogawa,S., Kimura,H.",2013
AP019122.1,SAMD00141593,Human gammaherpesvirus 4,Lymphocryptovirus humangamma4,,,"Human gammaherpesvirus 4 UPN307_CD56+ DNA, nearly complete genome",170406,complete,Japan,Japan,Homo sapiens,"Okuno,Y., Murata,T., Sato,Y., Muramatsu,H., Ito,Y., Watanabe,T., Okuno,T., Murakami,N., Yoshida,K., Sawada,A., Inoue,M., Kawa,K., Seto,M., Ohshima,K., Shiraishi,Y., Chiba,K., Tanaka,H., Miyano,S., Narita,Y., Yoshida,M., Goshima,F., Kawada,J.I., Nishida,T., Kiyoi,H., Kato,S., Nakamura,S., Morishima,S., Yoshikawa,T., Fujiwara,S., Shimizu,N., Isobe,Y., Noguchi,M., Kikuta,A., Iwatsuki,K., Takahashi,Y., Kojima,S., Ogawa,S., Kimura,H.",2013
AP019123.1,SAMD00141594,Human gammaherpesvirus 4,Lymphocryptovirus humangamma4,,,"Human gammaherpesvirus 4 UPN310_CD56+ DNA, nearly complete genome",170403,complete,Japan,Japan,Homo sapiens,"Okuno,Y., Murata,T., Sato,Y., Muramatsu,H., Ito,Y., Watanabe,T., Okuno,T., Murakami,N., Yoshida,K., Sawada,A., Inoue,M., Kawa,K., Seto,M., Ohshima,K., Shiraishi,Y., Chiba,K., Tanaka,H., Miyano,S., Narita,Y., Yoshida,M., Goshima,F., Kawada,J.I., Nishida,T., Kiyoi,H., Kato,S., Nakamura,S., Morishima,S., Yoshikawa,T., Fujiwara,S., Shimizu,N., Isobe,Y., Noguchi,M., Kikuta,A., Iwatsuki,K., Takahashi,Y., Kojima,S., Ogawa,S., Kimura,H.",2013
AP019124.1,SAMD00141595,Human gammaherpesvirus 4,Lymphocryptovirus humangamma4,,,"Human gammaherpesvirus 4 UPN311_CD56+ DNA, nearly complete genome",169273,complete,Japan,Japan,Homo sapiens,"Okuno,Y., Murata,T., Sato,Y., Muramatsu,H., Ito,Y., Watanabe,T., Okuno,T., Murakami,N., Yoshida,K., Sawada,A., Inoue,M., Kawa,K., Seto,M., Ohshima,K., Shiraishi,Y., Chiba,K., Tanaka,H., Miyano,S., Narita,Y., Yoshida,M., Goshima,F., Kawada,J.I., Nishida,T., Kiyoi,H., Kato,S., Nakamura,S., Morishima,S., Yoshikawa,T., Fujiwara,S., Shimizu,N., Isobe,Y., Noguchi,M., Kikuta,A., Iwatsuki,K., Takahashi,Y., Kojima,S., Ogawa,S., Kimura,H.",2013
AP019125.1,SAMD00141596,Human gammaherpesvirus 4,Lymphocryptovirus humangamma4,,,"Human gammaherpesvirus 4 UPN3198_PBMC DNA, nearly complete genome",170929,complete,Japan,Japan,Homo sapiens,"Okuno,Y., Murata,T., Sato,Y., Muramatsu,H., Ito,Y., Watanabe,T., Okuno,T., Murakami,N., Yoshida,K., Sawada,A., Inoue,M., Kawa,K., Seto,M., Ohshima,K., Shiraishi,Y., Chiba,K., Tanaka,H., Miyano,S., Narita,Y., Yoshida,M., Goshima,F., Kawada,J.I., Nishida,T., Kiyoi,H., Kato,S., Nakamura,S., Morishima,S., Yoshikawa,T., Fujiwara,S., Shimizu,N., Isobe,Y., Noguchi,M., Kikuta,A., Iwatsuki,K., Takahashi,Y., Kojima,S., Ogawa,S., Kimura,H.",2013
AP019126.1,SAMD00141597,Human gammaherpesvirus 4,Lymphocryptovirus humangamma4,,,"Human gammaherpesvirus 4 UPN322_CD3+ DNA, nearly complete genome",166672,complete,Japan,Japan,Homo sapiens,"Okuno,Y., Murata,T., Sato,Y., Muramatsu,H., Ito,Y., Watanabe,T., Okuno,T., Murakami,N., Yoshida,K., Sawada,A., Inoue,M., Kawa,K., Seto,M., Ohshima,K., Shiraishi,Y., Chiba,K., Tanaka,H., Miyano,S., Narita,Y., Yoshida,M., Goshima,F., Kawada,J.I., Nishida,T., Kiyoi,H., Kato,S., Nakamura,S., Morishima,S., Yoshikawa,T., Fujiwara,S., Shimizu,N., Isobe,Y., Noguchi,M., Kikuta,A., Iwatsuki,K., Takahashi,Y., Kojima,S., Ogawa,S., Kimura,H.",2013
AP019127.1,SAMD00141598,Human gammaherpesvirus 4,Lymphocryptovirus humangamma4,,,"Human gammaherpesvirus 4 UPN322_CD56+ DNA, nearly complete genome",142196,complete,Japan,Japan,Homo sapiens,"Okuno,Y., Murata,T., Sato,Y., Muramatsu,H., Ito,Y., Watanabe,T., Okuno,T., Murakami,N., Yoshida,K., Sawada,A., Inoue,M., Kawa,K., Seto,M., Ohshima,K., Shiraishi,Y., Chiba,K., Tanaka,H., Miyano,S., Narita,Y., Yoshida,M., Goshima,F., Kawada,J.I., Nishida,T., Kiyoi,H., Kato,S., Nakamura,S., Morishima,S., Yoshikawa,T., Fujiwara,S., Shimizu,N., Isobe,Y., Noguchi,M., Kikuta,A., Iwatsuki,K., Takahashi,Y., Kojima,S., Ogawa,S., Kimura,H.",2013
AP019128.1,SAMD00141599,Human gammaherpesvirus 4,Lymphocryptovirus humangamma4,,,"Human gammaherpesvirus 4 UPN326_PBMC DNA, nearly complete genome",161419,complete,Japan,Japan,Homo sapiens,"Okuno,Y., Murata,T., Sato,Y., Muramatsu,H., Ito,Y., Watanabe,T., Okuno,T., Murakami,N., Yoshida,K., Sawada,A., Inoue,M., Kawa,K., Seto,M., Ohshima,K., Shiraishi,Y., Chiba,K., Tanaka,H., Miyano,S., Narita,Y., Yoshida,M., Goshima,F., Kawada,J.I., Nishida,T., Kiyoi,H., Kato,S., Nakamura,S., Morishima,S., Yoshikawa,T., Fujiwara,S., Shimizu,N., Isobe,Y., Noguchi,M., Kikuta,A., Iwatsuki,K., Takahashi,Y., Kojima,S., Ogawa,S., Kimura,H.",2013
AP019129.1,SAMD00141600,Human gammaherpesvirus 4,Lymphocryptovirus humangamma4,,,"Human gammaherpesvirus 4 UPN3300_PBMC DNA, nearly complete genome",171396,complete,Japan,Japan,Homo sapiens,"Okuno,Y., Murata,T., Sato,Y., Muramatsu,H., Ito,Y., Watanabe,T., Okuno,T., Murakami,N., Yoshida,K., Sawada,A., Inoue,M., Kawa,K., Seto,M., Ohshima,K., Shiraishi,Y., Chiba,K., Tanaka,H., Miyano,S., Narita,Y., Yoshida,M., Goshima,F., Kawada,J.I., Nishida,T., Kiyoi,H., Kato,S., Nakamura,S., Morishima,S., Yoshikawa,T., Fujiwara,S., Shimizu,N., Isobe,Y., Noguchi,M., Kikuta,A., Iwatsuki,K., Takahashi,Y., Kojima,S., Ogawa,S., Kimura,H.",2013
AP019130.1,SAMD00141601,Human gammaherpesvirus 4,Lymphocryptovirus humangamma4,,,"Human gammaherpesvirus 4 UPN3448_PBMC DNA, nearly complete genome",170727,complete,Japan,Japan,Homo sapiens,"Okuno,Y., Murata,T., Sato,Y., Muramatsu,H., Ito,Y., Watanabe,T., Okuno,T., Murakami,N., Yoshida,K., Sawada,A., Inoue,M., Kawa,K., Seto,M., Ohshima,K., Shiraishi,Y., Chiba,K., Tanaka,H., Miyano,S., Narita,Y., Yoshida,M., Goshima,F., Kawada,J.I., Nishida,T., Kiyoi,H., Kato,S., Nakamura,S., Morishima,S., Yoshikawa,T., Fujiwara,S., Shimizu,N., Isobe,Y., Noguchi,M., Kikuta,A., Iwatsuki,K., Takahashi,Y., Kojima,S., Ogawa,S., Kimura,H.",2013
AP019131.1,SAMD00141602,Human gammaherpesvirus 4,Lymphocryptovirus humangamma4,,,"Human gammaherpesvirus 4 UPN3621_PBMC DNA, nearly complete genome",170880,complete,Japan,Japan,Homo sapiens,"Okuno,Y., Murata,T., Sato,Y., Muramatsu,H., Ito,Y., Watanabe,T., Okuno,T., Murakami,N., Yoshida,K., Sawada,A., Inoue,M., Kawa,K., Seto,M., Ohshima,K., Shiraishi,Y., Chiba,K., Tanaka,H., Miyano,S., Narita,Y., Yoshida,M., Goshima,F., Kawada,J.I., Nishida,T., Kiyoi,H., Kato,S., Nakamura,S., Morishima,S., Yoshikawa,T., Fujiwara,S., Shimizu,N., Isobe,Y., Noguchi,M., Kikuta,A., Iwatsuki,K., Takahashi,Y., Kojima,S., Ogawa,S., Kimura,H.",2013
AP019132.1,SAMD00141603,Human gammaherpesvirus 4,Lymphocryptovirus humangamma4,,,"Human gammaherpesvirus 4 UPN365_CD3+ DNA, nearly complete genome",166541,complete,Japan,Japan,Homo sapiens,"Okuno,Y., Murata,T., Sato,Y., Muramatsu,H., Ito,Y., Watanabe,T., Okuno,T., Murakami,N., Yoshida,K., Sawada,A., Inoue,M., Kawa,K., Seto,M., Ohshima,K., Shiraishi,Y., Chiba,K., Tanaka,H., Miyano,S., Narita,Y., Yoshida,M., Goshima,F., Kawada,J.I., Nishida,T., Kiyoi,H., Kato,S., Nakamura,S., Morishima,S., Yoshikawa,T., Fujiwara,S., Shimizu,N., Isobe,Y., Noguchi,M., Kikuta,A., Iwatsuki,K., Takahashi,Y., Kojima,S., Ogawa,S., Kimura,H.",2013
AP019133.1,SAMD00141604,Human gammaherpesvirus 4,Lymphocryptovirus humangamma4,,,"Human gammaherpesvirus 4 UPN365_CD56+ DNA, nearly complete genome",168469,complete,Japan,Japan,Homo sapiens,"Okuno,Y., Murata,T., Sato,Y., Muramatsu,H., Ito,Y., Watanabe,T., Okuno,T., Murakami,N., Yoshida,K., Sawada,A., Inoue,M., Kawa,K., Seto,M., Ohshima,K., Shiraishi,Y., Chiba,K., Tanaka,H., Miyano,S., Narita,Y., Yoshida,M., Goshima,F., Kawada,J.I., Nishida,T., Kiyoi,H., Kato,S., Nakamura,S., Morishima,S., Yoshikawa,T., Fujiwara,S., Shimizu,N., Isobe,Y., Noguchi,M., Kikuta,A., Iwatsuki,K., Takahashi,Y., Kojima,S., Ogawa,S., Kimura,H.",2013
AP019134.1,SAMD00141605,Human gammaherpesvirus 4,Lymphocryptovirus humangamma4,,,"Human gammaherpesvirus 4 UPN366_CD3+ DNA, nearly complete genome",170165,complete,Japan,Japan,Homo sapiens,"Okuno,Y., Murata,T., Sato,Y., Muramatsu,H., Ito,Y., Watanabe,T., Okuno,T., Murakami,N., Yoshida,K., Sawada,A., Inoue,M., Kawa,K., Seto,M., Ohshima,K., Shiraishi,Y., Chiba,K., Tanaka,H., Miyano,S., Narita,Y., Yoshida,M., Goshima,F., Kawada,J.I., Nishida,T., Kiyoi,H., Kato,S., Nakamura,S., Morishima,S., Yoshikawa,T., Fujiwara,S., Shimizu,N., Isobe,Y., Noguchi,M., Kikuta,A., Iwatsuki,K., Takahashi,Y., Kojima,S., Ogawa,S., Kimura,H.",2013
AP019135.1,SAMD00141606,Human gammaherpesvirus 4,Lymphocryptovirus humangamma4,,,"Human gammaherpesvirus 4 UPN366_CD56+ DNA, nearly complete genome",171188,complete,Japan,Japan,Homo sapiens,"Okuno,Y., Murata,T., Sato,Y., Muramatsu,H., Ito,Y., Watanabe,T., Okuno,T., Murakami,N., Yoshida,K., Sawada,A., Inoue,M., Kawa,K., Seto,M., Ohshima,K., Shiraishi,Y., Chiba,K., Tanaka,H., Miyano,S., Narita,Y., Yoshida,M., Goshima,F., Kawada,J.I., Nishida,T., Kiyoi,H., Kato,S., Nakamura,S., Morishima,S., Yoshikawa,T., Fujiwara,S., Shimizu,N., Isobe,Y., Noguchi,M., Kikuta,A., Iwatsuki,K., Takahashi,Y., Kojima,S., Ogawa,S., Kimura,H.",2013
AP019136.1,SAMD00141607,Human gammaherpesvirus 4,Lymphocryptovirus humangamma4,,,"Human gammaherpesvirus 4 UPN3707_PBMC DNA, nearly complete genome",165849,complete,Japan,Japan,Homo sapiens,"Okuno,Y., Murata,T., Sato,Y., Muramatsu,H., Ito,Y., Watanabe,T., Okuno,T., Murakami,N., Yoshida,K., Sawada,A., Inoue,M., Kawa,K., Seto,M., Ohshima,K., Shiraishi,Y., Chiba,K., Tanaka,H., Miyano,S., Narita,Y., Yoshida,M., Goshima,F., Kawada,J.I., Nishida,T., Kiyoi,H., Kato,S., Nakamura,S., Morishima,S., Yoshikawa,T., Fujiwara,S., Shimizu,N., Isobe,Y., Noguchi,M., Kikuta,A., Iwatsuki,K., Takahashi,Y., Kojima,S., Ogawa,S., Kimura,H.",2013
AP019137.1,SAMD00141608,Human gammaherpesvirus 4,Lymphocryptovirus humangamma4,,,"Human gammaherpesvirus 4 UPN375_CD3+ DNA, nearly complete genome",170405,complete,Japan,Japan,Homo sapiens,"Okuno,Y., Murata,T., Sato,Y., Muramatsu,H., Ito,Y., Watanabe,T., Okuno,T., Murakami,N., Yoshida,K., Sawada,A., Inoue,M., Kawa,K., Seto,M., Ohshima,K., Shiraishi,Y., Chiba,K., Tanaka,H., Miyano,S., Narita,Y., Yoshida,M., Goshima,F., Kawada,J.I., Nishida,T., Kiyoi,H., Kato,S., Nakamura,S., Morishima,S., Yoshikawa,T., Fujiwara,S., Shimizu,N., Isobe,Y., Noguchi,M., Kikuta,A., Iwatsuki,K., Takahashi,Y., Kojima,S., Ogawa,S., Kimura,H.",2013
AP019138.1,SAMD00141609,Human gammaherpesvirus 4,Lymphocryptovirus humangamma4,,,"Human gammaherpesvirus 4 UPN375_CD56+ DNA, nearly complete genome",169487,complete,Japan,Japan,Homo sapiens,"Okuno,Y., Murata,T., Sato,Y., Muramatsu,H., Ito,Y., Watanabe,T., Okuno,T., Murakami,N., Yoshida,K., Sawada,A., Inoue,M., Kawa,K., Seto,M., Ohshima,K., Shiraishi,Y., Chiba,K., Tanaka,H., Miyano,S., Narita,Y., Yoshida,M., Goshima,F., Kawada,J.I., Nishida,T., Kiyoi,H., Kato,S., Nakamura,S., Morishima,S., Yoshikawa,T., Fujiwara,S., Shimizu,N., Isobe,Y., Noguchi,M., Kikuta,A., Iwatsuki,K., Takahashi,Y., Kojima,S., Ogawa,S., Kimura,H.",2013
AP019139.1,SAMD00141610,Human gammaherpesvirus 4,Lymphocryptovirus humangamma4,,,"Human gammaherpesvirus 4 UPN3755_tissue DNA, nearly complete genome",171240,complete,Japan,Japan,Homo sapiens,"Okuno,Y., Murata,T., Sato,Y., Muramatsu,H., Ito,Y., Watanabe,T., Okuno,T., Murakami,N., Yoshida,K., Sawada,A., Inoue,M., Kawa,K., Seto,M., Ohshima,K., Shiraishi,Y., Chiba,K., Tanaka,H., Miyano,S., Narita,Y., Yoshida,M., Goshima,F., Kawada,J.I., Nishida,T., Kiyoi,H., Kato,S., Nakamura,S., Morishima,S., Yoshikawa,T., Fujiwara,S., Shimizu,N., Isobe,Y., Noguchi,M., Kikuta,A., Iwatsuki,K., Takahashi,Y., Kojima,S., Ogawa,S., Kimura,H.",2013
AP019140.1,SAMD00141611,Human gammaherpesvirus 4,Lymphocryptovirus humangamma4,,,"Human gammaherpesvirus 4 UPN404_CD3+ DNA, nearly complete genome",168315,complete,Japan,Japan,Homo sapiens,"Okuno,Y., Murata,T., Sato,Y., Muramatsu,H., Ito,Y., Watanabe,T., Okuno,T., Murakami,N., Yoshida,K., Sawada,A., Inoue,M., Kawa,K., Seto,M., Ohshima,K., Shiraishi,Y., Chiba,K., Tanaka,H., Miyano,S., Narita,Y., Yoshida,M., Goshima,F., Kawada,J.I., Nishida,T., Kiyoi,H., Kato,S., Nakamura,S., Morishima,S., Yoshikawa,T., Fujiwara,S., Shimizu,N., Isobe,Y., Noguchi,M., Kikuta,A., Iwatsuki,K., Takahashi,Y., Kojima,S., Ogawa,S., Kimura,H.",2013
AP019141.1,SAMD00141612,Human gammaherpesvirus 4,Lymphocryptovirus humangamma4,,,"Human gammaherpesvirus 4 UPN404_CD56+ DNA, nearly complete genome",167827,complete,Japan,Japan,Homo sapiens,"Okuno,Y., Murata,T., Sato,Y., Muramatsu,H., Ito,Y., Watanabe,T., Okuno,T., Murakami,N., Yoshida,K., Sawada,A., Inoue,M., Kawa,K., Seto,M., Ohshima,K., Shiraishi,Y., Chiba,K., Tanaka,H., Miyano,S., Narita,Y., Yoshida,M., Goshima,F., Kawada,J.I., Nishida,T., Kiyoi,H., Kato,S., Nakamura,S., Morishima,S., Yoshikawa,T., Fujiwara,S., Shimizu,N., Isobe,Y., Noguchi,M., Kikuta,A., Iwatsuki,K., Takahashi,Y., Kojima,S., Ogawa,S., Kimura,H.",2013
AP019142.1,SAMD00141613,Human gammaherpesvirus 4,Lymphocryptovirus humangamma4,,,"Human gammaherpesvirus 4 UPN404_PBMC DNA, nearly complete genome",168402,complete,Japan,Japan,Homo sapiens,"Okuno,Y., Murata,T., Sato,Y., Muramatsu,H., Ito,Y., Watanabe,T., Okuno,T., Murakami,N., Yoshida,K., Sawada,A., Inoue,M., Kawa,K., Seto,M., Ohshima,K., Shiraishi,Y., Chiba,K., Tanaka,H., Miyano,S., Narita,Y., Yoshida,M., Goshima,F., Kawada,J.I., Nishida,T., Kiyoi,H., Kato,S., Nakamura,S., Morishima,S., Yoshikawa,T., Fujiwara,S., Shimizu,N., Isobe,Y., Noguchi,M., Kikuta,A., Iwatsuki,K., Takahashi,Y., Kojima,S., Ogawa,S., Kimura,H.",2013
AP019143.1,SAMD00141614,Human gammaherpesvirus 4,Lymphocryptovirus humangamma4,,,"Human gammaherpesvirus 4 UPN405_CD3+ DNA, nearly complete genome",146588,complete,Japan,Japan,Homo sapiens,"Okuno,Y., Murata,T., Sato,Y., Muramatsu,H., Ito,Y., Watanabe,T., Okuno,T., Murakami,N., Yoshida,K., Sawada,A., Inoue,M., Kawa,K., Seto,M., Ohshima,K., Shiraishi,Y., Chiba,K., Tanaka,H., Miyano,S., Narita,Y., Yoshida,M., Goshima,F., Kawada,J.I., Nishida,T., Kiyoi,H., Kato,S., Nakamura,S., Morishima,S., Yoshikawa,T., Fujiwara,S., Shimizu,N., Isobe,Y., Noguchi,M., Kikuta,A., Iwatsuki,K., Takahashi,Y., Kojima,S., Ogawa,S., Kimura,H.",2013
AP019144.1,SAMD00141615,Human gammaherpesvirus 4,Lymphocryptovirus humangamma4,,,"Human gammaherpesvirus 4 UPN405_CD56+ DNA, nearly complete genome",166434,complete,Japan,Japan,Homo sapiens,"Okuno,Y., Murata,T., Sato,Y., Muramatsu,H., Ito,Y., Watanabe,T., Okuno,T., Murakami,N., Yoshida,K., Sawada,A., Inoue,M., Kawa,K., Seto,M., Ohshima,K., Shiraishi,Y., Chiba,K., Tanaka,H., Miyano,S., Narita,Y., Yoshida,M., Goshima,F., Kawada,J.I., Nishida,T., Kiyoi,H., Kato,S., Nakamura,S., Morishima,S., Yoshikawa,T., Fujiwara,S., Shimizu,N., Isobe,Y., Noguchi,M., Kikuta,A., Iwatsuki,K., Takahashi,Y., Kojima,S., Ogawa,S., Kimura,H.",2013
AP019145.1,SAMD00141616,Human gammaherpesvirus 4,Lymphocryptovirus humangamma4,,,"Human gammaherpesvirus 4 UPN412_CD3+ DNA, nearly complete genome",156401,complete,Japan,Japan,Homo sapiens,"Okuno,Y., Murata,T., Sato,Y., Muramatsu,H., Ito,Y., Watanabe,T., Okuno,T., Murakami,N., Yoshida,K., Sawada,A., Inoue,M., Kawa,K., Seto,M., Ohshima,K., Shiraishi,Y., Chiba,K., Tanaka,H., Miyano,S., Narita,Y., Yoshida,M., Goshima,F., Kawada,J.I., Nishida,T., Kiyoi,H., Kato,S., Nakamura,S., Morishima,S., Yoshikawa,T., Fujiwara,S., Shimizu,N., Isobe,Y., Noguchi,M., Kikuta,A., Iwatsuki,K., Takahashi,Y., Kojima,S., Ogawa,S., Kimura,H.",2013
AP019146.1,SAMD00141617,Human gammaherpesvirus 4,Lymphocryptovirus humangamma4,,,"Human gammaherpesvirus 4 UPN412_CD56+ DNA, nearly complete genome",157546,complete,Japan,Japan,Homo sapiens,"Okuno,Y., Murata,T., Sato,Y., Muramatsu,H., Ito,Y., Watanabe,T., Okuno,T., Murakami,N., Yoshida,K., Sawada,A., Inoue,M., Kawa,K., Seto,M., Ohshima,K., Shiraishi,Y., Chiba,K., Tanaka,H., Miyano,S., Narita,Y., Yoshida,M., Goshima,F., Kawada,J.I., Nishida,T., Kiyoi,H., Kato,S., Nakamura,S., Morishima,S., Yoshikawa,T., Fujiwara,S., Shimizu,N., Isobe,Y., Noguchi,M., Kikuta,A., Iwatsuki,K., Takahashi,Y., Kojima,S., Ogawa,S., Kimura,H.",2013
AP019147.1,SAMD00141618,Human gammaherpesvirus 4,Lymphocryptovirus humangamma4,,,"Human gammaherpesvirus 4 UPN412_PBMC DNA, nearly complete genome",157125,complete,Japan,Japan,Homo sapiens,"Okuno,Y., Murata,T., Sato,Y., Muramatsu,H., Ito,Y., Watanabe,T., Okuno,T., Murakami,N., Yoshida,K., Sawada,A., Inoue,M., Kawa,K., Seto,M., Ohshima,K., Shiraishi,Y., Chiba,K., Tanaka,H., Miyano,S., Narita,Y., Yoshida,M., Goshima,F., Kawada,J.I., Nishida,T., Kiyoi,H., Kato,S., Nakamura,S., Morishima,S., Yoshikawa,T., Fujiwara,S., Shimizu,N., Isobe,Y., Noguchi,M., Kikuta,A., Iwatsuki,K., Takahashi,Y., Kojima,S., Ogawa,S., Kimura,H.",2013
AP019148.1,SAMD00141619,Human gammaherpesvirus 4,Lymphocryptovirus humangamma4,,,"Human gammaherpesvirus 4 UPN4137_tissue DNA, complete genome",171107,complete,Japan,Japan,Homo sapiens,"Okuno,Y., Murata,T., Sato,Y., Muramatsu,H., Ito,Y., Watanabe,T., Okuno,T., Murakami,N., Yoshida,K., Sawada,A., Inoue,M., Kawa,K., Seto,M., Ohshima,K., Shiraishi,Y., Chiba,K., Tanaka,H., Miyano,S., Narita,Y., Yoshida,M., Goshima,F., Kawada,J.I., Nishida,T., Kiyoi,H., Kato,S., Nakamura,S., Morishima,S., Yoshikawa,T., Fujiwara,S., Shimizu,N., Isobe,Y., Noguchi,M., Kikuta,A., Iwatsuki,K., Takahashi,Y., Kojima,S., Ogawa,S., Kimura,H.",2013
AP019149.1,SAMD00141620,Human gammaherpesvirus 4,Lymphocryptovirus humangamma4,,,"Human gammaherpesvirus 4 UPN417_CD3+ DNA, nearly complete genome",166792,complete,Japan,Japan,Homo sapiens,"Okuno,Y., Murata,T., Sato,Y., Muramatsu,H., Ito,Y., Watanabe,T., Okuno,T., Murakami,N., Yoshida,K., Sawada,A., Inoue,M., Kawa,K., Seto,M., Ohshima,K., Shiraishi,Y., Chiba,K., Tanaka,H., Miyano,S., Narita,Y., Yoshida,M., Goshima,F., Kawada,J.I., Nishida,T., Kiyoi,H., Kato,S., Nakamura,S., Morishima,S., Yoshikawa,T., Fujiwara,S., Shimizu,N., Isobe,Y., Noguchi,M., Kikuta,A., Iwatsuki,K., Takahashi,Y., Kojima,S., Ogawa,S., Kimura,H.",2013
AP019150.1,SAMD00141621,Human gammaherpesvirus 4,Lymphocryptovirus humangamma4,,,"Human gammaherpesvirus 4 UPN417_CD56+ DNA, nearly complete genome",167178,complete,Japan,Japan,Homo sapiens,"Okuno,Y., Murata,T., Sato,Y., Muramatsu,H., Ito,Y., Watanabe,T., Okuno,T., Murakami,N., Yoshida,K., Sawada,A., Inoue,M., Kawa,K., Seto,M., Ohshima,K., Shiraishi,Y., Chiba,K., Tanaka,H., Miyano,S., Narita,Y., Yoshida,M., Goshima,F., Kawada,J.I., Nishida,T., Kiyoi,H., Kato,S., Nakamura,S., Morishima,S., Yoshikawa,T., Fujiwara,S., Shimizu,N., Isobe,Y., Noguchi,M., Kikuta,A., Iwatsuki,K., Takahashi,Y., Kojima,S., Ogawa,S., Kimura,H.",2013
AP019151.1,SAMD00141622,Human gammaherpesvirus 4,Lymphocryptovirus humangamma4,,,"Human gammaherpesvirus 4 UPN417_PBMC DNA, nearly complete genome",167676,complete,Japan,Japan,Homo sapiens,"Okuno,Y., Murata,T., Sato,Y., Muramatsu,H., Ito,Y., Watanabe,T., Okuno,T., Murakami,N., Yoshida,K., Sawada,A., Inoue,M., Kawa,K., Seto,M., Ohshima,K., Shiraishi,Y., Chiba,K., Tanaka,H., Miyano,S., Narita,Y., Yoshida,M., Goshima,F., Kawada,J.I., Nishida,T., Kiyoi,H., Kato,S., Nakamura,S., Morishima,S., Yoshikawa,T., Fujiwara,S., Shimizu,N., Isobe,Y., Noguchi,M., Kikuta,A., Iwatsuki,K., Takahashi,Y., Kojima,S., Ogawa,S., Kimura,H.",2013
AP019152.1,SAMD00141623,Human gammaherpesvirus 4,Lymphocryptovirus humangamma4,,,"Human gammaherpesvirus 4 UPN431_CD19+ DNA, nearly complete genome",165041,complete,Japan,Japan,Homo sapiens,"Okuno,Y., Murata,T., Sato,Y., Muramatsu,H., Ito,Y., Watanabe,T., Okuno,T., Murakami,N., Yoshida,K., Sawada,A., Inoue,M., Kawa,K., Seto,M., Ohshima,K., Shiraishi,Y., Chiba,K., Tanaka,H., Miyano,S., Narita,Y., Yoshida,M., Goshima,F., Kawada,J.I., Nishida,T., Kiyoi,H., Kato,S., Nakamura,S., Morishima,S., Yoshikawa,T., Fujiwara,S., Shimizu,N., Isobe,Y., Noguchi,M., Kikuta,A., Iwatsuki,K., Takahashi,Y., Kojima,S., Ogawa,S., Kimura,H.",2013
AP019153.1,SAMD00141624,Human gammaherpesvirus 4,Lymphocryptovirus humangamma4,,,"Human gammaherpesvirus 4 UPN431_CD3+ DNA, nearly complete genome",162874,complete,Japan,Japan,Homo sapiens,"Okuno,Y., Murata,T., Sato,Y., Muramatsu,H., Ito,Y., Watanabe,T., Okuno,T., Murakami,N., Yoshida,K., Sawada,A., Inoue,M., Kawa,K., Seto,M., Ohshima,K., Shiraishi,Y., Chiba,K., Tanaka,H., Miyano,S., Narita,Y., Yoshida,M., Goshima,F., Kawada,J.I., Nishida,T., Kiyoi,H., Kato,S., Nakamura,S., Morishima,S., Yoshikawa,T., Fujiwara,S., Shimizu,N., Isobe,Y., Noguchi,M., Kikuta,A., Iwatsuki,K., Takahashi,Y., Kojima,S., Ogawa,S., Kimura,H.",2013
AP019154.1,SAMD00141625,Human gammaherpesvirus 4,Lymphocryptovirus humangamma4,,,"Human gammaherpesvirus 4 UPN431_CD56+ DNA, nearly complete genome",163141,complete,Japan,Japan,Homo sapiens,"Okuno,Y., Murata,T., Sato,Y., Muramatsu,H., Ito,Y., Watanabe,T., Okuno,T., Murakami,N., Yoshida,K., Sawada,A., Inoue,M., Kawa,K., Seto,M., Ohshima,K., Shiraishi,Y., Chiba,K., Tanaka,H., Miyano,S., Narita,Y., Yoshida,M., Goshima,F., Kawada,J.I., Nishida,T., Kiyoi,H., Kato,S., Nakamura,S., Morishima,S., Yoshikawa,T., Fujiwara,S., Shimizu,N., Isobe,Y., Noguchi,M., Kikuta,A., Iwatsuki,K., Takahashi,Y., Kojima,S., Ogawa,S., Kimura,H.",2013
AP019155.1,SAMD00141626,Human gammaherpesvirus 4,Lymphocryptovirus humangamma4,,,"Human gammaherpesvirus 4 UPN4314_PBMC DNA, complete genome",160040,complete,Japan,Japan,Homo sapiens,"Okuno,Y., Murata,T., Sato,Y., Muramatsu,H., Ito,Y., Watanabe,T., Okuno,T., Murakami,N., Yoshida,K., Sawada,A., Inoue,M., Kawa,K., Seto,M., Ohshima,K., Shiraishi,Y., Chiba,K., Tanaka,H., Miyano,S., Narita,Y., Yoshida,M., Goshima,F., Kawada,J.I., Nishida,T., Kiyoi,H., Kato,S., Nakamura,S., Morishima,S., Yoshikawa,T., Fujiwara,S., Shimizu,N., Isobe,Y., Noguchi,M., Kikuta,A., Iwatsuki,K., Takahashi,Y., Kojima,S., Ogawa,S., Kimura,H.",2013
AP019156.1,SAMD00141627,Human gammaherpesvirus 4,Lymphocryptovirus humangamma4,,,"Human gammaherpesvirus 4 UPN463_PBMC DNA, nearly complete genome",166704,complete,Japan,Japan,Homo sapiens,"Okuno,Y., Murata,T., Sato,Y., Muramatsu,H., Ito,Y., Watanabe,T., Okuno,T., Murakami,N., Yoshida,K., Sawada,A., Inoue,M., Kawa,K., Seto,M., Ohshima,K., Shiraishi,Y., Chiba,K., Tanaka,H., Miyano,S., Narita,Y., Yoshida,M., Goshima,F., Kawada,J.I., Nishida,T., Kiyoi,H., Kato,S., Nakamura,S., Morishima,S., Yoshikawa,T., Fujiwara,S., Shimizu,N., Isobe,Y., Noguchi,M., Kikuta,A., Iwatsuki,K., Takahashi,Y., Kojima,S., Ogawa,S., Kimura,H.",2013
AP019157.1,SAMD00141628,Human gammaherpesvirus 4,Lymphocryptovirus humangamma4,,,"Human gammaherpesvirus 4 UPN470_PBMC DNA, nearly complete genome",163813,complete,Japan,Japan,Homo sapiens,"Okuno,Y., Murata,T., Sato,Y., Muramatsu,H., Ito,Y., Watanabe,T., Okuno,T., Murakami,N., Yoshida,K., Sawada,A., Inoue,M., Kawa,K., Seto,M., Ohshima,K., Shiraishi,Y., Chiba,K., Tanaka,H., Miyano,S., Narita,Y., Yoshida,M., Goshima,F., Kawada,J.I., Nishida,T., Kiyoi,H., Kato,S., Nakamura,S., Morishima,S., Yoshikawa,T., Fujiwara,S., Shimizu,N., Isobe,Y., Noguchi,M., Kikuta,A., Iwatsuki,K., Takahashi,Y., Kojima,S., Ogawa,S., Kimura,H.",2013
AP019158.1,SAMD00141629,Human gammaherpesvirus 4,Lymphocryptovirus humangamma4,,,"Human gammaherpesvirus 4 UPN484_PBMC DNA, nearly complete genome",171354,complete,Japan,Japan,Homo sapiens,"Okuno,Y., Murata,T., Sato,Y., Muramatsu,H., Ito,Y., Watanabe,T., Okuno,T., Murakami,N., Yoshida,K., Sawada,A., Inoue,M., Kawa,K., Seto,M., Ohshima,K., Shiraishi,Y., Chiba,K., Tanaka,H., Miyano,S., Narita,Y., Yoshida,M., Goshima,F., Kawada,J.I., Nishida,T., Kiyoi,H., Kato,S., Nakamura,S., Morishima,S., Yoshikawa,T., Fujiwara,S., Shimizu,N., Isobe,Y., Noguchi,M., Kikuta,A., Iwatsuki,K., Takahashi,Y., Kojima,S., Ogawa,S., Kimura,H.",2013
AP019159.1,SAMD00141630,Human gammaherpesvirus 4,Lymphocryptovirus humangamma4,,,"Human gammaherpesvirus 4 UPN486_PBMC DNA, nearly complete genome",162184,complete,Japan,Japan,Homo sapiens,"Okuno,Y., Murata,T., Sato,Y., Muramatsu,H., Ito,Y., Watanabe,T., Okuno,T., Murakami,N., Yoshida,K., Sawada,A., Inoue,M., Kawa,K., Seto,M., Ohshima,K., Shiraishi,Y., Chiba,K., Tanaka,H., Miyano,S., Narita,Y., Yoshida,M., Goshima,F., Kawada,J.I., Nishida,T., Kiyoi,H., Kato,S., Nakamura,S., Morishima,S., Yoshikawa,T., Fujiwara,S., Shimizu,N., Isobe,Y., Noguchi,M., Kikuta,A., Iwatsuki,K., Takahashi,Y., Kojima,S., Ogawa,S., Kimura,H.",2013
AP019160.1,SAMD00141631,Human gammaherpesvirus 4,Lymphocryptovirus humangamma4,,,"Human gammaherpesvirus 4 UPN494_CD3+ DNA, nearly complete genome",166070,complete,Japan,Japan,Homo sapiens,"Okuno,Y., Murata,T., Sato,Y., Muramatsu,H., Ito,Y., Watanabe,T., Okuno,T., Murakami,N., Yoshida,K., Sawada,A., Inoue,M., Kawa,K., Seto,M., Ohshima,K., Shiraishi,Y., Chiba,K., Tanaka,H., Miyano,S., Narita,Y., Yoshida,M., Goshima,F., Kawada,J.I., Nishida,T., Kiyoi,H., Kato,S., Nakamura,S., Morishima,S., Yoshikawa,T., Fujiwara,S., Shimizu,N., Isobe,Y., Noguchi,M., Kikuta,A., Iwatsuki,K., Takahashi,Y., Kojima,S., Ogawa,S., Kimura,H.",2013
AP019161.1,SAMD00141632,Human gammaherpesvirus 4,Lymphocryptovirus humangamma4,,,"Human gammaherpesvirus 4 UPN494_CD56+ DNA, nearly complete genome",166236,complete,Japan,Japan,Homo sapiens,"Okuno,Y., Murata,T., Sato,Y., Muramatsu,H., Ito,Y., Watanabe,T., Okuno,T., Murakami,N., Yoshida,K., Sawada,A., Inoue,M., Kawa,K., Seto,M., Ohshima,K., Shiraishi,Y., Chiba,K., Tanaka,H., Miyano,S., Narita,Y., Yoshida,M., Goshima,F., Kawada,J.I., Nishida,T., Kiyoi,H., Kato,S., Nakamura,S., Morishima,S., Yoshikawa,T., Fujiwara,S., Shimizu,N., Isobe,Y., Noguchi,M., Kikuta,A., Iwatsuki,K., Takahashi,Y., Kojima,S., Ogawa,S., Kimura,H.",2013
AP019162.1,SAMD00141633,Human gammaherpesvirus 4,Lymphocryptovirus humangamma4,,,"Human gammaherpesvirus 4 UPN495_PBMC DNA, complete genome",171374,complete,Japan,Japan,Homo sapiens,"Okuno,Y., Murata,T., Sato,Y., Muramatsu,H., Ito,Y., Watanabe,T., Okuno,T., Murakami,N., Yoshida,K., Sawada,A., Inoue,M., Kawa,K., Seto,M., Ohshima,K., Shiraishi,Y., Chiba,K., Tanaka,H., Miyano,S., Narita,Y., Yoshida,M., Goshima,F., Kawada,J.I., Nishida,T., Kiyoi,H., Kato,S., Nakamura,S., Morishima,S., Yoshikawa,T., Fujiwara,S., Shimizu,N., Isobe,Y., Noguchi,M., Kikuta,A., Iwatsuki,K., Takahashi,Y., Kojima,S., Ogawa,S., Kimura,H.",2013
AP019163.1,SAMD00141634,Human gammaherpesvirus 4,Lymphocryptovirus humangamma4,,,"Human gammaherpesvirus 4 UPN497_PBMC DNA, nearly complete genome",168743,complete,Japan,Japan,Homo sapiens,"Okuno,Y., Murata,T., Sato,Y., Muramatsu,H., Ito,Y., Watanabe,T., Okuno,T., Murakami,N., Yoshida,K., Sawada,A., Inoue,M., Kawa,K., Seto,M., Ohshima,K., Shiraishi,Y., Chiba,K., Tanaka,H., Miyano,S., Narita,Y., Yoshida,M., Goshima,F., Kawada,J.I., Nishida,T., Kiyoi,H., Kato,S., Nakamura,S., Morishima,S., Yoshikawa,T., Fujiwara,S., Shimizu,N., Isobe,Y., Noguchi,M., Kikuta,A., Iwatsuki,K., Takahashi,Y., Kojima,S., Ogawa,S., Kimura,H.",2013
AP019164.1,SAMD00141635,Human gammaherpesvirus 4,Lymphocryptovirus humangamma4,,,"Human gammaherpesvirus 4 UPN498_PBMC DNA, nearly complete genome",170424,complete,Japan,Japan,Homo sapiens,"Okuno,Y., Murata,T., Sato,Y., Muramatsu,H., Ito,Y., Watanabe,T., Okuno,T., Murakami,N., Yoshida,K., Sawada,A., Inoue,M., Kawa,K., Seto,M., Ohshima,K., Shiraishi,Y., Chiba,K., Tanaka,H., Miyano,S., Narita,Y., Yoshida,M., Goshima,F., Kawada,J.I., Nishida,T., Kiyoi,H., Kato,S., Nakamura,S., Morishima,S., Yoshikawa,T., Fujiwara,S., Shimizu,N., Isobe,Y., Noguchi,M., Kikuta,A., Iwatsuki,K., Takahashi,Y., Kojima,S., Ogawa,S., Kimura,H.",2013
AP019165.1,SAMD00141636,Human gammaherpesvirus 4,Lymphocryptovirus humangamma4,,,"Human gammaherpesvirus 4 UPN5_PBMC DNA, nearly complete genome",153982,complete,Japan,Japan,Homo sapiens,"Okuno,Y., Murata,T., Sato,Y., Muramatsu,H., Ito,Y., Watanabe,T., Okuno,T., Murakami,N., Yoshida,K., Sawada,A., Inoue,M., Kawa,K., Seto,M., Ohshima,K., Shiraishi,Y., Chiba,K., Tanaka,H., Miyano,S., Narita,Y., Yoshida,M., Goshima,F., Kawada,J.I., Nishida,T., Kiyoi,H., Kato,S., Nakamura,S., Morishima,S., Yoshikawa,T., Fujiwara,S., Shimizu,N., Isobe,Y., Noguchi,M., Kikuta,A., Iwatsuki,K., Takahashi,Y., Kojima,S., Ogawa,S., Kimura,H.",2013
AP019166.1,SAMD00141637,Human gammaherpesvirus 4,Lymphocryptovirus humangamma4,,,"Human gammaherpesvirus 4 UPN5087_PBMC DNA, complete genome",171035,complete,Japan,Japan,Homo sapiens,"Okuno,Y., Murata,T., Sato,Y., Muramatsu,H., Ito,Y., Watanabe,T., Okuno,T., Murakami,N., Yoshida,K., Sawada,A., Inoue,M., Kawa,K., Seto,M., Ohshima,K., Shiraishi,Y., Chiba,K., Tanaka,H., Miyano,S., Narita,Y., Yoshida,M., Goshima,F., Kawada,J.I., Nishida,T., Kiyoi,H., Kato,S., Nakamura,S., Morishima,S., Yoshikawa,T., Fujiwara,S., Shimizu,N., Isobe,Y., Noguchi,M., Kikuta,A., Iwatsuki,K., Takahashi,Y., Kojima,S., Ogawa,S., Kimura,H.",2013
AP019167.1,SAMD00141638,Human gammaherpesvirus 4,Lymphocryptovirus humangamma4,,,"Human gammaherpesvirus 4 UPN5173_PBMC DNA, nearly complete genome",143727,complete,Japan,Japan,Homo sapiens,"Okuno,Y., Murata,T., Sato,Y., Muramatsu,H., Ito,Y., Watanabe,T., Okuno,T., Murakami,N., Yoshida,K., Sawada,A., Inoue,M., Kawa,K., Seto,M., Ohshima,K., Shiraishi,Y., Chiba,K., Tanaka,H., Miyano,S., Narita,Y., Yoshida,M., Goshima,F., Kawada,J.I., Nishida,T., Kiyoi,H., Kato,S., Nakamura,S., Morishima,S., Yoshikawa,T., Fujiwara,S., Shimizu,N., Isobe,Y., Noguchi,M., Kikuta,A., Iwatsuki,K., Takahashi,Y., Kojima,S., Ogawa,S., Kimura,H.",2013
AP019168.1,SAMD00141639,Human gammaherpesvirus 4,Lymphocryptovirus humangamma4,,,"Human gammaherpesvirus 4 UPN519_PBMC DNA, nearly complete genome",170218,complete,Japan,Japan,Homo sapiens,"Okuno,Y., Murata,T., Sato,Y., Muramatsu,H., Ito,Y., Watanabe,T., Okuno,T., Murakami,N., Yoshida,K., Sawada,A., Inoue,M., Kawa,K., Seto,M., Ohshima,K., Shiraishi,Y., Chiba,K., Tanaka,H., Miyano,S., Narita,Y., Yoshida,M., Goshima,F., Kawada,J.I., Nishida,T., Kiyoi,H., Kato,S., Nakamura,S., Morishima,S., Yoshikawa,T., Fujiwara,S., Shimizu,N., Isobe,Y., Noguchi,M., Kikuta,A., Iwatsuki,K., Takahashi,Y., Kojima,S., Ogawa,S., Kimura,H.",2013
AP019169.1,SAMD00141640,Human gammaherpesvirus 4,Lymphocryptovirus humangamma4,,,"Human gammaherpesvirus 4 UPN520_PBMC DNA, nearly complete genome",166929,complete,Japan,Japan,Homo sapiens,"Okuno,Y., Murata,T., Sato,Y., Muramatsu,H., Ito,Y., Watanabe,T., Okuno,T., Murakami,N., Yoshida,K., Sawada,A., Inoue,M., Kawa,K., Seto,M., Ohshima,K., Shiraishi,Y., Chiba,K., Tanaka,H., Miyano,S., Narita,Y., Yoshida,M., Goshima,F., Kawada,J.I., Nishida,T., Kiyoi,H., Kato,S., Nakamura,S., Morishima,S., Yoshikawa,T., Fujiwara,S., Shimizu,N., Isobe,Y., Noguchi,M., Kikuta,A., Iwatsuki,K., Takahashi,Y., Kojima,S., Ogawa,S., Kimura,H.",2013
AP019170.1,SAMD00141641,Human gammaherpesvirus 4,Lymphocryptovirus humangamma4,,,"Human gammaherpesvirus 4 UPN539_PBMC DNA, nearly complete genome",169629,complete,Japan,Japan,Homo sapiens,"Okuno,Y., Murata,T., Sato,Y., Muramatsu,H., Ito,Y., Watanabe,T., Okuno,T., Murakami,N., Yoshida,K., Sawada,A., Inoue,M., Kawa,K., Seto,M., Ohshima,K., Shiraishi,Y., Chiba,K., Tanaka,H., Miyano,S., Narita,Y., Yoshida,M., Goshima,F., Kawada,J.I., Nishida,T., Kiyoi,H., Kato,S., Nakamura,S., Morishima,S., Yoshikawa,T., Fujiwara,S., Shimizu,N., Isobe,Y., Noguchi,M., Kikuta,A., Iwatsuki,K., Takahashi,Y., Kojima,S., Ogawa,S., Kimura,H.",2013
AP019171.1,SAMD00141642,Human gammaherpesvirus 4,Lymphocryptovirus humangamma4,,,"Human gammaherpesvirus 4 UPN554_PBMC DNA, nearly complete genome",170247,complete,Japan,Japan,Homo sapiens,"Okuno,Y., Murata,T., Sato,Y., Muramatsu,H., Ito,Y., Watanabe,T., Okuno,T., Murakami,N., Yoshida,K., Sawada,A., Inoue,M., Kawa,K., Seto,M., Ohshima,K., Shiraishi,Y., Chiba,K., Tanaka,H., Miyano,S., Narita,Y., Yoshida,M., Goshima,F., Kawada,J.I., Nishida,T., Kiyoi,H., Kato,S., Nakamura,S., Morishima,S., Yoshikawa,T., Fujiwara,S., Shimizu,N., Isobe,Y., Noguchi,M., Kikuta,A., Iwatsuki,K., Takahashi,Y., Kojima,S., Ogawa,S., Kimura,H.",2013
AP019172.1,SAMD00141643,Human gammaherpesvirus 4,Lymphocryptovirus humangamma4,,,"Human gammaherpesvirus 4 UPN5575_PBMC DNA, nearly complete genome",171343,complete,Japan,Japan,Homo sapiens,"Okuno,Y., Murata,T., Sato,Y., Muramatsu,H., Ito,Y., Watanabe,T., Okuno,T., Murakami,N., Yoshida,K., Sawada,A., Inoue,M., Kawa,K., Seto,M., Ohshima,K., Shiraishi,Y., Chiba,K., Tanaka,H., Miyano,S., Narita,Y., Yoshida,M., Goshima,F., Kawada,J.I., Nishida,T., Kiyoi,H., Kato,S., Nakamura,S., Morishima,S., Yoshikawa,T., Fujiwara,S., Shimizu,N., Isobe,Y., Noguchi,M., Kikuta,A., Iwatsuki,K., Takahashi,Y., Kojima,S., Ogawa,S., Kimura,H.",2013
AP019173.1,SAMD00141644,Human gammaherpesvirus 4,Lymphocryptovirus humangamma4,,,"Human gammaherpesvirus 4 UPN563_CD19+ DNA, nearly complete genome",169659,complete,Japan,Japan,Homo sapiens,"Okuno,Y., Murata,T., Sato,Y., Muramatsu,H., Ito,Y., Watanabe,T., Okuno,T., Murakami,N., Yoshida,K., Sawada,A., Inoue,M., Kawa,K., Seto,M., Ohshima,K., Shiraishi,Y., Chiba,K., Tanaka,H., Miyano,S., Narita,Y., Yoshida,M., Goshima,F., Kawada,J.I., Nishida,T., Kiyoi,H., Kato,S., Nakamura,S., Morishima,S., Yoshikawa,T., Fujiwara,S., Shimizu,N., Isobe,Y., Noguchi,M., Kikuta,A., Iwatsuki,K., Takahashi,Y., Kojima,S., Ogawa,S., Kimura,H.",2013
AP019174.1,SAMD00141645,Human gammaherpesvirus 4,Lymphocryptovirus humangamma4,,,"Human gammaherpesvirus 4 UPN563_CD3+ DNA, nearly complete genome",169322,complete,Japan,Japan,Homo sapiens,"Okuno,Y., Murata,T., Sato,Y., Muramatsu,H., Ito,Y., Watanabe,T., Okuno,T., Murakami,N., Yoshida,K., Sawada,A., Inoue,M., Kawa,K., Seto,M., Ohshima,K., Shiraishi,Y., Chiba,K., Tanaka,H., Miyano,S., Narita,Y., Yoshida,M., Goshima,F., Kawada,J.I., Nishida,T., Kiyoi,H., Kato,S., Nakamura,S., Morishima,S., Yoshikawa,T., Fujiwara,S., Shimizu,N., Isobe,Y., Noguchi,M., Kikuta,A., Iwatsuki,K., Takahashi,Y., Kojima,S., Ogawa,S., Kimura,H.",2013
AP019175.1,SAMD00141646,Human gammaherpesvirus 4,Lymphocryptovirus humangamma4,,,"Human gammaherpesvirus 4 UPN563_CD56+ DNA, nearly complete genome",171238,complete,Japan,Japan,Homo sapiens,"Okuno,Y., Murata,T., Sato,Y., Muramatsu,H., Ito,Y., Watanabe,T., Okuno,T., Murakami,N., Yoshida,K., Sawada,A., Inoue,M., Kawa,K., Seto,M., Ohshima,K., Shiraishi,Y., Chiba,K., Tanaka,H., Miyano,S., Narita,Y., Yoshida,M., Goshima,F., Kawada,J.I., Nishida,T., Kiyoi,H., Kato,S., Nakamura,S., Morishima,S., Yoshikawa,T., Fujiwara,S., Shimizu,N., Isobe,Y., Noguchi,M., Kikuta,A., Iwatsuki,K., Takahashi,Y., Kojima,S., Ogawa,S., Kimura,H.",2013
AP019176.1,SAMD00141647,Human gammaherpesvirus 4,Lymphocryptovirus humangamma4,,,"Human gammaherpesvirus 4 UPN571_CD3+ DNA, nearly complete genome",170138,complete,Japan,Japan,Homo sapiens,"Okuno,Y., Murata,T., Sato,Y., Muramatsu,H., Ito,Y., Watanabe,T., Okuno,T., Murakami,N., Yoshida,K., Sawada,A., Inoue,M., Kawa,K., Seto,M., Ohshima,K., Shiraishi,Y., Chiba,K., Tanaka,H., Miyano,S., Narita,Y., Yoshida,M., Goshima,F., Kawada,J.I., Nishida,T., Kiyoi,H., Kato,S., Nakamura,S., Morishima,S., Yoshikawa,T., Fujiwara,S., Shimizu,N., Isobe,Y., Noguchi,M., Kikuta,A., Iwatsuki,K., Takahashi,Y., Kojima,S., Ogawa,S., Kimura,H.",2013
AP019177.1,SAMD00141648,Human gammaherpesvirus 4,Lymphocryptovirus humangamma4,,,"Human gammaherpesvirus 4 UPN571_CD56+ DNA, nearly complete genome",170870,complete,Japan,Japan,Homo sapiens,"Okuno,Y., Murata,T., Sato,Y., Muramatsu,H., Ito,Y., Watanabe,T., Okuno,T., Murakami,N., Yoshida,K., Sawada,A., Inoue,M., Kawa,K., Seto,M., Ohshima,K., Shiraishi,Y., Chiba,K., Tanaka,H., Miyano,S., Narita,Y., Yoshida,M., Goshima,F., Kawada,J.I., Nishida,T., Kiyoi,H., Kato,S., Nakamura,S., Morishima,S., Yoshikawa,T., Fujiwara,S., Shimizu,N., Isobe,Y., Noguchi,M., Kikuta,A., Iwatsuki,K., Takahashi,Y., Kojima,S., Ogawa,S., Kimura,H.",2013
AP019178.1,SAMD00141649,Human gammaherpesvirus 4,Lymphocryptovirus humangamma4,,,"Human gammaherpesvirus 4 UPN573_PBMC DNA, nearly complete genome",168069,complete,Japan,Japan,Homo sapiens,"Okuno,Y., Murata,T., Sato,Y., Muramatsu,H., Ito,Y., Watanabe,T., Okuno,T., Murakami,N., Yoshida,K., Sawada,A., Inoue,M., Kawa,K., Seto,M., Ohshima,K., Shiraishi,Y., Chiba,K., Tanaka,H., Miyano,S., Narita,Y., Yoshida,M., Goshima,F., Kawada,J.I., Nishida,T., Kiyoi,H., Kato,S., Nakamura,S., Morishima,S., Yoshikawa,T., Fujiwara,S., Shimizu,N., Isobe,Y., Noguchi,M., Kikuta,A., Iwatsuki,K., Takahashi,Y., Kojima,S., Ogawa,S., Kimura,H.",2013
AP019179.1,SAMD00141650,Human gammaherpesvirus 4,Lymphocryptovirus humangamma4,,,"Human gammaherpesvirus 4 UPN582_PBMC DNA, complete genome",166012,complete,Japan,Japan,Homo sapiens,"Okuno,Y., Murata,T., Sato,Y., Muramatsu,H., Ito,Y., Watanabe,T., Okuno,T., Murakami,N., Yoshida,K., Sawada,A., Inoue,M., Kawa,K., Seto,M., Ohshima,K., Shiraishi,Y., Chiba,K., Tanaka,H., Miyano,S., Narita,Y., Yoshida,M., Goshima,F., Kawada,J.I., Nishida,T., Kiyoi,H., Kato,S., Nakamura,S., Morishima,S., Yoshikawa,T., Fujiwara,S., Shimizu,N., Isobe,Y., Noguchi,M., Kikuta,A., Iwatsuki,K., Takahashi,Y., Kojima,S., Ogawa,S., Kimura,H.",2013
AP019180.1,SAMD00141651,Human gammaherpesvirus 4,Lymphocryptovirus humangamma4,,,"Human gammaherpesvirus 4 UPN584_PBMC DNA, complete genome",171352,complete,Japan,Japan,Homo sapiens,"Okuno,Y., Murata,T., Sato,Y., Muramatsu,H., Ito,Y., Watanabe,T., Okuno,T., Murakami,N., Yoshida,K., Sawada,A., Inoue,M., Kawa,K., Seto,M., Ohshima,K., Shiraishi,Y., Chiba,K., Tanaka,H., Miyano,S., Narita,Y., Yoshida,M., Goshima,F., Kawada,J.I., Nishida,T., Kiyoi,H., Kato,S., Nakamura,S., Morishima,S., Yoshikawa,T., Fujiwara,S., Shimizu,N., Isobe,Y., Noguchi,M., Kikuta,A., Iwatsuki,K., Takahashi,Y., Kojima,S., Ogawa,S., Kimura,H.",2013
AP019181.1,SAMD00141652,Human gammaherpesvirus 4,Lymphocryptovirus humangamma4,,,"Human gammaherpesvirus 4 UPN874_PBMC DNA, nearly complete genome",171106,complete,Japan,Japan,Homo sapiens,"Okuno,Y., Murata,T., Sato,Y., Muramatsu,H., Ito,Y., Watanabe,T., Okuno,T., Murakami,N., Yoshida,K., Sawada,A., Inoue,M., Kawa,K., Seto,M., Ohshima,K., Shiraishi,Y., Chiba,K., Tanaka,H., Miyano,S., Narita,Y., Yoshida,M., Goshima,F., Kawada,J.I., Nishida,T., Kiyoi,H., Kato,S., Nakamura,S., Morishima,S., Yoshikawa,T., Fujiwara,S., Shimizu,N., Isobe,Y., Noguchi,M., Kikuta,A., Iwatsuki,K., Takahashi,Y., Kojima,S., Ogawa,S., Kimura,H.",2013
AP019182.1,SAMD00141653,Human gammaherpesvirus 4,Lymphocryptovirus humangamma4,,,"Human gammaherpesvirus 4 UPN88_CD56+-1 DNA, nearly complete genome",157856,complete,Japan,Japan,Homo sapiens,"Okuno,Y., Murata,T., Sato,Y., Muramatsu,H., Ito,Y., Watanabe,T., Okuno,T., Murakami,N., Yoshida,K., Sawada,A., Inoue,M., Kawa,K., Seto,M., Ohshima,K., Shiraishi,Y., Chiba,K., Tanaka,H., Miyano,S., Narita,Y., Yoshida,M., Goshima,F., Kawada,J.I., Nishida,T., Kiyoi,H., Kato,S., Nakamura,S., Morishima,S., Yoshikawa,T., Fujiwara,S., Shimizu,N., Isobe,Y., Noguchi,M., Kikuta,A., Iwatsuki,K., Takahashi,Y., Kojima,S., Ogawa,S., Kimura,H.",2013
AP019183.1,SAMD00141654,Human gammaherpesvirus 4,Lymphocryptovirus humangamma4,,,"Human gammaherpesvirus 4 UPN88_CD56+-3 DNA, nearly complete genome",158629,complete,Japan,Japan,Homo sapiens,"Okuno,Y., Murata,T., Sato,Y., Muramatsu,H., Ito,Y., Watanabe,T., Okuno,T., Murakami,N., Yoshida,K., Sawada,A., Inoue,M., Kawa,K., Seto,M., Ohshima,K., Shiraishi,Y., Chiba,K., Tanaka,H., Miyano,S., Narita,Y., Yoshida,M., Goshima,F., Kawada,J.I., Nishida,T., Kiyoi,H., Kato,S., Nakamura,S., Morishima,S., Yoshikawa,T., Fujiwara,S., Shimizu,N., Isobe,Y., Noguchi,M., Kikuta,A., Iwatsuki,K., Takahashi,Y., Kojima,S., Ogawa,S., Kimura,H.",2013
AP019184.1,SAMD00141655,Human gammaherpesvirus 4,Lymphocryptovirus humangamma4,,,"Human gammaherpesvirus 4 UPN93_gdT-2 DNA, nearly complete genome",170977,complete,Japan,Japan,Homo sapiens,"Okuno,Y., Murata,T., Sato,Y., Muramatsu,H., Ito,Y., Watanabe,T., Okuno,T., Murakami,N., Yoshida,K., Sawada,A., Inoue,M., Kawa,K., Seto,M., Ohshima,K., Shiraishi,Y., Chiba,K., Tanaka,H., Miyano,S., Narita,Y., Yoshida,M., Goshima,F., Kawada,J.I., Nishida,T., Kiyoi,H., Kato,S., Nakamura,S., Morishima,S., Yoshikawa,T., Fujiwara,S., Shimizu,N., Isobe,Y., Noguchi,M., Kikuta,A., Iwatsuki,K., Takahashi,Y., Kojima,S., Ogawa,S., Kimura,H.",2013
AP019185.1,SAMD00141656,Human gammaherpesvirus 4,Lymphocryptovirus humangamma4,,,"Human gammaherpesvirus 4 UPN97_PBMC DNA, nearly complete genome",170296,complete,Japan,Japan,Homo sapiens,"Okuno,Y., Murata,T., Sato,Y., Muramatsu,H., Ito,Y., Watanabe,T., Okuno,T., Murakami,N., Yoshida,K., Sawada,A., Inoue,M., Kawa,K., Seto,M., Ohshima,K., Shiraishi,Y., Chiba,K., Tanaka,H., Miyano,S., Narita,Y., Yoshida,M., Goshima,F., Kawada,J.I., Nishida,T., Kiyoi,H., Kato,S., Nakamura,S., Morishima,S., Yoshikawa,T., Fujiwara,S., Shimizu,N., Isobe,Y., Noguchi,M., Kikuta,A., Iwatsuki,K., Takahashi,Y., Kojima,S., Ogawa,S., Kimura,H.",2013
AP019186.1,SAMD00141657,Human gammaherpesvirus 4,Lymphocryptovirus humangamma4,,,"Human gammaherpesvirus 4 UPN97_tumor DNA, nearly complete genome",167406,complete,Japan,Japan,Homo sapiens,"Okuno,Y., Murata,T., Sato,Y., Muramatsu,H., Ito,Y., Watanabe,T., Okuno,T., Murakami,N., Yoshida,K., Sawada,A., Inoue,M., Kawa,K., Seto,M., Ohshima,K., Shiraishi,Y., Chiba,K., Tanaka,H., Miyano,S., Narita,Y., Yoshida,M., Goshima,F., Kawada,J.I., Nishida,T., Kiyoi,H., Kato,S., Nakamura,S., Morishima,S., Yoshikawa,T., Fujiwara,S., Shimizu,N., Isobe,Y., Noguchi,M., Kikuta,A., Iwatsuki,K., Takahashi,Y., Kojima,S., Ogawa,S., Kimura,H.",2013
AP019187.1,SAMD00141658,Human gammaherpesvirus 4,Lymphocryptovirus humangamma4,,,"Human gammaherpesvirus 4 UPN98_PBMC DNA, nearly complete genome",169548,complete,Japan,Japan,Homo sapiens,"Okuno,Y., Murata,T., Sato,Y., Muramatsu,H., Ito,Y., Watanabe,T., Okuno,T., Murakami,N., Yoshida,K., Sawada,A., Inoue,M., Kawa,K., Seto,M., Ohshima,K., Shiraishi,Y., Chiba,K., Tanaka,H., Miyano,S., Narita,Y., Yoshida,M., Goshima,F., Kawada,J.I., Nishida,T., Kiyoi,H., Kato,S., Nakamura,S., Morishima,S., Yoshikawa,T., Fujiwara,S., Shimizu,N., Isobe,Y., Noguchi,M., Kikuta,A., Iwatsuki,K., Takahashi,Y., Kojima,S., Ogawa,S., Kimura,H.",2013
AP019188.1,SAMD00141659,Human gammaherpesvirus 4,Lymphocryptovirus humangamma4,,,"Human gammaherpesvirus 4 UPN99_PBMC DNA, nearly complete genome",170400,complete,Japan,Japan,Homo sapiens,"Okuno,Y., Murata,T., Sato,Y., Muramatsu,H., Ito,Y., Watanabe,T., Okuno,T., Murakami,N., Yoshida,K., Sawada,A., Inoue,M., Kawa,K., Seto,M., Ohshima,K., Shiraishi,Y., Chiba,K., Tanaka,H., Miyano,S., Narita,Y., Yoshida,M., Goshima,F., Kawada,J.I., Nishida,T., Kiyoi,H., Kato,S., Nakamura,S., Morishima,S., Yoshikawa,T., Fujiwara,S., Shimizu,N., Isobe,Y., Noguchi,M., Kikuta,A., Iwatsuki,K., Takahashi,Y., Kojima,S., Ogawa,S., Kimura,H.",2013
MG298917.1,,Human gammaherpesvirus 4,Lymphocryptovirus humangamma4,DF_Tonsil_T156_BWA,,"Human gammaherpesvirus 4 strain Epstein-Barr virus isolate DF_Tonsil_T156_BWA, complete genome",171116,complete,United Kingdom,United Kingdom,Homo sapiens,"Palser,A., Wegner,F., Bridges,R., Correia,S., Elgueta Karstegl,C., Venturini,C., Middeldorp,J., Cohen,J.I., Hildesheim,A., Breuer,J., White,R.E., Kellam,P., Farrell,P.J.",2015
MG298918.1,,Human gammaherpesvirus 4,Lymphocryptovirus humangamma4,GK_LY91_BWA,,"Human gammaherpesvirus 4 strain Epstein-Barr virus isolate GK_LY91_BWA, complete genome",169907,complete,United Kingdom,United Kingdom,Homo sapiens,"Palser,A., Wegner,F., Bridges,R., Correia,S., Elgueta Karstegl,C., Venturini,C., Middeldorp,J., Cohen,J.I., Hildesheim,A., Breuer,J., White,R.E., Kellam,P., Farrell,P.J.",2015
MG298919.1,,Human gammaherpesvirus 4,Lymphocryptovirus humangamma4,IMS_Saliva_155_BWA,,"Human gammaherpesvirus 4 strain Epstein-Barr virus isolate IMS_Saliva_155_BWA, complete genome",171658,complete,United Kingdom,United Kingdom,Homo sapiens,"Palser,A., Wegner,F., Bridges,R., Correia,S., Elgueta Karstegl,C., Venturini,C., Middeldorp,J., Cohen,J.I., Hildesheim,A., Breuer,J., White,R.E., Kellam,P., Farrell,P.J.",2015
MG298920.1,,Human gammaherpesvirus 4,Lymphocryptovirus humangamma4,IMS_Saliva_187_BWA,,"Human gammaherpesvirus 4 strain Epstein-Barr virus isolate IMS_Saliva_187_BWA, complete genome",171572,complete,United Kingdom,United Kingdom,Homo sapiens,"Palser,A., Wegner,F., Bridges,R., Correia,S., Elgueta Karstegl,C., Venturini,C., Middeldorp,J., Cohen,J.I., Hildesheim,A., Breuer,J., White,R.E., Kellam,P., Farrell,P.J.",2015
MG298921.1,,Human gammaherpesvirus 4,Lymphocryptovirus humangamma4,IMS_Saliva_216_BWA,,"Human gammaherpesvirus 4 strain Epstein-Barr virus isolate IMS_Saliva_216_BWA, complete genome",171643,complete,United Kingdom,United Kingdom,Homo sapiens,"Palser,A., Wegner,F., Bridges,R., Correia,S., Elgueta Karstegl,C., Venturini,C., Middeldorp,J., Cohen,J.I., Hildesheim,A., Breuer,J., White,R.E., Kellam,P., Farrell,P.J.",2015
MG298922.1,,Human gammaherpesvirus 4,Lymphocryptovirus humangamma4,IMS_Saliva_5_BWA,,"Human gammaherpesvirus 4 strain Epstein-Barr virus isolate IMS_Saliva_5_BWA, complete genome",171762,complete,United Kingdom,United Kingdom,Homo sapiens,"Palser,A., Wegner,F., Bridges,R., Correia,S., Elgueta Karstegl,C., Venturini,C., Middeldorp,J., Cohen,J.I., Hildesheim,A., Breuer,J., White,R.E., Kellam,P., Farrell,P.J.",2015
MG298923.1,,Human gammaherpesvirus 4,Lymphocryptovirus humangamma4,IMS_Saliva_81_BWA,,"Human gammaherpesvirus 4 strain Epstein-Barr virus isolate IMS_Saliva_81_BWA, complete genome",169864,complete,United Kingdom,United Kingdom,Homo sapiens,"Palser,A., Wegner,F., Bridges,R., Correia,S., Elgueta Karstegl,C., Venturini,C., Middeldorp,J., Cohen,J.I., Hildesheim,A., Breuer,J., White,R.E., Kellam,P., Farrell,P.J.",2015
MG298924.1,,Human gammaherpesvirus 4,Lymphocryptovirus humangamma4,IMS_Saliva_90_BWA,,"Human gammaherpesvirus 4 strain Epstein-Barr virus isolate IMS_Saliva_90_BWA, complete genome",171734,complete,United Kingdom,United Kingdom,Homo sapiens,"Palser,A., Wegner,F., Bridges,R., Correia,S., Elgueta Karstegl,C., Venturini,C., Middeldorp,J., Cohen,J.I., Hildesheim,A., Breuer,J., White,R.E., Kellam,P., Farrell,P.J.",2015
MG298925.1,,Human gammaherpesvirus 4,Lymphocryptovirus humangamma4,JC_027_BWA,,"Human gammaherpesvirus 4 strain Epstein-Barr virus isolate JC_027_BWA, complete genome",171152,complete,United Kingdom,United Kingdom,Homo sapiens,"Palser,A., Wegner,F., Bridges,R., Correia,S., Elgueta Karstegl,C., Venturini,C., Middeldorp,J., Cohen,J.I., Hildesheim,A., Breuer,J., White,R.E., Kellam,P., Farrell,P.J.",2015
MG298926.1,,Human gammaherpesvirus 4,Lymphocryptovirus humangamma4,JC_039_BWA,,"Human gammaherpesvirus 4 strain Epstein-Barr virus isolate JC_039_BWA, complete genome",171443,complete,United Kingdom,United Kingdom,Homo sapiens,"Palser,A., Wegner,F., Bridges,R., Correia,S., Elgueta Karstegl,C., Venturini,C., Middeldorp,J., Cohen,J.I., Hildesheim,A., Breuer,J., White,R.E., Kellam,P., Farrell,P.J.",2015
MG298927.1,,Human gammaherpesvirus 4,Lymphocryptovirus humangamma4,JC_VID14_BWA,,"Human gammaherpesvirus 4 strain Epstein-Barr virus isolate JC_VID14_BWA, complete genome",171410,complete,United Kingdom,United Kingdom,Homo sapiens,"Palser,A., Wegner,F., Bridges,R., Correia,S., Elgueta Karstegl,C., Venturini,C., Middeldorp,J., Cohen,J.I., Hildesheim,A., Breuer,J., White,R.E., Kellam,P., Farrell,P.J.",2015
MG298928.1,,Human gammaherpesvirus 4,Lymphocryptovirus humangamma4,JC_VID41_BWA,,"Human gammaherpesvirus 4 strain Epstein-Barr virus isolate JC_VID41_BWA, complete genome",171632,complete,United Kingdom,United Kingdom,Homo sapiens,"Palser,A., Wegner,F., Bridges,R., Correia,S., Elgueta Karstegl,C., Venturini,C., Middeldorp,J., Cohen,J.I., Hildesheim,A., Breuer,J., White,R.E., Kellam,P., Farrell,P.J.",2015
MG021305.1,,Human gammaherpesvirus 4,Lymphocryptovirus humangamma4,YCCEL1-GC1,,"Human gammaherpesvirus 4 isolate YCCEL1-GC1, complete genome",177317,complete,China,China,Homo sapiens,"Borozan,I., Zapatka,M., Frappier,L., Ferretti,V.",2014-09-24
MG021306.1,,Human gammaherpesvirus 4,Lymphocryptovirus humangamma4,YCCEL1-GC2,,"Human gammaherpesvirus 4 isolate YCCEL1-GC2, complete genome",177314,complete,Poland,Poland,Homo sapiens,"Borozan,I., Zapatka,M., Frappier,L., Ferretti,V.",2013-04-22
MG021307.1,,Human gammaherpesvirus 4,Lymphocryptovirus humangamma4,Akata-GC1,,"Human gammaherpesvirus 4 isolate Akata-GC1, complete genome",171322,complete,South Korea,South Korea,Homo sapiens,"Borozan,I., Zapatka,M., Frappier,L., Ferretti,V.",2013-04-22
MG021308.1,,Human gammaherpesvirus 4,Lymphocryptovirus humangamma4,Mutu-GC1,,"Human gammaherpesvirus 4 isolate Mutu-GC1, complete genome",171693,complete,Poland,Poland,Homo sapiens,"Borozan,I., Zapatka,M., Frappier,L., Ferretti,V.",2013-04-22
MG021309.1,,Human gammaherpesvirus 4,Lymphocryptovirus humangamma4,Mutu-GC2,,"Human gammaherpesvirus 4 isolate Mutu-GC2, complete genome",171705,complete,USA,USA,Homo sapiens,"Borozan,I., Zapatka,M., Frappier,L., Ferretti,V.",2013-04-22
MG021310.1,,Human gammaherpesvirus 4,Lymphocryptovirus humangamma4,Mutu-GC3,,"Human gammaherpesvirus 4 isolate Mutu-GC3, complete genome",171685,complete,Poland,Poland,Homo sapiens,"Borozan,I., Zapatka,M., Frappier,L., Ferretti,V.",2013-04-22
MG021311.1,,Human gammaherpesvirus 4,Lymphocryptovirus humangamma4,Mutu-GC4,,"Human gammaherpesvirus 4 isolate Mutu-GC4, complete genome",171667,complete,Ukraine,Ukraine,Homo sapiens,"Borozan,I., Zapatka,M., Frappier,L., Ferretti,V.",2013-04-22
MG021312.1,,Human gammaherpesvirus 4,Lymphocryptovirus humangamma4,AG876-GC1,,"Human gammaherpesvirus 4 isolate AG876-GC1, complete genome",172764,complete,South Korea,South Korea,Homo sapiens,"Borozan,I., Zapatka,M., Frappier,L., Ferretti,V.",2017-04-22
KX674064.1,SAMN04623568,Human gammaherpesvirus 4,Lymphocryptovirus humangamma4,GDGC1,,"Human gammaherpesvirus 4 isolate GDGC1, complete genome",169611,complete,China: Guangdong,China,Homo sapiens,"Zhou,L., Chen,J.-N.",2011-08-01
KX674065.1,SAMN04623569,Human gammaherpesvirus 4,Lymphocryptovirus humangamma4,GDGC2,,"Human gammaherpesvirus 4 isolate GDGC2, complete genome",171299,complete,China: Guangdong,China,Homo sapiens,"Zhou,L., Chen,J.-N.",2012-04-13
KX674066.1,SAMN04623567,Human gammaherpesvirus 4,Lymphocryptovirus humangamma4,SNU-719,,"Human gammaherpesvirus 4 isolate SNU-719, complete genome",170379,complete,South Korea,South Korea,Homo sapiens,"Zhou,L., Chen,J.-N.",2008-03-18
KX674067.1,SAMN04623566,Human gammaherpesvirus 4,Lymphocryptovirus humangamma4,YCCEL1,,"Human gammaherpesvirus 4 isolate YCCEL1, complete genome",169122,complete,South Korea,South Korea,Homo sapiens,"Zhou,L., Chen,J.-N.",2010-09-06
LC149491.1,,Human gammaherpesvirus 4,Lymphocryptovirus humangamma4,,,"Human gammaherpesvirus 4 DNA, nearly complete genome, strain: HNNPC2",171634,complete,China,China,Homo sapiens,"Xiong,W., Li,G.Y., Zeng,C.Y., Tu,C.F., Zheng,C.",2013-12-17
LC150327.1,,Human gammaherpesvirus 4,Lymphocryptovirus humangamma4,,,"Human gammaherpesvirus 4 DNA, nearly complete genome, strain: HNNPC3",171090,complete,China,China,Homo sapiens,"Xiong,W., Li,G.Y., Zeng,C.Y., Tu,C.F., Zheng,C.",2013-12-17
LC150337.1,,Human gammaherpesvirus 4,Lymphocryptovirus humangamma4,,,"Human gammaherpesvirus 4 DNA, nearly complete genome, strain: HNNPC4",171390,complete,China,China,Homo sapiens,"Xiong,W., Li,G.Y., Zeng,C.Y., Tu,C.F., Zheng,C.",2013-12-17
LC150338.1,,Human gammaherpesvirus 4,Lymphocryptovirus humangamma4,,,"Human gammaherpesvirus 4 DNA, nearly complete genome, strain: HNNPC5",171773,complete,China,China,Homo sapiens,"Xiong,W., Li,G.Y., Zeng,C.Y., Tu,C.F., Zheng,C.",2013-12-17
LC150741.1,,Human gammaherpesvirus 4,Lymphocryptovirus humangamma4,,,"Human gammaherpesvirus 4 DNA, nearly complete genome, strain: HNNPC6",171461,complete,China,China,Homo sapiens,"Xiong,W., Li,G.Y., Zeng,C.Y., Tu,C.F.",2013-12-17
LC150742.1,,Human gammaherpesvirus 4,Lymphocryptovirus humangamma4,,,"Human gammaherpesvirus 4 DNA, nearly complete genome, strain: HNNPC7",171096,complete,China,China,Homo sapiens,"Xiong,W., Li,G.Y., Zeng,C.Y., Tu,C.F.",2013-12-17
LC150743.1,,Human gammaherpesvirus 4,Lymphocryptovirus humangamma4,,,"Human gammaherpesvirus 4 DNA, nearly complete genome, strain: HNNPC8",169640,complete,China,China,Homo sapiens,"Xiong,W., Li,G.Y., Zeng,C.Y., Tu,C.F.",2013-12-17
LC137018.1,,Human gammaherpesvirus 4,Lymphocryptovirus humangamma4,,,"Human herpesvirus 4 DNA, nearly complete genome, strain: HNNPC1",171383,complete,China,China,Homo sapiens,"Li,G., Xiong,W., Zheng,C.",2013-12-17
AP015015.1,,Human gammaherpesvirus 4,Lymphocryptovirus humangamma4,,,"Human herpesvirus 4 DNA, complete genome, strain: SNU-719",169425,complete,,,,"Kanda,T., Furuse,Y., Oshitani,H., Kiyono,T.",
AP015016.1,,Human gammaherpesvirus 4,Lymphocryptovirus humangamma4,,,"Human herpesvirus 4 DNA, complete genome, strain: YCCEL1",177320,complete,,,,"Kanda,T., Furuse,Y., Oshitani,H., Kiyono,T.",
KP735248.1,,Human gammaherpesvirus 4,Lymphocryptovirus humangamma4,,,"Human herpesvirus 4 strain GC1, complete genome",170390,complete,"South Korea: Daehakno, Jongnogu, Seoul",South Korea,Homo sapiens,"Song,K.A., Yang,S.D., Hwang,J., Kim,J.I., Kang,M.S., Yang,S.-D., Song,K.-A., Kim,J.-I., Kang,M.-S.",2010-02-11
LN827548.2,SAMEA3270593,Human gammaherpesvirus 4,Lymphocryptovirus humangamma4,,I,"Human herpesvirus 4 genome assembly P3HR1_c16 Assembly, segment : I",172083,complete,Nigeria,Nigeria,Homo sapiens,"Grayson E,Nicholas.",
LN827557.2,SAMEA3270571,Human gammaherpesvirus 4,Lymphocryptovirus humangamma4,,I,"Human herpesvirus 4 genome assembly BL36, segment : I",172011,complete,,,Homo sapiens,"Grayson E,Nicholas.",
LN827563.2,SAMEA3270640,Human gammaherpesvirus 4,Lymphocryptovirus humangamma4,,I,"Human herpesvirus 4 genome assembly sLCL-1.18, segment : I",171908,complete,Kenya,Kenya,Homo sapiens,"Grayson E,Nicholas.",
AB850643.1,,Human gammaherpesvirus 4,Lymphocryptovirus humangamma4,,,"Human herpesvirus 4 DNA, complete genome, strain: HN1",171499,complete,China:Hunan,China,Homo sapiens,"Xiao,K., Yu,Z.Y.",2012
AB850644.1,,Human gammaherpesvirus 4,Lymphocryptovirus humangamma4,,,"Human herpesvirus 4 DNA, complete genome, strain: HN2",171751,complete,China:Hunan,China,Homo sapiens,"Xiao,K., Yu,Z.Y.",2012
AB850645.1,,Human gammaherpesvirus 4,Lymphocryptovirus humangamma4,,,"Human herpesvirus 4 DNA, complete genome, strain: HN10",169720,complete,China:Hunan,China,Homo sapiens,"Xiao,K., Yu,Z.Y.",2012
AB850646.1,,Human gammaherpesvirus 4,Lymphocryptovirus humangamma4,,,"Human herpesvirus 4 DNA, complete genome, strain: HN11",168509,complete,China:Hunan,China,Homo sapiens,"Xiao,K., Yu,Z.Y.",2012
AB850647.1,,Human gammaherpesvirus 4,Lymphocryptovirus humangamma4,,,"Human herpesvirus 4 DNA, complete genome, strain: HN12",171663,complete,China:Hunan,China,Homo sapiens,"Xiao,K., Yu,Z.Y.",2012
AB850648.1,,Human gammaherpesvirus 4,Lymphocryptovirus humangamma4,,,"Human herpesvirus 4 DNA, complete genome, strain: HN3",171627,complete,China:Hunan,China,Homo sapiens,"Xiao,K., Yu,Z.Y.",2012
AB850649.1,,Human gammaherpesvirus 4,Lymphocryptovirus humangamma4,,,"Human herpesvirus 4 DNA, complete genome, strain: HN4",168444,complete,China:Hunan,China,Homo sapiens,"Xiao,K., Yu,Z.Y.",2012
AB850650.1,,Human gammaherpesvirus 4,Lymphocryptovirus humangamma4,,,"Human herpesvirus 4 DNA, complete genome, strain: HN13",171440,complete,China:Hunan,China,Homo sapiens,"Xiao,K., Yu,Z.Y.",2012
AB850651.1,,Human gammaherpesvirus 4,Lymphocryptovirus humangamma4,,,"Human herpesvirus 4 DNA, complete genome, strain: HN14",171518,complete,China:Hunan,China,Homo sapiens,"Xiao,K., Yu,Z.Y.",2012
AB850652.1,,Human gammaherpesvirus 4,Lymphocryptovirus humangamma4,,,"Human herpesvirus 4 DNA, complete genome, strain: HN5",171733,complete,China:Hunan,China,Homo sapiens,"Xiao,K., Yu,Z.Y.",2012
AB850653.1,,Human gammaherpesvirus 4,Lymphocryptovirus humangamma4,,,"Human herpesvirus 4 DNA, complete genome, strain: HN6",171054,complete,China:Hunan,China,Homo sapiens,"Xiao,K., Yu,Z.Y.",2012
AB850654.1,,Human gammaherpesvirus 4,Lymphocryptovirus humangamma4,,,"Human herpesvirus 4 DNA, complete genome, strain: HN15",171822,complete,China:Hunan,China,Homo sapiens,"Xiao,K., Yu,Z.Y.",2012
AB850655.1,,Human gammaherpesvirus 4,Lymphocryptovirus humangamma4,,,"Human herpesvirus 4 DNA, complete genome, strain: HN7",171548,complete,China:Hunan,China,Homo sapiens,"Xiao,K., Yu,Z.Y.",2012
AB850656.1,,Human gammaherpesvirus 4,Lymphocryptovirus humangamma4,,,"Human herpesvirus 4 DNA, complete genome, strain: HN16",171609,complete,China:Hunan,China,Homo sapiens,"Xiao,K., Yu,Z.Y.",2012
AB850657.1,,Human gammaherpesvirus 4,Lymphocryptovirus humangamma4,,,"Human herpesvirus 4 DNA, complete genome, strain: HN8",169829,complete,China:Hunan,China,Homo sapiens,"Xiao,K., Yu,Z.Y.",2012
AB850658.1,,Human gammaherpesvirus 4,Lymphocryptovirus humangamma4,,,"Human herpesvirus 4 DNA, complete genome, strain: HN17",171394,complete,China:Hunan,China,Homo sapiens,"Xiao,K., Yu,Z.Y.",2012
AB850659.1,,Human gammaherpesvirus 4,Lymphocryptovirus humangamma4,,,"Human herpesvirus 4 DNA, complete genome, strain: HN9",171344,complete,China:Hunan,China,Homo sapiens,"Xiao,K., Yu,Z.Y.",2012
AB850660.1,,Human gammaherpesvirus 4,Lymphocryptovirus humangamma4,,,"Human herpesvirus 4 DNA, complete genome, strain: HN18",170059,complete,China:Hunan,China,Homo sapiens,"Xiao,K., Yu,Z.Y.",2012
KF717093.1,,Human gammaherpesvirus 4,Lymphocryptovirus humangamma4,,,"Human herpesvirus 4 strain Raji, complete genome",166182,complete,,,,"Anne,W., Marisa,S., Alexander,B., Tobias,S., Wolfgang,H.",
AB828190.1,,Human gammaherpesvirus 4,Lymphocryptovirus humangamma4,,,"Human herpesvirus 4 DNA, complete genome, strain: 1 LGY-C666-1",171021,complete,,,Homo sapiens,"Xiao,K., Yu,Z., Li,X., Tang,K., Tu,C., Qi,P., Liao,Q., Chen,P., Zeng,Z., Li,G., Xiong,W., Yu,Z.Y.",
AB828191.1,,Human gammaherpesvirus 4,Lymphocryptovirus humangamma4,,,"Human herpesvirus 4 DNA, complete genome, strain: 1 LGY-Raji",166107,complete,,,Homo sapiens,"Xiao,K., Yu,Z., Li,X., Tang,K., Tu,C., Qi,P., Liao,Q., Chen,P., Zeng,Z., Li,G., Xiong,W., Yu,Z.Y.",
KF373730.1,,Human gammaherpesvirus 4,Lymphocryptovirus humangamma4,,,"Human herpesvirus 4 strain M81, complete genome",176041,complete,Hong Kong,Hong Kong,Homo sapiens,"Tsai,M.H., Raykova,A., Klinke,O., Bernhardt,K., Gartner,K., Leung,C.S., Geletneky,K., Sertel,S., Munz,C., Feederle,R., Delecluse,H.J., Delecluse,H.-J., Klinke,O.K.",1970
KC207813.1,,Human gammaherpesvirus 4,Lymphocryptovirus humangamma4,,,"Human herpesvirus 4 strain Akata, complete genome",171323,complete,Japan,Japan,Homo sapiens,"Lin,Z., Wang,X., Strong,M.J., Concha,M., Baddoo,M., Xu,G., Baribault,C., Fewell,C., Hulme,W., Hedges,D., Taylor,C.M., Flemington,E.K.",
KC207814.1,,Human gammaherpesvirus 4,Lymphocryptovirus humangamma4,,,"Human herpesvirus 4 strain Mutu, complete genome",171687,complete,Kenya,Kenya,Homo sapiens,"Lin,Z., Wang,X., Strong,M.J., Concha,M., Baddoo,M., Xu,G., Baribault,C., Fewell,C., Hulme,W., Hedges,D., Taylor,C.M., Flemington,E.K.",
JQ009376.2,,Human gammaherpesvirus 4,Lymphocryptovirus humangamma4,,,"Human herpesvirus 4 strain HKNPC1, genome",171553,complete,"China: Hong Kong, SAR",China,Homo sapiens,"Kwok,H., Tong,A.H., Lin,C.H., Lok,S., Farrell,P.J., Kwong,D.L., Chiang,A.K., Tong,A.H.Y., Kwong,D.L.W., Chiang,A.K.S.",2008-05-09
HQ020558.1,,Human gammaherpesvirus 4,Lymphocryptovirus humangamma4,,,"Human herpesvirus 4 strain GD2, complete genome",164669,complete,,,Homo sapiens,"Liu,P., Fang,X., Feng,Z., Guo,Y.M., Peng,R.J., Liu,T., Huang,Z., Feng,Y., Sun,X., Xiong,Z., Guo,X., Pang,S.S., Wang,B., Lv,X., Feng,F.T., Li,D.J., Chen,L.Z., Feng,Q.S., Huang,W.L., Zeng,M.S., Bei,J.X., Zhang,Y., Zeng,Y.X.",2009
DQ279927.1,,Human gammaherpesvirus 4,Lymphocryptovirus humangamma4,,,"Human herpesvirus 4 strain AG876, complete genome",172764,complete,Ghana,Ghana,Homo sapiens,"Dolan,A., Addison,C., Gatherer,D., Davison,A.J., McGeoch,D.J., Rickinson,A.B.",
AY961628.3,,Human gammaherpesvirus 4,Lymphocryptovirus humangamma4,,,"Human herpesvirus 4 strain GD1, complete genome",171657,complete,China: Guangdong,China,,"Zeng,M.S., Li,D.J., Liu,Q.L., Song,L.B., Li,M.Z., Zhang,R.H., Yu,X.J., Wang,H.M., Ernberg,I., Zeng,Y.X., Ma,Y.H., Jian,S.W., Zhang,X.S., Mai,S.J., Song,K.H.",
M80517.1,,Human gammaherpesvirus 4,Lymphocryptovirus humangamma4,,,"Epstein-Barr virus, artifactual joining of B95-8 complete genome and the sequences from Raji of the large deletion found in B95-8",184113,complete,,,,"Baer,R.J., Bankier,A.T., Biggin,M.D., Deininger,P.L., Farrell,P.J., Gibson,T.J., Hatfull,G.F., Hudson,G.S., Satchwell,S.C., Seguin,C., Tuffnell,P.S., Barrell,B.G., Parker,B.D., Bankier,A., Satchwell,S., Barrell,B., Sample,J., Brooks,L., Sample,C., Young,L., Rowe,M., Gregory,C., Rickinson,A., Kieff,E., Jenson,H.B.",
