Accession,BioSample,Organism_Name,Species,Isolate,Segment,GenBank_Title,Length,Nuc_Completeness,Geo_Location,Country,Host,Collection_Date
NC_004676,,East African cassava mosaic virus,Begomovirus manihotisafricaense,,DNA B,"East African cassava mosaic virus DNA B, complete sequence",2777,complete,Uganda,Uganda,,
NC_004674,,East African cassava mosaic virus,Begomovirus manihotisafricaense,,DNA A,"East African cassava mosaic virus DNA A, complete sequence",2799,complete,Uganda,Uganda,,
LC917176,,East African cassava mosaic virus - Uganda,Begomovirus manihotisafricaense,CI_12_UG,DNA-A,"East African cassava mosaic virus - Uganda CI_12_UG CP gene for coat protein, partial cds",392,partial,Cote d'Ivoire: San-Pedro,Cote d'Ivoire,Manihot esculenta,2025-04-03
LC917177,,East African cassava mosaic virus - Uganda,Begomovirus manihotisafricaense,CI_29_UG,DNA-A,"East African cassava mosaic virus - Uganda CI_29_UG CP gene for coat protein, partial cds",392,partial,"Cote d'Ivoire: San-Pedro, Tabou",Cote d'Ivoire,Manihot esculenta,2025-04-04
LC917178,,East African cassava mosaic virus - Uganda,Begomovirus manihotisafricaense,CI_48_UG,DNA-A,"East African cassava mosaic virus - Uganda CI_48_UG CP gene for coat protein, partial cds",389,partial,"Cote d'Ivoire: San-Pedro, Tabou",Cote d'Ivoire,Manihot esculenta,2025-04-05
LC917179,,East African cassava mosaic virus - Uganda,Begomovirus manihotisafricaense,CI_56_UG,DNA-A,"East African cassava mosaic virus - Uganda CI_56_UG CP gene for coat protein, partial cds",392,partial,"Cote d'Ivoire: San-Pedro, Tabou",Cote d'Ivoire,Manihot esculenta,2025-04-06
LC917180,,East African cassava mosaic virus - Uganda,Begomovirus manihotisafricaense,CI_58_UG,DNA-A,"East African cassava mosaic virus - Uganda CI_58_UG CP gene for coat protein, partial cds",392,partial,"Cote d'Ivoire: San-Pedro, Tabou",Cote d'Ivoire,Manihot esculenta,2025-04-06
LC917181,,East African cassava mosaic virus - Uganda,Begomovirus manihotisafricaense,CI_66_UG,DNA-A,"East African cassava mosaic virus - Uganda CI_66_UG CP gene for coat protein, partial cds",377,partial,"Cote d'Ivoire: San-Pedro, Tabou",Cote d'Ivoire,Manihot esculenta,2025-04-06
LC917182,,East African cassava mosaic virus - Uganda,Begomovirus manihotisafricaense,CI_71_UG,DNA-A,"East African cassava mosaic virus - Uganda CI_71_UG CP gene for coat protein, partial cds",392,partial,"Cote d'Ivoire: San-Pedro, Tabou",Cote d'Ivoire,Manihot esculenta,2025-04-06
LC917183,,East African cassava mosaic virus - Uganda,Begomovirus manihotisafricaense,CI_86_UG,DNA-A,"East African cassava mosaic virus - Uganda CI_86_UG CP gene for coat protein, partial cds",392,partial,Cote d'Ivoire: Tai,Cote d'Ivoire,Manihot esculenta,2025-04-07
LC917184,,East African cassava mosaic virus - Uganda,Begomovirus manihotisafricaense,CI_98_UG,DNA-A,"East African cassava mosaic virus - Uganda CI_98_UG CP gene for coat protein, partial cds",395,partial,Cote d'Ivoire: Tai,Cote d'Ivoire,Manihot esculenta,2025-04-08
LC917185,,East African cassava mosaic virus - Uganda,Begomovirus manihotisafricaense,CI_102_UG,DNA-A,"East African cassava mosaic virus - Uganda CI_102_UG CP gene for coat protein, partial cds",392,partial,Cote d'Ivoire: Tai,Cote d'Ivoire,Manihot esculenta,2025-04-08
LC917186,,East African cassava mosaic virus - Uganda,Begomovirus manihotisafricaense,CI_114_UG,DNA-A,"East African cassava mosaic virus - Uganda CI_114_UG CP gene for coat protein, partial cds",392,partial,"Cote d'Ivoire: Guiglo, Zro",Cote d'Ivoire,Manihot esculenta,2025-04-08
LC917187,,East African cassava mosaic virus - Uganda,Begomovirus manihotisafricaense,CI_124_UG,DNA-A,"East African cassava mosaic virus - Uganda CI_124_UG CP gene for coat protein, partial cds",392,partial,"Cote d'Ivoire: Guiglo, Glopaoudi",Cote d'Ivoire,Manihot esculenta,2025-04-09
LC917188,,East African cassava mosaic virus - Uganda,Begomovirus manihotisafricaense,CI_127_UG,DNA-A,"East African cassava mosaic virus - Uganda CI_127_UG CP gene for coat protein, partial cds",392,partial,"Cote d'Ivoire: Guiglo, Guezon",Cote d'Ivoire,Manihot esculenta,2025-04-09
LC917189,,East African cassava mosaic virus - Uganda,Begomovirus manihotisafricaense,CI_139_UG,DNA-A,"East African cassava mosaic virus - Uganda CI_139_UG CP gene for coat protein, partial cds",389,partial,Cote d'Ivoire: Blolequin,Cote d'Ivoire,Manihot esculenta,2025-04-09
LC917190,,East African cassava mosaic virus - Uganda,Begomovirus manihotisafricaense,CI_144_UG,DNA-A,"East African cassava mosaic virus - Uganda CI_144_UG CP gene for coat protein, partial cds",392,partial,Cote d'Ivoire: Blolequin,Cote d'Ivoire,Manihot esculenta,2025-04-09
LC917191,,East African cassava mosaic virus - Uganda,Begomovirus manihotisafricaense,CI_163_UG,DNA-A,"East African cassava mosaic virus - Uganda CI_163_UG CP gene for coat protein, partial cds",392,partial,Cote d'Ivoire: Blolequin,Cote d'Ivoire,Manihot esculenta,2025-04-10
LC917192,,East African cassava mosaic virus - Uganda,Begomovirus manihotisafricaense,CI_165_UG,DNA-A,"East African cassava mosaic virus - Uganda CI_165_UG CP gene for coat protein, partial cds",392,partial,Cote d'Ivoire: Blolequin,Cote d'Ivoire,Manihot esculenta,2025-04-10
LC917193,,East African cassava mosaic virus - Uganda,Begomovirus manihotisafricaense,CI_166_UG,DNA-A,"East African cassava mosaic virus - Uganda CI_166_UG CP gene for coat protein, partial cds",392,partial,Cote d'Ivoire: Blolequin,Cote d'Ivoire,Manihot esculenta,2025-04-10
LC917194,,East African cassava mosaic virus - Uganda,Begomovirus manihotisafricaense,CI_167_UG,DNA-A,"East African cassava mosaic virus - Uganda CI_167_UG CP gene for coat protein, partial cds",392,partial,Cote d'Ivoire: Blolequin,Cote d'Ivoire,Manihot esculenta,2025-04-10
LC917195,,East African cassava mosaic virus - Uganda,Begomovirus manihotisafricaense,CI_194_UG,DNA-A,"East African cassava mosaic virus - Uganda CI_194_UG CP gene for coat protein, partial cds",392,partial,Cote d'Ivoire: Toulepleu,Cote d'Ivoire,Manihot esculenta,2025-04-11
LC917196,,East African cassava mosaic virus - Uganda,Begomovirus manihotisafricaense,CI_205_UG,DNA-A,"East African cassava mosaic virus - Uganda CI_205_UG CP gene for coat protein, partial cds",389,partial,Cote d'Ivoire: Toulepleu,Cote d'Ivoire,Manihot esculenta,2025-04-11
LC917197,,East African cassava mosaic virus - Uganda,Begomovirus manihotisafricaense,CI_211_UG,DNA-A,"East African cassava mosaic virus - Uganda CI_211_UG CP gene for coat protein, partial cds",392,partial,Cote d'Ivoire: Toulepleu,Cote d'Ivoire,Manihot esculenta,2025-04-11
LC917198,,East African cassava mosaic virus - Uganda,Begomovirus manihotisafricaense,CI_212_UG,DNA-A,"East African cassava mosaic virus - Uganda CI_212_UG CP gene for coat protein, partial cds",392,partial,Cote d'Ivoire: Toulepleu,Cote d'Ivoire,Manihot esculenta,2025-04-11
LC917199,,East African cassava mosaic virus - Uganda,Begomovirus manihotisafricaense,CI_214_UG,DNA-A,"East African cassava mosaic virus - Uganda CI_214_UG CP gene for coat protein, partial cds",392,partial,Cote d'Ivoire: Toulepleu,Cote d'Ivoire,Manihot esculenta,2025-04-11
LC917200,,East African cassava mosaic virus - Uganda,Begomovirus manihotisafricaense,CI_215_UG,DNA-A,"East African cassava mosaic virus - Uganda CI_215_UG CP gene for coat protein, partial cds",392,partial,Cote d'Ivoire: Toulepleu,Cote d'Ivoire,Manihot esculenta,2025-04-11
LC917201,,East African cassava mosaic virus - Uganda,Begomovirus manihotisafricaense,CI_223_UG,DNA-A,"East African cassava mosaic virus - Uganda CI_223_UG CP gene for coat protein, partial cds",392,partial,Cote d'Ivoire: Zouan-Hounien,Cote d'Ivoire,Manihot esculenta,2025-04-12
LC917202,,East African cassava mosaic virus - Uganda,Begomovirus manihotisafricaense,CI_228_UG,DNA-A,"East African cassava mosaic virus - Uganda CI_228_UG CP gene for coat protein, partial cds",392,partial,Cote d'Ivoire: Zouan-Hounien,Cote d'Ivoire,Manihot esculenta,2025-04-12
LC917203,,East African cassava mosaic virus - Uganda,Begomovirus manihotisafricaense,CI_260_UG,DNA-A,"East African cassava mosaic virus - Uganda CI_260_UG CP gene for coat protein, partial cds",393,partial,Cote d'Ivoire: Danane,Cote d'Ivoire,Manihot esculenta,2025-04-13
LC917204,,East African cassava mosaic virus - Uganda,Begomovirus manihotisafricaense,CI_262_UG,DNA-A,"East African cassava mosaic virus - Uganda CI_262_UG CP gene for coat protein, partial cds",392,partial,Cote d'Ivoire: Danane,Cote d'Ivoire,Manihot esculenta,2025-04-13
LC917205,,East African cassava mosaic virus - Uganda,Begomovirus manihotisafricaense,CI_263_UG,DNA-A,"East African cassava mosaic virus - Uganda CI_263_UG CP gene for coat protein, partial cds",392,partial,Cote d'Ivoire: Danane,Cote d'Ivoire,Manihot esculenta,2025-04-13
LC917206,,East African cassava mosaic virus - Uganda,Begomovirus manihotisafricaense,CI_279_UG,DNA-A,"East African cassava mosaic virus - Uganda CI_279_UG CP gene for coat protein, partial cds",392,partial,Cote d'Ivoire: Danane,Cote d'Ivoire,Manihot esculenta,2025-04-13
LC917207,,East African cassava mosaic virus - Uganda,Begomovirus manihotisafricaense,CI_288_UG,DNA-A,"East African cassava mosaic virus - Uganda CI_288_UG CP gene for coat protein, partial cds",382,partial,Cote d'Ivoire: Danane,Cote d'Ivoire,Manihot esculenta,2025-04-14
LC917208,,East African cassava mosaic virus - Uganda,Begomovirus manihotisafricaense,CI_321_UG,DNA-A,"East African cassava mosaic virus - Uganda CI_321_UG CP gene for coat protein, partial cds",392,partial,Cote d'Ivoire: Gbeleban,Cote d'Ivoire,Manihot esculenta,2025-04-03
LC917209,,East African cassava mosaic virus - Uganda,Begomovirus manihotisafricaense,CI_384_UG,DNA-A,"East African cassava mosaic virus - Uganda CI_384_UG CP gene for coat protein, partial cds",392,partial,Cote d'Ivoire: Booro,Cote d'Ivoire,Manihot esculenta,2025-04-07
LC917210,,East African cassava mosaic virus - Uganda,Begomovirus manihotisafricaense,CI_385_UG,DNA-A,"East African cassava mosaic virus - Uganda CI_385_UG CP gene for coat protein, partial cds",392,partial,Cote d'Ivoire: Booro,Cote d'Ivoire,Manihot esculenta,2025-04-07
LC917211,,East African cassava mosaic virus - Uganda,Begomovirus manihotisafricaense,CI_444_UG,DNA-A,"East African cassava mosaic virus - Uganda CI_444_UG CP gene for coat protein, partial cds",392,partial,Cote d'Ivoire: Serifina,Cote d'Ivoire,Manihot esculenta,2025-04-10
LC917212,,East African cassava mosaic virus - Uganda,Begomovirus manihotisafricaense,CI_467_UG,DNA-A,"East African cassava mosaic virus - Uganda CI_467_UG CP gene for coat protein, partial cds",389,partial,Cote d'Ivoire: Zedoubeupleu,Cote d'Ivoire,Manihot esculenta,2025-04-11
LC917213,,East African cassava mosaic virus - Uganda,Begomovirus manihotisafricaense,CI_471_UG,DNA-A,"East African cassava mosaic virus - Uganda CI_471_UG CP gene for coat protein, partial cds",378,partial,Cote d'Ivoire: Zokoma,Cote d'Ivoire,Manihot esculenta,2025-04-11
LC917214,,East African cassava mosaic virus - Uganda,Begomovirus manihotisafricaense,CI_474_UG,DNA-A,"East African cassava mosaic virus - Uganda CI_474_UG CP gene for coat protein, partial cds",395,partial,Cote d'Ivoire: Yorodougou,Cote d'Ivoire,Manihot esculenta,2025-04-11
LC917215,,East African cassava mosaic virus - Uganda,Begomovirus manihotisafricaense,CI_477_UG,DNA-A,"East African cassava mosaic virus - Uganda CI_477_UG CP gene for coat protein, partial cds",388,partial,Cote d'Ivoire: Gnamapleu,Cote d'Ivoire,Manihot esculenta,2025-04-11
LC917216,,East African cassava mosaic virus - Uganda,Begomovirus manihotisafricaense,CI_478_UG,DNA-A,"East African cassava mosaic virus - Uganda CI_478_UG CP gene for coat protein, partial cds",392,partial,Cote d'Ivoire: Gnamapleu,Cote d'Ivoire,Manihot esculenta,2025-04-11
LC917217,,East African cassava mosaic virus - Uganda,Begomovirus manihotisafricaense,CI_481_UG,DNA-A,"East African cassava mosaic virus - Uganda CI_481_UG CP gene for coat protein, partial cds",392,partial,Cote d'Ivoire: Sema,Cote d'Ivoire,Manihot esculenta,2025-04-11
LC917218,,East African cassava mosaic virus - Uganda,Begomovirus manihotisafricaense,CI_487_UG,DNA-A,"East African cassava mosaic virus - Uganda CI_487_UG CP gene for coat protein, partial cds",392,partial,Cote d'Ivoire: Sipilou,Cote d'Ivoire,Manihot esculenta,2025-04-11
LC917219,,East African cassava mosaic virus - Uganda,Begomovirus manihotisafricaense,CI_500_UG,DNA-A,"East African cassava mosaic virus - Uganda CI_500_UG CP gene for coat protein, partial cds",392,partial,Cote d'Ivoire: Diempleu,Cote d'Ivoire,Manihot esculenta,2025-04-12
LC917220,,East African cassava mosaic virus - Uganda,Begomovirus manihotisafricaense,CI_508_UG,DNA-A,"East African cassava mosaic virus - Uganda CI_508_UG CP gene for coat protein, partial cds",378,partial,Cote d'Ivoire: Danane,Cote d'Ivoire,Manihot esculenta,2025-04-13
LC917221,,East African cassava mosaic virus - Uganda,Begomovirus manihotisafricaense,CI_510_UG,DNA-A,"East African cassava mosaic virus - Uganda CI_510_UG CP gene for coat protein, partial cds",390,partial,Cote d'Ivoire: Bohpleu cavally,Cote d'Ivoire,Manihot esculenta,2025-04-13
LC917222,,East African cassava mosaic virus - Uganda,Begomovirus manihotisafricaense,CI_518_UG,DNA-A,"East African cassava mosaic virus - Uganda CI_518_UG CP gene for coat protein, partial cds",392,partial,Cote d'Ivoire: Gouzepleu,Cote d'Ivoire,Manihot esculenta,2025-04-13
LC917223,,East African cassava mosaic virus - Uganda,Begomovirus manihotisafricaense,CI_531_UG,DNA-A,"East African cassava mosaic virus - Uganda CI_531_UG CP gene for coat protein, partial cds",389,partial,Cote d'Ivoire: Blapleu,Cote d'Ivoire,Manihot esculenta,2025-04-13
LC917224,,East African cassava mosaic virus - Uganda,Begomovirus manihotisafricaense,CI_533_UG,DNA-A,"East African cassava mosaic virus - Uganda CI_533_UG CP gene for coat protein, partial cds",392,partial,Cote d'Ivoire: Beinpleu,Cote d'Ivoire,Manihot esculenta,2025-04-14
LC917225,,East African cassava mosaic virus - Uganda,Begomovirus manihotisafricaense,CI_535_UG,DNA-A,"East African cassava mosaic virus - Uganda CI_535_UG CP gene for coat protein, partial cds",392,partial,Cote d'Ivoire: Sangouine,Cote d'Ivoire,Manihot esculenta,2025-04-14
PV524653,,East African cassava mosaic virus,Begomovirus manihotisafricaense,Senegal-SN88SF-2023,,"East African cassava mosaic virus isolate Senegal-SN88SF-2023, complete genome",2798,complete,Senegal,Senegal,,2023-11
PV524654,,East African cassava mosaic virus,Begomovirus manihotisafricaense,Senegal-SN88SA-2023,,"East African cassava mosaic virus isolate Senegal-SN88SA-2023, complete genome",2798,complete,Senegal,Senegal,,2023-11
LC832863,,East African cassava mosaic virus,Begomovirus manihotisafricaense,Forecariah:07,DNA-A,"East African cassava mosaic virus Forecariah:07 DNA, segment DNA-A, complete genome",2799,complete,Guinea:Forecariah,Guinea,,2023-07-31
LC832864,,East African cassava mosaic virus,Begomovirus manihotisafricaense,Forecariah:23,DNA-B,"East African cassava mosaic virus Forecariah:23 DNA, segment DNA-B, complete genome",2774,complete,Guinea:Forecariah,Guinea,Manihot esculenta,2023-07-31
LC832865,,East African cassava mosaic virus,Begomovirus manihotisafricaense,EACMV-Ug-DNA-B,,"East African cassava mosaic virus EACMV-Ug-DNA-B DNA, complete genome",2777,complete,Guinea:Forecariah,Guinea,,2023-07-31
MT821897,,East African cassava mosaic virus,Begomovirus manihotisafricaense,Ls-Ru-ZM02-E,DNA-A,"East African cassava mosaic virus isolate Ls-Ru-ZM02-E segment DNA-A, complete sequence",2799,complete,Zambia,Zambia,Manihot esculenta,2013
MT821898,,East African cassava mosaic virus,Begomovirus manihotisafricaense,E-Ln-ZM07-E,DNA-A,"East African cassava mosaic virus isolate E-Ln-ZM07-E segment DNA-A, complete sequence",2799,complete,Zambia,Zambia,Manihot esculenta,2013
MT821899,,East African cassava mosaic virus,Begomovirus manihotisafricaense,E-Ln-ZM08-E,DNA-A,"East African cassava mosaic virus isolate E-Ln-ZM08-E segment DNA-A, complete sequence",2799,complete,Zambia,Zambia,Manihot esculenta,2013
MT821900,,East African cassava mosaic virus,Begomovirus manihotisafricaense,E-Ln-ZM09-E,DNA-A,"East African cassava mosaic virus isolate E-Ln-ZM09-E segment DNA-A, complete sequence",2799,complete,Zambia,Zambia,Manihot esculenta,2013
MT821901,,East African cassava mosaic virus,Begomovirus manihotisafricaense,W-Lu-ZM15-E,DNA-A,"East African cassava mosaic virus isolate W-Lu-ZM15-E segment DNA-A, complete sequence",2799,complete,Zambia,Zambia,Manihot esculenta,2013
MT821902,,East African cassava mosaic virus,Begomovirus manihotisafricaense,W-Mo-ZM17-E,DNA-A,"East African cassava mosaic virus isolate W-Mo-ZM17-E segment DNA-A, complete sequence",2801,complete,Zambia,Zambia,Manihot esculenta,2013
MT821903,,East African cassava mosaic virus,Begomovirus manihotisafricaense,W-Mo-ZM18-E,DNA-A,"East African cassava mosaic virus isolate W-Mo-ZM18-E segment DNA-A, complete sequence",2799,complete,Zambia,Zambia,Manihot esculenta,2013
MZ595251,,East African cassava mosaic virus,Begomovirus manihotisafricaense,TZ UNG 1,,"UNVERIFIED: East African cassava mosaic virus isolate TZ UNG 1 replication associated protein-like gene, partial sequence",327,partial,,,,
MZ595252,,East African cassava mosaic virus,Begomovirus manihotisafricaense,TZ UNG 2,,"East African cassava mosaic virus isolate TZ UNG 2 replication associated protein gene, partial cds",405,partial,,,,
MZ595253,,East African cassava mosaic virus,Begomovirus manihotisafricaense,TZ PMB 3,,"East African cassava mosaic virus isolate TZ PMB 3 replication associated protein gene, partial cds",408,partial,,,,
MZ595254,,East African cassava mosaic virus,Begomovirus manihotisafricaense,TZ PMB 4,,"East African cassava mosaic virus isolate TZ PMB 4 replication associated protein gene, partial cds",407,partial,,,,
MZ595255,,East African cassava mosaic virus,Begomovirus manihotisafricaense,TZ UNG 5,,"East African cassava mosaic virus isolate TZ UNG 5 replication associated protein gene, partial cds",407,partial,,,,
MZ595256,,East African cassava mosaic virus,Begomovirus manihotisafricaense,TZ UNG 6,,"East African cassava mosaic virus isolate TZ UNG 6 replication associated protein gene, partial cds",403,partial,,,,
MZ595257,,East African cassava mosaic virus,Begomovirus manihotisafricaense,TZ UNG 7,,"East African cassava mosaic virus isolate TZ UNG 7 replication associated protein gene, partial cds",407,partial,,,,
MZ595258,,East African cassava mosaic virus,Begomovirus manihotisafricaense,TZ PMB 8,,"East African cassava mosaic virus isolate TZ PMB 8 replication associated protein gene, partial cds",405,partial,,,,
MZ595264,,East African cassava mosaic virus,Begomovirus manihotisafricaense,TZ PMB 14,A,"East African cassava mosaic virus isolate TZ PMB 14 segment A, complete sequence",2739,complete,Tanzania,Tanzania,,2018-08-18
MZ494476,,East African cassava mosaic virus,Begomovirus manihotisafricaense,Comoros:Ngazidja1.1,DNA-B,"East African cassava mosaic virus isolate Comoros:Ngazidja1.1 segment DNA-B, complete sequence",2752,complete,Comoros,Comoros,Manihot esculenta,2019-07-02
MZ494477,,East African cassava mosaic virus,Begomovirus manihotisafricaense,Comoros:Ngazidja16.1,DNA-B,"East African cassava mosaic virus isolate Comoros:Ngazidja16.1 segment DNA-B, partial sequence",2529,partial,Comoros,Comoros,Manihot esculenta,2019-07-04
MZ494478,,East African cassava mosaic virus,Begomovirus manihotisafricaense,Comoros:Nzwani19.4,DNA-B,"East African cassava mosaic virus isolate Comoros:Nzwani19.4 segment DNA-B, partial sequence",2563,partial,Comoros,Comoros,Manihot esculenta,2019-07-05
MZ494479,,East African cassava mosaic virus,Begomovirus manihotisafricaense,Comoros:Nzwani13.5,DNA-B,"East African cassava mosaic virus isolate Comoros:Nzwani13.5 segment DNA-B, complete sequence",2764,complete,Comoros,Comoros,Manihot esculenta,2019-07-11
MZ494480,,East African cassava mosaic virus,Begomovirus manihotisafricaense,Comoros:Mwali3.3,DNA-B,"East African cassava mosaic virus isolate Comoros:Mwali3.3 segment DNA-B, partial sequence",2618,partial,Comoros,Comoros,Manihot esculenta,2019-07-14
MZ494481,,East African cassava mosaic virus,Begomovirus manihotisafricaense,Comoros:Mwali12.2,DNA-B,"East African cassava mosaic virus isolate Comoros:Mwali12.2 segment DNA-B, partial sequence",2343,partial,Comoros,Comoros,Manihot esculenta,2019-07-15
MZ494482,,East African cassava mosaic virus,Begomovirus manihotisafricaense,Comoros:Ngazidja1.1,DNA-A,"East African cassava mosaic virus isolate Comoros:Ngazidja1.1 segment DNA-A, complete sequence",2802,complete,Comoros,Comoros,Manihot esculenta,2019-07-02
MZ494483,,East African cassava mosaic virus,Begomovirus manihotisafricaense,Comoros:Ngazidja16.1,DNA-A,"East African cassava mosaic virus isolate Comoros:Ngazidja16.1 segment DNA-A, complete sequence",2802,complete,Comoros,Comoros,Manihot esculenta,2019-07-04
MZ494484,,East African cassava mosaic virus,Begomovirus manihotisafricaense,Comoros:Nzwani19.4,DNA-A,"East African cassava mosaic virus isolate Comoros:Nzwani19.4 segment DNA-A, complete sequence",2801,complete,Comoros,Comoros,Manihot esculenta,2019-07-05
MZ494485,,East African cassava mosaic virus,Begomovirus manihotisafricaense,Comoros:Nzwani13.5,DNA-A,"East African cassava mosaic virus isolate Comoros:Nzwani13.5 segment DNA-A, partial sequence",2113,partial,Comoros,Comoros,Manihot esculenta,2019-07-11
MZ494486,,East African cassava mosaic virus,Begomovirus manihotisafricaense,Comoros:Mwali3.3,DNA-A,"East African cassava mosaic virus isolate Comoros:Mwali3.3 segment DNA-A, partial sequence",2751,partial,Comoros,Comoros,Manihot esculenta,2019-07-14
MZ494487,,East African cassava mosaic virus,Begomovirus manihotisafricaense,Comoros:Mwali3.4,DNA-A,"East African cassava mosaic virus isolate Comoros:Mwali3.4 segment DNA-A, complete sequence",2795,complete,Comoros,Comoros,Manihot esculenta,2019-07-14
MZ570970,,East African cassava mosaic virus,Begomovirus manihotisafricaense,EACMV K401,DNA-A,"East African cassava mosaic virus isolate EACMV K401 segment DNA-A, complete sequence",2801,complete,Kenya,Kenya,Manihot esculenta,2018-11-15
MZ570971,,East African cassava mosaic virus,Begomovirus manihotisafricaense,EACMV K401,DNA-B,"East African cassava mosaic virus isolate EACMV K401 segment DNA-B, complete sequence",2754,complete,Kenya,Kenya,Manihot esculenta,2018-11-15
OM386994,,East African cassava mosaic virus,Begomovirus manihotisafricaense,EACMV/OYO_AKI_02,,"East African cassava mosaic virus isolate EACMV/OYO_AKI_02 coat protein (AV1) gene, partial cds",776,partial,Nigeria:Oyo State,Nigeria,Manihot esculenta,2021
OM386995,,East African cassava mosaic virus,Begomovirus manihotisafricaense,EACMV/OYO_EGB_06,,"East African cassava mosaic virus isolate EACMV/OYO_EGB_06 coat protein (AV1) gene, partial cds",775,partial,Nigeria:Oyo State,Nigeria,Manihot esculenta,2021
OM386996,,East African cassava mosaic virus,Begomovirus manihotisafricaense,EACMV/OYO_ONA_11,,"East African cassava mosaic virus isolate EACMV/OYO_ONA_11 coat protein (AV1) gene, partial cds",773,partial,Nigeria:Oyo State,Nigeria,Manihot esculenta,2021
OM386997,,East African cassava mosaic virus,Begomovirus manihotisafricaense,EACMV/OYO_ATS_15,,"East African cassava mosaic virus isolate EACMV/OYO_ATS_15 coat protein (AV1) gene, partial cds",773,partial,Nigeria:Oyo State,Nigeria,Manihot esculenta,2021
OM386998,,East African cassava mosaic virus,Begomovirus manihotisafricaense,EACMV/OYO_SUR_18,,"East African cassava mosaic virus isolate EACMV/OYO_SUR_18 coat protein (AV1) gene, partial cds",775,partial,Nigeria:Oyo State,Nigeria,Manihot esculenta,2021
OM386999,,East African cassava mosaic virus,Begomovirus manihotisafricaense,EACMV/ANA_UNI_01,,"East African cassava mosaic virus isolate EACMV/ANA_UNI_01 coat protein (AV1) gene, partial cds",774,partial,Nigeria:Anambra State,Nigeria,Manihot esculenta,2021
OM387000,,East African cassava mosaic virus,Begomovirus manihotisafricaense,EACMV/ANA_IFT_04,,"East African cassava mosaic virus isolate EACMV/ANA_IFT_04 coat protein (AV1) gene, partial cds",777,partial,Nigeria:Anambra State,Nigeria,Manihot esculenta,2021
OM387001,,East African cassava mosaic virus,Begomovirus manihotisafricaense,EACMV/ANA_OKW_07,,"East African cassava mosaic virus isolate EACMV/ANA_OKW_07 coat protein (AV1) gene, partial cds",776,partial,Nigeria:Anambra State,Nigeria,Manihot esculenta,2021
OM387002,,East African cassava mosaic virus,Begomovirus manihotisafricaense,EACMV/ANA_OKW_08,,"East African cassava mosaic virus isolate EACMV/ANA_OKW_08 coat protein (AV1) gene, partial cds",772,partial,Nigeria:Anambra State,Nigeria,Manihot esculenta,2021
OL444942,,East African cassava mosaic virus,Begomovirus manihotisafricaense,DSMZ PV-1302,DNA A,"East African cassava mosaic virus isolate DSMZ PV-1302 segment DNA A, complete sequence",2798,complete,Rwanda: Huye,Rwanda,Manihot esculenta,
OL444943,,East African cassava mosaic virus,Begomovirus manihotisafricaense,DSMZ PV-1302,DNA B,"East African cassava mosaic virus isolate DSMZ PV-1302 segment DNA B, complete sequence",2775,complete,Rwanda: Huye,Rwanda,Manihot esculenta,
MT571458,,East African cassava mosaic virus,Begomovirus manihotisafricaense,S1,,"East African cassava mosaic virus isolate S1 AC1 protein (AC1) gene, partial cds",911,partial,Nigeria,Nigeria,Manihot esculenta,2019
MT571459,,East African cassava mosaic virus,Begomovirus manihotisafricaense,S3,,"East African cassava mosaic virus isolate S3 AC1 protein (AC1) gene, partial cds",1061,partial,Nigeria,Nigeria,Manihot esculenta,2019
MT571460,,East African cassava mosaic virus,Begomovirus manihotisafricaense,S4,,"East African cassava mosaic virus isolate S4 AC1 protein (AC1) gene, partial cds",888,partial,Nigeria,Nigeria,Manihot esculenta,2019
MT571461,,East African cassava mosaic virus,Begomovirus manihotisafricaense,S2,,"East African cassava mosaic virus isolate S2 coat protein (AV1) gene, partial cds",608,partial,Nigeria,Nigeria,Manihot esculenta,2019
MT571462,,East African cassava mosaic virus,Begomovirus manihotisafricaense,S4,,"East African cassava mosaic virus isolate S4 coat protein (AV1) gene, partial cds",886,partial,Nigeria,Nigeria,Manihot esculenta,2019
MW826362,,East African cassava mosaic virus,Begomovirus manihotisafricaense,NG_2017_612,,"East African cassava mosaic virus isolate NG_2017_612 coat protein (CP) gene, partial cds",755,partial,Nigeria,Nigeria,Manihot esculenta,2017
MW826363,,East African cassava mosaic virus,Begomovirus manihotisafricaense,NG_2019_343,,"East African cassava mosaic virus isolate NG_2019_343 coat protein (CP) gene, partial cds",756,partial,Nigeria,Nigeria,Manihot esculenta,2019
MW826364,,East African cassava mosaic virus,Begomovirus manihotisafricaense,NG_2019_347,,"East African cassava mosaic virus isolate NG_2019_347 coat protein (CP) gene, partial cds",774,partial,Nigeria,Nigeria,Manihot esculenta,2019
MT599321,,East African cassava mosaic virus,Begomovirus manihotisafricaense,CCB11,,"East African cassava mosaic virus isolate CCB11 Rep (AC1) gene, partial cds",484,partial,Gabon,Gabon,Manihot esculenta,2014-06
MT599480,,East African cassava mosaic virus,Begomovirus manihotisafricaense,MBGb59,,"East African cassava mosaic virus isolate MBGb59 Rep (AC1) gene, partial cds",484,partial,Gabon,Gabon,Manihot esculenta,2015-05
MT599482,,East African cassava mosaic virus,Begomovirus manihotisafricaense,MBGb67,,"East African cassava mosaic virus isolate MBGb67 Rep (AC1) gene, partial cds",484,partial,Gabon,Gabon,Manihot esculenta,2015-05
MT599559,,East African cassava mosaic virus,Begomovirus manihotisafricaense,MOP22,,"East African cassava mosaic virus isolate MOP22 Rep (AC1) gene, partial cds",484,partial,Gabon,Gabon,Manihot esculenta,2006-10
MT599560,,East African cassava mosaic virus - Uganda,Begomovirus manihotisafricaense,MOP25,,"East African cassava mosaic virus - Uganda isolate MOP25 Rep (AC1) gene, partial cds",484,partial,Gabon,Gabon,Manihot esculenta,2006-10
MT599562,,East African cassava mosaic virus - Uganda,Begomovirus manihotisafricaense,MOP33,,"East African cassava mosaic virus - Uganda isolate MOP33 Rep (AC1) gene, partial cds",484,partial,Gabon,Gabon,Manihot esculenta,2006-10
MT599565,,East African cassava mosaic virus-Uganda2 Severe,Begomovirus manihotisafricaense,MOP36,,"East African cassava mosaic virus-Uganda2 Severe isolate MOP36 Rep (AC1) gene, partial cds",484,partial,Gabon,Gabon,Manihot esculenta,2006-10
MT599573,,East African cassava mosaic virus - Uganda,Begomovirus manihotisafricaense,MOP70,,"East African cassava mosaic virus - Uganda isolate MOP70 Rep (AC1) gene, partial cds",484,partial,Gabon,Gabon,Manihot esculenta,2006-10
MT599593,,East African cassava mosaic virus,Begomovirus manihotisafricaense,MVL20,,"East African cassava mosaic virus isolate MVL20 Rep (AC1) gene, partial cds",484,partial,Gabon,Gabon,Manihot esculenta,2014-05
MT599594,,East African cassava mosaic virus,Begomovirus manihotisafricaense,MVL21,,"East African cassava mosaic virus isolate MVL21 Rep (AC1) gene, partial cds",484,partial,Gabon,Gabon,Manihot esculenta,2014-05
MT599609,,East African cassava mosaic virus - Uganda,Begomovirus manihotisafricaense,MVL73,,"East African cassava mosaic virus - Uganda isolate MVL73 Rep (AC1) gene, partial cds",484,partial,Gabon,Gabon,Manihot esculenta,2014-05
MT599633,,East African cassava mosaic virus,Begomovirus manihotisafricaense,NBD62,,"East African cassava mosaic virus isolate NBD62 Rep (AC1) gene, partial cds",484,partial,Gabon,Gabon,Manihot esculenta,2006-09
MN103536,,East African cassava mosaic virus,Begomovirus manihotisafricaense,EACMV-Nyangezi,,"East African cassava mosaic virus isolate EACMV-Nyangezi replication enhancer protein (AC3) gene, complete cds",1071,partial,Democratic Republic of the Congo: Sud-Kivu,Democratic Republic of the Congo,,2018-12-15
MK896262,,East African cassava mosaic virus,Begomovirus manihotisafricaense,ZARI 31,,"East African cassava mosaic virus isolate ZARI 31 movement protein-like gene, partial sequence",515,partial,Zambia,Zambia,Manihot esculenta,2013-02-24
MK896263,,East African cassava mosaic virus,Begomovirus manihotisafricaense,ZARI 32,,"East African cassava mosaic virus isolate ZARI 32 movement protein-like gene, partial sequence",518,partial,Zambia,Zambia,Manihot esculenta,2013-02-24
MK896264,,East African cassava mosaic virus,Begomovirus manihotisafricaense,ZARI 36,,"East African cassava mosaic virus isolate ZARI 36 movement protein-like gene, partial sequence",515,partial,Zambia,Zambia,Manihot esculenta,2013-02-24
MK896265,,East African cassava mosaic virus,Begomovirus manihotisafricaense,ZARI 37,,"East African cassava mosaic virus isolate ZARI 37 movement protein-like gene, partial sequence",520,partial,Zambia,Zambia,Manihot esculenta,2013-02-24
MK896266,,East African cassava mosaic virus,Begomovirus manihotisafricaense,ZARI 38,,"East African cassava mosaic virus isolate ZARI 38 movement protein-like gene, partial sequence",523,partial,Zambia,Zambia,Manihot esculenta,2013-02-24
MK896267,,East African cassava mosaic virus,Begomovirus manihotisafricaense,ZARI 39,,"East African cassava mosaic virus isolate ZARI 39 movement protein-like gene, partial sequence",522,partial,Zambia,Zambia,Manihot esculenta,2013-02-25
MK896268,,East African cassava mosaic virus,Begomovirus manihotisafricaense,ZARI 40,,"East African cassava mosaic virus isolate ZARI 40 movement protein-like gene, partial sequence",516,partial,Zambia,Zambia,Manihot esculenta,2013-02-25
MK896269,,East African cassava mosaic virus,Begomovirus manihotisafricaense,ZARI 41,,"East African cassava mosaic virus isolate ZARI 41 movement protein-like gene, partial sequence",520,partial,Zambia,Zambia,Manihot esculenta,2013-02-25
MK896270,,East African cassava mosaic virus,Begomovirus manihotisafricaense,ZARI 42,,"East African cassava mosaic virus isolate ZARI 42 movement protein-like gene, partial sequence",521,partial,Zambia,Zambia,Manihot esculenta,2013-02-25
MK896271,,East African cassava mosaic virus,Begomovirus manihotisafricaense,ZARI 43,,"East African cassava mosaic virus isolate ZARI 43 movement protein-like gene, partial sequence",522,partial,Zambia,Zambia,Manihot esculenta,2013-02-25
MK896272,,East African cassava mosaic virus,Begomovirus manihotisafricaense,ZARI 44,,"East African cassava mosaic virus isolate ZARI 44 movement protein-like gene, partial sequence",520,partial,Zambia,Zambia,Manihot esculenta,2013-02-25
MK896273,,East African cassava mosaic virus,Begomovirus manihotisafricaense,ZARI 45,,"East African cassava mosaic virus isolate ZARI 45 movement protein-like gene, partial sequence",520,partial,Zambia,Zambia,Manihot esculenta,2013-02-25
MK896274,,East African cassava mosaic virus,Begomovirus manihotisafricaense,ZARI 46,,"East African cassava mosaic virus isolate ZARI 46 movement protein-like gene, partial sequence",519,partial,Zambia,Zambia,Manihot esculenta,2013-02-25
MK896275,,East African cassava mosaic virus,Begomovirus manihotisafricaense,ZARI 47,,"East African cassava mosaic virus isolate ZARI 47 movement protein-like gene, partial sequence",534,partial,Zambia,Zambia,Manihot esculenta,2013-02-25
MK896276,,East African cassava mosaic virus,Begomovirus manihotisafricaense,ZARI 48,,"East African cassava mosaic virus isolate ZARI 48 movement protein-like gene, partial sequence",517,partial,Zambia,Zambia,Manihot esculenta,2013-02-25
MK896277,,East African cassava mosaic virus,Begomovirus manihotisafricaense,ZARI 49,,"East African cassava mosaic virus isolate ZARI 49 movement protein-like gene, partial sequence",515,partial,Zambia,Zambia,Manihot esculenta,2013-02-25
MK896278,,East African cassava mosaic virus,Begomovirus manihotisafricaense,ZARI 50,,"East African cassava mosaic virus isolate ZARI 50 movement protein-like gene, partial sequence",520,partial,Zambia,Zambia,Manihot esculenta,2013-02-25
MK896279,,East African cassava mosaic virus,Begomovirus manihotisafricaense,ZARI 51,,"East African cassava mosaic virus isolate ZARI 51 movement protein-like gene, partial sequence",516,partial,Zambia,Zambia,Manihot esculenta,2013-02-25
MK896280,,East African cassava mosaic virus,Begomovirus manihotisafricaense,ZARI 52,,"East African cassava mosaic virus isolate ZARI 52 movement protein-like gene, partial sequence",515,partial,Zambia,Zambia,Manihot esculenta,2013-02-25
MK896281,,East African cassava mosaic virus,Begomovirus manihotisafricaense,ZARI 53,,"East African cassava mosaic virus isolate ZARI 53 movement protein-like gene, partial sequence",521,partial,Zambia,Zambia,Manihot esculenta,2013-02-25
MK896282,,East African cassava mosaic virus,Begomovirus manihotisafricaense,ZARI 54,,"East African cassava mosaic virus isolate ZARI 54 movement protein-like gene, partial sequence",521,partial,Zambia,Zambia,Manihot esculenta,2013-02-25
MK896283,,East African cassava mosaic virus,Begomovirus manihotisafricaense,ZARI 55,,"East African cassava mosaic virus isolate ZARI 55 movement protein-like gene, partial sequence",521,partial,Zambia,Zambia,Manihot esculenta,2013-02-25
MK896284,,East African cassava mosaic virus,Begomovirus manihotisafricaense,ZARI 56,,"East African cassava mosaic virus isolate ZARI 56 movement protein-like gene, partial sequence",518,partial,Zambia,Zambia,Manihot esculenta,2013-02-25
MK896285,,East African cassava mosaic virus,Begomovirus manihotisafricaense,ZARI 57,,"East African cassava mosaic virus isolate ZARI 57 movement protein-like gene, partial sequence",516,partial,Zambia,Zambia,Manihot esculenta,2013-02-25
MK896286,,East African cassava mosaic virus,Begomovirus manihotisafricaense,ZARI 58,,"East African cassava mosaic virus isolate ZARI 58 movement protein-like gene, partial sequence",521,partial,Zambia,Zambia,Manihot esculenta,2013-02-25
MK896287,,East African cassava mosaic virus,Begomovirus manihotisafricaense,ZARI 59,,"East African cassava mosaic virus isolate ZARI 59 movement protein-like gene, partial sequence",516,partial,Zambia,Zambia,Manihot esculenta,2013-02-25
MK896288,,East African cassava mosaic virus,Begomovirus manihotisafricaense,ZARI 60,,"East African cassava mosaic virus isolate ZARI 60 movement protein-like gene, partial sequence",516,partial,Zambia,Zambia,Manihot esculenta,2013-02-25
MH646694,,East African cassava mosaic virus,Begomovirus manihotisafricaense,EACMVCM_GH:AK18B:13,DNA-B,"East African cassava mosaic virus isolate EACMVCM_GH:AK18B:13 segment DNA-B, complete sequence",2733,complete,Ghana,Ghana,Manihot esculenta,2013-08
MK059411,,East African cassava mosaic virus,Begomovirus manihotisafricaense,EACMV_cmd4C,DNA-A,"East African cassava mosaic virus isolate EACMV_cmd4C segment DNA-A, complete sequence",2801,partial,,,,
MK059412,,East African cassava mosaic virus,Begomovirus manihotisafricaense,EACMV_cmd16E,DNA-A,"East African cassava mosaic virus isolate EACMV_cmd16E segment DNA-A, complete sequence",2801,partial,,,,
MK059413,,East African cassava mosaic virus,Begomovirus manihotisafricaense,EACMV_37E,DNA-A,"East African cassava mosaic virus isolate EACMV_37E segment DNA-A, complete sequence",2801,partial,,,,
MK059414,,East African cassava mosaic virus (Uganda variant),Begomovirus manihotisafricaense,EACMVUG_2W,DNA-A,"East African cassava mosaic virus (Uganda variant) isolate EACMVUG_2W segment DNA-A, complete sequence",2799,partial,,,,
MK059415,,East African cassava mosaic virus (Uganda variant),Begomovirus manihotisafricaense,EACMVUG_40W,DNA-A,"East African cassava mosaic virus (Uganda variant) isolate EACMVUG_40W segment DNA-A, complete sequence",2799,partial,,,,
MK059416,,East African cassava mosaic virus (Uganda variant),Begomovirus manihotisafricaense,EACMVUG_cmd11N,DNA-A,"East African cassava mosaic virus (Uganda variant) isolate EACMVUG_cmd11N segment DNA-A, complete sequence",2799,partial,,,,
MK059417,,East African cassava mosaic virus (Uganda variant),Begomovirus manihotisafricaense,EACMVUG_66N,DNA-A,"East African cassava mosaic virus (Uganda variant) isolate EACMVUG_66N segment DNA-A, complete sequence",2799,partial,,,,
MK059418,,East African cassava mosaic virus (Uganda variant),Begomovirus manihotisafricaense,EACMVUG_cmd9N,DNA-A,"East African cassava mosaic virus (Uganda variant) isolate EACMVUG_cmd9N segment DNA-A, complete sequence",2799,partial,,,,
MG250161,,East African cassava mosaic virus,Begomovirus manihotisafricaense,EACMVKE_GH:KW11A:13,DNA-A,"East African cassava mosaic virus isolate EACMVKE_GH:KW11A:13, complete genome",2799,complete,Ghana,Ghana,Manihot esculenta,2013-08
MG250162,,East African cassava mosaic virus,Begomovirus manihotisafricaense,EACMVKE_GH:KW12A:13,DNA-A,"East African cassava mosaic virus isolate EACMVKE_GH:KW12A:13, complete genome",2799,complete,Ghana,Ghana,Manihot esculenta,2013-08
MG250163,,East African cassava mosaic virus,Begomovirus manihotisafricaense,EACMVKE_GH:KW10A:13,DNA-A,"East African cassava mosaic virus isolate EACMVKE_GH:KW10A:13, complete genome",2799,complete,Ghana,Ghana,Manihot esculenta,2013-08
MG250164,,East African cassava mosaic virus,Begomovirus manihotisafricaense,EACMVCMGH:AK18A:13,DNA-A,"East African cassava mosaic virus isolate EACMVCMGH:AK18A:13, complete genome",2801,complete,Ghana,Ghana,Manihot esculenta,2013-08
MH379641,,East African cassava mosaic virus (Uganda variant),Begomovirus manihotisafricaense,EACMV-UG_2S-R,DNA-B,"East African cassava mosaic virus (Uganda variant) isolate EACMV-UG_2S-R segment DNA-B, complete sequence",2774,partial,Kenya,Kenya,Markhamia zanzibarica,2017-05-15
MF974568,,East African cassava mosaic virus (Uganda variant),Begomovirus manihotisafricaense,EACMV-UG_2S-R,DNA-A,"East African cassava mosaic virus (Uganda variant) isolate EACMV-UG_2S-R segment DNA-A, complete sequence",2798,complete,Kenya,Kenya,Markhamia zanzibarica,2017-05-15
MF067253,,East African cassava mosaic virus,Begomovirus manihotisafricaense,EACMV_TZ:Kch:Mg4:17,DNA A,"East African cassava mosaic virus isolate EACMV_TZ:Kch:Mg4:17 segment DNA A, complete sequence",2816,complete,Tanzania,Tanzania,Manihot glaziovii,2015
MF067254,,East African cassava mosaic virus,Begomovirus manihotisafricaense,EACMV_TZ:Kih:Mg5:17,DNA A,"East African cassava mosaic virus isolate EACMV_TZ:Kih:Mg5:17 segment DNA A, complete sequence",2801,complete,Tanzania,Tanzania,Manihot glaziovii,2015
MF067255,,East African cassava mosaic virus,Begomovirus manihotisafricaense,EACMV_TZ:Krm:Mg11:17,DNA A,"East African cassava mosaic virus isolate EACMV_TZ:Krm:Mg11:17 segment DNA A, complete sequence",2800,complete,Tanzania,Tanzania,Manihot glaziovii,2015
MF067256,,East African cassava mosaic virus,Begomovirus manihotisafricaense,EACMV_TZ:Krm:Mg12:17,DNA A,"East African cassava mosaic virus isolate EACMV_TZ:Krm:Mg12:17 segment DNA A, complete sequence",2801,complete,Tanzania,Tanzania,Manihot glaziovii,2015
MF067257,,East African cassava mosaic virus,Begomovirus manihotisafricaense,EACMV_TZ:Krm:Mg13:17,DNA A,"East African cassava mosaic virus isolate EACMV_TZ:Krm:Mg13:17 segment DNA A, complete sequence",2801,complete,Tanzania,Tanzania,Manihot glaziovii,2015
MF067258,,East African cassava mosaic virus,Begomovirus manihotisafricaense,EACMV_TZ:Kel:Mg17:17,DNA A,"East African cassava mosaic virus isolate EACMV_TZ:Kel:Mg17:17 segment DNA A, complete sequence",2801,complete,Tanzania,Tanzania,Manihot glaziovii,2015
MF067259,,East African cassava mosaic virus,Begomovirus manihotisafricaense,EACMV_TZ:Shi:Mg24:17,DNA A,"East African cassava mosaic virus isolate EACMV_TZ:Shi:Mg24:17 segment DNA A, complete sequence",2799,complete,Tanzania,Tanzania,Manihot glaziovii,2015
MF067260,,East African cassava mosaic virus,Begomovirus manihotisafricaense,EACMV_TZ:Kim:Mg25:17,DNA A,"East African cassava mosaic virus isolate EACMV_TZ:Kim:Mg25:17 segment DNA A, complete sequence",2801,complete,Tanzania,Tanzania,Manihot glaziovii,2015
MF067261,,East African cassava mosaic virus,Begomovirus manihotisafricaense,EACMV_TZ:Mas:Mg30:17,DNA A,"East African cassava mosaic virus isolate EACMV_TZ:Mas:Mg30:17 segment DNA A, complete sequence",2809,complete,Tanzania,Tanzania,Manihot glaziovii,2015
MF067262,,East African cassava mosaic virus,Begomovirus manihotisafricaense,EACMV_TZ:Mas:Mg31:17,DNA A,"East African cassava mosaic virus isolate EACMV_TZ:Mas:Mg31:17 segment DNA A, complete sequence",2801,complete,Tanzania,Tanzania,Manihot glaziovii,2015
MF067263,,East African cassava mosaic virus,Begomovirus manihotisafricaense,EACMV_TZ:Kan:Mg35:17,DNA A,"East African cassava mosaic virus isolate EACMV_TZ:Kan:Mg35:17 segment DNA A, complete sequence",2801,complete,Tanzania,Tanzania,Manihot glaziovii,2015
MF067264,,East African cassava mosaic virus,Begomovirus manihotisafricaense,EACMV_TZ:Eng:Mg38:17,DNA A,"East African cassava mosaic virus isolate EACMV_TZ:Eng:Mg38:17 segment DNA A, complete sequence",2801,complete,Tanzania,Tanzania,Manihot glaziovii,2015
MF067265,,East African cassava mosaic virus,Begomovirus manihotisafricaense,EACMV_TZ:Mam:Mg1:17,DNA A,"East African cassava mosaic virus isolate EACMV_TZ:Mam:Mg1:17 segment DNA A, complete sequence",2814,complete,Tanzania,Tanzania,Manihot glaziovii,2015
KT869096,,East African cassava mosaic virus,Begomovirus manihotisafricaense,ZM-W377,,"East African cassava mosaic virus isolate ZM-W377 coat protein gene, partial cds",510,partial,Zambia,Zambia,Manihot esculenta,2014
KT869123,,East African cassava mosaic virus,Begomovirus manihotisafricaense,ZM-N415-2,DNA-A,"East African cassava mosaic virus isolate ZM-N415-2 segment DNA-A, complete sequence",2802,partial,Zambia,Zambia,Manihot esculenta,2014
KT869124,,East African cassava mosaic virus,Begomovirus manihotisafricaense,ZM-N415-4,DNA-A,"East African cassava mosaic virus isolate ZM-N415-4 segment DNA-A, complete sequence",2802,partial,Zambia,Zambia,Manihot esculenta,2014
KT869125,,East African cassava mosaic virus,Begomovirus manihotisafricaense,ZM-N417-7,DNA-A,"East African cassava mosaic virus isolate ZM-N417-7 segment DNA-A, complete sequence",2801,partial,Zambia,Zambia,Manihot esculenta,2014
KT869126,,East African cassava mosaic virus,Begomovirus manihotisafricaense,ZM-N417-9,DNA-A,"East African cassava mosaic virus isolate ZM-N417-9 segment DNA-A, complete sequence",2801,partial,Zambia,Zambia,Manihot esculenta,2014
KT799138,,Deinbollia mosaic virus DB_T0,Begomovirus manihotisafricaense,DB_T0,A,"Deinbollia mosaic virus DB_T0 segment A, complete sequence",2761,complete,Tanzania,Tanzania,,2012-04-20
KT780439,,East African cassava mosaic virus - Uganda,Begomovirus manihotisafricaense,GQ:Bioko:GQ006:13,DNA-B,"East African cassava mosaic virus - Uganda isolate GQ:Bioko:GQ006:13 segment DNA-B, complete sequence",2775,complete,Equatorial Guinea,Equatorial Guinea,Manihot esculenta,2013-12-15
KT780440,,East African cassava mosaic virus - Uganda,Begomovirus manihotisafricaense,GQ:Bioko:GQ006:13,DNA-A,"East African cassava mosaic virus - Uganda isolate GQ:Bioko:GQ006:13 segment DNA-A, complete sequence",2798,complete,Equatorial Guinea,Equatorial Guinea,Manihot esculenta,2013-12-15
KM885990,,East African cassava mosaic virus,Begomovirus manihotisafricaense,CF:CF54B:07,B,"East African cassava mosaic virus isolate CF:CF54B:07 segment B, complete sequence",2774,complete,Central African Republic,Central African Republic,Manihot esculenta,2007-08-14
KM885991,,East African cassava mosaic virus,Begomovirus manihotisafricaense,CF:CF44B:07,B,"East African cassava mosaic virus isolate CF:CF44B:07 segment B, complete sequence",2774,complete,Central African Republic,Central African Republic,Manihot esculenta,2007-08-13
KM885992,,East African cassava mosaic virus,Begomovirus manihotisafricaense,CF:CF553B:07,B,"East African cassava mosaic virus isolate CF:CF553B:07 segment B, complete sequence",2773,complete,Central African Republic,Central African Republic,Manihot esculenta,2007-08-14
KM885993,,East African cassava mosaic virus,Begomovirus manihotisafricaense,CF:CF24B:07,B,"East African cassava mosaic virus isolate CF:CF24B:07 segment B, complete sequence",2773,complete,Central African Republic,Central African Republic,Manihot esculenta,2007-08-10
KM885994,,East African cassava mosaic virus,Begomovirus manihotisafricaense,CF:CF139BE:07,B,"East African cassava mosaic virus isolate CF:CF139BE:07 segment B, complete sequence",2776,complete,Central African Republic,Central African Republic,Manihot esculenta,2007-08-28
KM885995,,East African cassava mosaic virus,Begomovirus manihotisafricaense,TD:TD5BE:08,B,"East African cassava mosaic virus isolate TD:TD5BE:08 segment B, complete sequence",2776,complete,Chad,Chad,Manihot esculenta,2008
KM885996,,East African cassava mosaic virus,Begomovirus manihotisafricaense,CF:CF783B:07,B,"East African cassava mosaic virus isolate CF:CF783B:07 segment B, complete sequence",2774,complete,Central African Republic,Central African Republic,Manihot esculenta,2007-08-19
KM885997,,East African cassava mosaic virus,Begomovirus manihotisafricaense,CF:CF351B:08,B,"East African cassava mosaic virus isolate CF:CF351B:08 segment B, complete sequence",2776,complete,Central African Republic,Central African Republic,Manihot esculenta,2008
KM885998,,East African cassava mosaic virus,Begomovirus manihotisafricaense,CF:CF57BE:07,B,"East African cassava mosaic virus isolate CF:CF57BE:07 segment B, complete sequence",2775,complete,Central African Republic,Central African Republic,Manihot esculenta,2007-08-14
KM885999,,East African cassava mosaic virus,Begomovirus manihotisafricaense,CF:CF105BE:07,B,"East African cassava mosaic virus isolate CF:CF105BE:07 segment B, complete sequence",2776,complete,Central African Republic,Central African Republic,Manihot esculenta,2007-08-25
KM886000,,East African cassava mosaic virus,Begomovirus manihotisafricaense,CF:CF112BE:07,B,"East African cassava mosaic virus isolate CF:CF112BE:07 segment B, complete sequence",2778,complete,Central African Republic,Central African Republic,Manihot esculenta,2007-08-25
KM886001,,East African cassava mosaic virus,Begomovirus manihotisafricaense,CF:CF102BE:07,B,"East African cassava mosaic virus isolate CF:CF102BE:07 segment B, complete sequence",2776,complete,Central African Republic,Central African Republic,Manihot esculenta,2007-08-25
KM886002,,East African cassava mosaic virus,Begomovirus manihotisafricaense,CF:CF150BE:07,B,"East African cassava mosaic virus isolate CF:CF150BE:07 segment B, complete sequence",2775,complete,Central African Republic,Central African Republic,Manihot esculenta,2007-08-30
KM886003,,East African cassava mosaic virus,Begomovirus manihotisafricaense,CF:CF1223B:07,B,"East African cassava mosaic virus isolate CF:CF1223B:07 segment B, complete sequence",2775,complete,Central African Republic,Central African Republic,Manihot esculenta,2007-08-26
KM886004,,East African cassava mosaic virus,Begomovirus manihotisafricaense,CF:CF30B:07,B,"East African cassava mosaic virus isolate CF:CF30B:07 segment B, complete sequence",2774,complete,Central African Republic,Central African Republic,Manihot esculenta,2007-08-10
KM886005,,East African cassava mosaic virus,Begomovirus manihotisafricaense,CF:CF140BE:07,B,"East African cassava mosaic virus isolate CF:CF140BE:07 segment B, complete sequence",2775,complete,Central African Republic,Central African Republic,Manihot esculenta,2007-08-29
KM272924,,East African cassava mosaic virus,Begomovirus manihotisafricaense,,,"East African cassava mosaic virus strain 030_R_Mwala movement protein (MP) gene, partial cds",494,partial,Kenya,Kenya,Manihot esculenta,2012-03-15
KM272925,,East African cassava mosaic virus,Begomovirus manihotisafricaense,,,"East African cassava mosaic virus strain 026_R_Msambweni movement protein (MP) gene, partial cds",494,partial,Kenya,Kenya,Manihot esculenta,2012-03-15
KM272926,,East African cassava mosaic virus,Begomovirus manihotisafricaense,,,"East African cassava mosaic virus strain 025_R_Kakamega movement protein (MP) gene, partial cds",494,partial,Kenya,Kenya,Manihot esculenta,2012-03-15
KM272927,,East African cassava mosaic virus,Begomovirus manihotisafricaense,,,"East African cassava mosaic virus strain 040_R_Chepkoilel movement protein (MP) gene, partial cds",494,partial,Kenya,Kenya,Manihot esculenta,2012-03-15
KM272928,,East African cassava mosaic virus,Begomovirus manihotisafricaense,,,"East African cassava mosaic virus strain 039_R_Bungoma_West movement protein (MP) gene, partial cds",494,partial,Kenya,Kenya,Manihot esculenta,2012-03-15
KM272929,,East African cassava mosaic virus,Begomovirus manihotisafricaense,,,"East African cassava mosaic virus strain Malindi movement protein (MP) gene, partial cds",494,partial,Kenya,Kenya,Manihot esculenta,2012-03-15
KM272930,,East African cassava mosaic virus,Begomovirus manihotisafricaense,,,"East African cassava mosaic virus strain 037_R_Embu_Gaturi movement protein (MP) gene, partial cds",494,partial,Kenya,Kenya,Manihot esculenta,2012-03-15
KM272931,,East African cassava mosaic virus,Begomovirus manihotisafricaense,,,"East African cassava mosaic virus strain 028_R_Wundanyi movement protein (MP) gene, partial cds",494,partial,Kenya,Kenya,Manihot esculenta,2012-03-15
KM272932,,East African cassava mosaic virus,Begomovirus manihotisafricaense,,,"East African cassava mosaic virus strain 029_R_Kisii_Central movement protein (MP) gene, partial cds",494,partial,Kenya,Kenya,Manihot esculenta,2012-03-15
KM272933,,East African cassava mosaic virus,Begomovirus manihotisafricaense,,,"East African cassava mosaic virus strain 032_R_Kilifi movement protein (MP) gene, partial cds",494,partial,Kenya,Kenya,Manihot esculenta,2012-03-15
KM272934,,East African cassava mosaic virus,Begomovirus manihotisafricaense,,,"East African cassava mosaic virus strain Makueni movement protein (MP) gene, partial cds",494,partial,Kenya,Kenya,Manihot esculenta,2012-03-15
KM272935,,East African cassava mosaic virus,Begomovirus manihotisafricaense,,,"East African cassava mosaic virus strain Maara movement protein (MP) gene, partial cds",494,partial,Kenya,Kenya,Manihot esculenta,2012-03-15
KM272936,,East African cassava mosaic virus,Begomovirus manihotisafricaense,,,"East African cassava mosaic virus strain Teso movement protein (MP) gene, partial cds",494,partial,Kenya,Kenya,Manihot esculenta,2012-03-15
KJ887964,,East African cassava mosaic virus,Begomovirus manihotisafricaense,MG:MG242A3:10,A,"East African cassava mosaic virus isolate MG:MG242A3:10 segment A, complete sequence",2801,complete,Madagascar,Madagascar,Manihot esculenta,2010-04-28
HG530112,,East African cassava mosaic virus,Begomovirus manihotisafricaense,KE:mtw:CMD-MI85:12,DNA A,"East African cassava mosaic virus DNA A complete sequence, isolate KE:mtw:CMD-MI85:12",2799,complete,Kenya:Mtwapa,Kenya,Manihot esculenta,2012
HG530113,,East African cassava mosaic virus,Begomovirus manihotisafricaense,KE:mtw:CMD-MI88:12,DNA A,"East African cassava mosaic virus DNA A complete sequence, isolate KE:mtw:CMD-MI88:12",2799,complete,Kenya:Mtwapa,Kenya,Manihot esculenta,2012
HG530114,,East African cassava mosaic virus,Begomovirus manihotisafricaense,KE:mtw:CMD-MI96:12,DNA A,"East African cassava mosaic virus DNA A complete sequence, isolate KE:mtw:CMD-MI96:12",2799,complete,Kenya:Mtwapa,Kenya,Manihot esculenta,2012
HG530115,,East African cassava mosaic virus,Begomovirus manihotisafricaense,KE:mtw:CMD-MI93:12,DNA A,"East African cassava mosaic virus DNA A complete sequence, isolate KE:mtw:CMD-MI93:12",2799,complete,Kenya:Mtwapa,Kenya,Manihot esculenta,2012
HG530116,,East African cassava mosaic virus,Begomovirus manihotisafricaense,KE:mtw:CMD-MI95:12,DNA A,"East African cassava mosaic virus DNA A complete sequence, isolate KE:mtw:CMD-MI95:12",2800,complete,Kenya:Mtwapa,Kenya,Manihot esculenta,2012
JX658692,,East African cassava mosaic virus,Begomovirus manihotisafricaense,,,"UNVERIFIED: East African cassava mosaic virus clone EACMV[MA:07:26N] AV2-like (AV2), CP-like (AV1), REn-like (AC3), and TrAP-like genes, complete sequence; and Rep gene, complete cds",2803,complete,Malawi,Malawi,Manihot esculenta,
JX679247,,East African cassava mosaic virus,Begomovirus manihotisafricaense,,DNA-B,"East African cassava mosaic virus clone EACMV[MA;4N;07]B segment DNA-B, complete sequence",2758,complete,Malawi,Malawi,Manihot esculenta,
JX473582,,East African cassava mosaic virus,Begomovirus manihotisafricaense,,,"East African cassava mosaic virus strain Malawi/2007/8N, complete sequence",2798,complete,Malawi,Malawi,,2007
HE979769,,East African cassava mosaic virus,Begomovirus manihotisafricaense,EACMV-UG[UG:Nam:CMD-MI13:12],DNA-A,"East African cassava mosaic virus segment DNA-A, isolate EACMV-UG[UG:Nam:CMD-MI13:12], complete genome",2799,complete,Uganda:Namulonge,Uganda,Manihot esculenta,2012
HE979770,,East African cassava mosaic virus,Begomovirus manihotisafricaense,EACMV-UG[UG:Nam:CMD-MI40:12],DNA-A,"East African cassava mosaic virus segment DNA-A, isolate EACMV-UG[UG:Nam:CMD-MI40:12], complete genome",2799,complete,Uganda:Namulonge,Uganda,Manihot esculenta,2012
HE979771,,East African cassava mosaic virus,Begomovirus manihotisafricaense,EACMV-UG[UG:Nam:CMD-MI48:12],DNA-A,"East African cassava mosaic virus segment DNA-A, isolate EACMV-UG[UG:Nam:CMD-MI48:12], complete genome",2799,complete,Uganda:Namulonge,Uganda,Manihot esculenta,2012
HE979772,,East African cassava mosaic virus,Begomovirus manihotisafricaense,EACMV-UG[UG:Nam:CMD-MI53:12],DNA-A,"East African cassava mosaic virus segment DNA-A, isolate EACMV-UG[UG:Nam:CMD-MI53:12], complete genome",2799,complete,Uganda:Namulonge,Uganda,Manihot esculenta,2012
HE979773,,East African cassava mosaic virus,Begomovirus manihotisafricaense,EACMV-UG[UG:Nam:CMD-MI54:12],DNA-A,"East African cassava mosaic virus segment DNA-A, isolate EACMV-UG[UG:Nam:CMD-MI54:12], complete genome",2799,complete,Uganda:Namulonge,Uganda,Manihot esculenta,2012
HE979774,,East African cassava mosaic virus,Begomovirus manihotisafricaense,EACMV-UG[UG:Nam:CMD-MI62:12],DNA-A,"East African cassava mosaic virus segment DNA-A, isolate EACMV-UG[UG:Nam:CMD-MI62:12], complete genome",2800,complete,Uganda:Namulonge,Uganda,Manihot esculenta,2012
HE979775,,East African cassava mosaic virus,Begomovirus manihotisafricaense,EACMV-UG[UG:Nam:CMD-MI63:12],DNA-A,"East African cassava mosaic virus segment DNA-A, isolate EACMV-UG[UG:Nam:CMD-MI63:12], complete genome",2800,complete,Uganda:Namulonge,Uganda,Manihot esculenta,2012
HE979776,,East African cassava mosaic virus,Begomovirus manihotisafricaense,EACMV-UG[UG:Nam:CMD-MI39:12]DNA-B,DNA-B,"East African cassava mosaic virus segment DNA-B, isolate EACMV-UG[UG:Nam:CMD-MI39:12]DNA-B, complete genome",2773,complete,Uganda:Namulonge,Uganda,Manihot esculenta,2012
HE979777,,East African cassava mosaic virus,Begomovirus manihotisafricaense,EACMV-UG[UG:Nam:CMD-MI56:12]DNA-B,DNA-B,"East African cassava mosaic virus segment DNA-B, isolate EACMV-UG[UG:Nam:CMD-MI56:12]DNA-B, complete genome",2773,complete,Uganda:Namulonge,Uganda,Manihot esculenta,2012
HE979778,,East African cassava mosaic virus,Begomovirus manihotisafricaense,EACMV-UG[UG:Nam:CMD-MI61:12]DNA-B,DNA-B,"East African cassava mosaic virus segment DNA-B, isolate EACMV-UG[UG:Nam:CMD-MI61:12]DNA-B, complete genome",2775,complete,Uganda:Namulonge,Uganda,Manihot esculenta,2012
HE979779,,East African cassava mosaic virus,Begomovirus manihotisafricaense,EACMV-UG[UG:Nam:CMD-MI44:12]DNA-B,DNA-B,"East African cassava mosaic virus segment DNA-B, isolate EACMV-UG[UG:Nam:CMD-MI44:12]DNA-B, complete genome",2755,complete,Uganda:Namulonge,Uganda,Manihot esculenta,2012
HE979780,,East African cassava mosaic virus,Begomovirus manihotisafricaense,EACMV-UG[UG:Nam:CMD-MI52:12]DNA-B,DNA-B,"East African cassava mosaic virus segment DNA-B, isolate EACMV-UG[UG:Nam:CMD-MI52:12]DNA-B, complete genome",2773,complete,Uganda:Namulonge,Uganda,Manihot esculenta,2012
JQ804887,,East African cassava mosaic virus - Uganda,Begomovirus manihotisafricaense,CF138,,"East African cassava mosaic virus Uganda isolate CF138 Rep (AC1) gene, partial cds",399,partial,Central African Republic,Central African Republic,Manihot esculenta,2007-08-15
JQ804888,,East African cassava mosaic virus - Uganda,Begomovirus manihotisafricaense,CF102,,"East African cassava mosaic virus Uganda isolate CF102 Rep (AC1) gene, partial cds",399,partial,Central African Republic,Central African Republic,Manihot esculenta,2007-08-15
JQ804889,,East African cassava mosaic virus - Uganda,Begomovirus manihotisafricaense,CF134,,"East African cassava mosaic virus Uganda isolate CF134 Rep (AC1) gene, partial cds",399,partial,Central African Republic,Central African Republic,Manihot esculenta,2007-08-15
JQ804890,,East African cassava mosaic virus - Uganda,Begomovirus manihotisafricaense,CF044,,"East African cassava mosaic virus Uganda isolate CF044 Rep (AC1) gene, partial cds",399,partial,Central African Republic,Central African Republic,Manihot esculenta,2007-08-15
JQ804891,,East African cassava mosaic virus - Uganda,Begomovirus manihotisafricaense,CF140,,"East African cassava mosaic virus Uganda isolate CF140 Rep (AC1) gene, partial cds",399,partial,Central African Republic,Central African Republic,Manihot esculenta,2007-08-15
JQ804892,,East African cassava mosaic virus - Uganda,Begomovirus manihotisafricaense,CF110,,"East African cassava mosaic virus Uganda isolate CF110 Rep (AC1) gene, partial cds",399,partial,Central African Republic,Central African Republic,Manihot esculenta,2007-08-15
JQ804893,,East African cassava mosaic virus - Uganda,Begomovirus manihotisafricaense,CF085,,"East African cassava mosaic virus Uganda isolate CF085 Rep (AC1) gene, partial cds",399,partial,Central African Republic,Central African Republic,Manihot esculenta,2007-08-15
JQ804894,,East African cassava mosaic virus - Uganda,Begomovirus manihotisafricaense,CF129,,"East African cassava mosaic virus Uganda isolate CF129 Rep (AC1) gene, partial cds",399,partial,Central African Republic,Central African Republic,Manihot esculenta,2007-08-15
JQ804895,,East African cassava mosaic virus - Uganda,Begomovirus manihotisafricaense,CF143,,"East African cassava mosaic virus Uganda isolate CF143 Rep (AC1) gene, partial cds",399,partial,Central African Republic,Central African Republic,Manihot esculenta,2007-08-15
JQ804896,,East African cassava mosaic virus - Uganda,Begomovirus manihotisafricaense,CF145,,"East African cassava mosaic virus Uganda isolate CF145 Rep (AC1) gene, partial cds",399,partial,Central African Republic,Central African Republic,Manihot esculenta,2007-08-15
JQ804897,,East African cassava mosaic virus - Uganda,Begomovirus manihotisafricaense,CF139,,"East African cassava mosaic virus Uganda isolate CF139 Rep (AC1) gene, partial cds",399,partial,Central African Republic,Central African Republic,Manihot esculenta,2007-08-15
JQ804898,,East African cassava mosaic virus - Uganda,Begomovirus manihotisafricaense,CF122,,"East African cassava mosaic virus Uganda isolate CF122 Rep (AC1) gene, partial cds",399,partial,Central African Republic,Central African Republic,Manihot esculenta,2007-08-15
JQ804899,,East African cassava mosaic virus - Uganda,Begomovirus manihotisafricaense,CF030,,"East African cassava mosaic virus Uganda isolate CF030 Rep (AC1) gene, partial cds",399,partial,Central African Republic,Central African Republic,Manihot esculenta,2007-08-15
JQ804900,,East African cassava mosaic virus - Uganda,Begomovirus manihotisafricaense,CF071,,"East African cassava mosaic virus Uganda isolate CF071 Rep (AC1) gene, partial cds",399,partial,Central African Republic,Central African Republic,Manihot esculenta,2007-08-15
JQ804901,,East African cassava mosaic virus - Uganda,Begomovirus manihotisafricaense,CF150,,"East African cassava mosaic virus Uganda isolate CF150 Rep (AC1) gene, partial cds",399,partial,Central African Republic,Central African Republic,Manihot esculenta,2007-08-15
JQ804902,,East African cassava mosaic virus - Uganda,Begomovirus manihotisafricaense,CF125,,"East African cassava mosaic virus Uganda isolate CF125 Rep (AC1) gene, partial cds",399,partial,Central African Republic,Central African Republic,Manihot esculenta,2007-08-15
JQ804903,,East African cassava mosaic virus - Uganda,Begomovirus manihotisafricaense,CF045,,"East African cassava mosaic virus Uganda isolate CF045 Rep (AC1) gene, partial cds",399,partial,Central African Republic,Central African Republic,Manihot esculenta,2007-08-15
JQ804904,,East African cassava mosaic virus - Uganda,Begomovirus manihotisafricaense,CF052,,"East African cassava mosaic virus Uganda isolate CF052 Rep (AC1) gene, partial cds",399,partial,Central African Republic,Central African Republic,Manihot esculenta,2007-08-15
JQ804905,,East African cassava mosaic virus - Uganda,Begomovirus manihotisafricaense,CF095,,"East African cassava mosaic virus Uganda isolate CF095 Rep (AC1) gene, partial cds",399,partial,Central African Republic,Central African Republic,Manihot esculenta,2007-08-15
JQ804906,,East African cassava mosaic virus - Uganda,Begomovirus manihotisafricaense,CF119,,"East African cassava mosaic virus Uganda isolate CF119 Rep (AC1) gene, partial cds",399,partial,Central African Republic,Central African Republic,Manihot esculenta,2007-08-15
JQ804907,,East African cassava mosaic virus - Uganda,Begomovirus manihotisafricaense,CF079,,"East African cassava mosaic virus Uganda isolate CF079 Rep (AC1) gene, partial cds",399,partial,Central African Republic,Central African Republic,Manihot esculenta,2007-08-15
JQ804908,,East African cassava mosaic virus - Uganda,Begomovirus manihotisafricaense,CF043,,"East African cassava mosaic virus Uganda isolate CF043 Rep (AC1) gene, partial cds",399,partial,Central African Republic,Central African Republic,Manihot esculenta,2007-08-15
JQ804909,,East African cassava mosaic virus - Uganda,Begomovirus manihotisafricaense,CF055,,"East African cassava mosaic virus Uganda isolate CF055 Rep (AC1) gene, partial cds",399,partial,Central African Republic,Central African Republic,Manihot esculenta,2007-08-15
JQ804910,,East African cassava mosaic virus - Uganda,Begomovirus manihotisafricaense,CF083,,"East African cassava mosaic virus Uganda isolate CF083 Rep (AC1) gene, partial cds",399,partial,Central African Republic,Central African Republic,Manihot esculenta,2007-08-15
JQ804911,,East African cassava mosaic virus - Uganda,Begomovirus manihotisafricaense,CF089,,"East African cassava mosaic virus Uganda isolate CF089 Rep (AC1) gene, partial cds",399,partial,Central African Republic,Central African Republic,Manihot esculenta,2007-08-15
JQ804912,,East African cassava mosaic virus - Uganda,Begomovirus manihotisafricaense,CF112,,"East African cassava mosaic virus Uganda isolate CF112 Rep (AC1) gene, partial cds",399,partial,Central African Republic,Central African Republic,Manihot esculenta,2007-08-15
JQ804913,,East African cassava mosaic virus - Uganda,Begomovirus manihotisafricaense,CF115,,"East African cassava mosaic virus Uganda isolate CF115 Rep (AC1) gene, partial cds",399,partial,Central African Republic,Central African Republic,Manihot esculenta,2007-08-15
JQ804914,,East African cassava mosaic virus - Uganda,Begomovirus manihotisafricaense,CF084,,"East African cassava mosaic virus Uganda isolate CF084 Rep (AC1) gene, partial cds",399,partial,Central African Republic,Central African Republic,Manihot esculenta,2007-08-15
JX910240,,East African cassava mosaic virus-Congo,Begomovirus manihotisafricaense,,DNA-A,"East African cassava mosaic virus-Congo segment DNA-A, complete sequence",2798,complete,Republic of the Congo,Republic of the Congo,Manihot esculenta,2012-06-08
JN941177,,East African cassava mosaic virus,Begomovirus manihotisafricaense,AO7,A,"East African cassava mosaic virus isolate AO7 segment A, complete sequence",2799,complete,Angola,Angola,Manihot esculenta,2009-01-08
JX120575,,East African cassava mosaic virus,Begomovirus manihotisafricaense,SC03B11p,DNA-A,"East African cassava mosaic virus isolate SC03B11p nonfunctional coat protein gene, partial sequence",310,partial,Seychelles: La Digue,Seychelles,Manihot esculenta,2009
HE814063,,East African cassava mosaic virus - Uganda,Begomovirus manihotisafricaense,Central African Republic-Ippy-CF36-2007,DNA-A,"East African cassava mosaic virus Uganda segment DNA-A, isolate Central African Republic-Ippy-CF36-2007 complete sequence",2798,partial,Central African Republic:Center,Central African Republic,Manihot esculenta,2007-08
HE814064,,East African cassava mosaic virus - Uganda,Begomovirus manihotisafricaense,Chad-Ndokono-TD1-2008,DNA-A,"East African cassava mosaic virus Uganda segment DNA-A, isolate Chad-Ndokono-TD1-2008 complete sequence",2798,partial,Chad:South,Chad,Manihot esculenta,2008
JF909063,,East African cassava mosaic virus-Kenya,Begomovirus manihotisafricaense,Comoros:Anjouan:AJ01B07:2004,DNA-A,"East African cassava mosaic virus-Kenya isolate Comoros:Anjouan:AJ01B07:2004 segment DNA-A, complete sequence",2802,complete,Comoros: Anjouan,Comoros,Manihot esculenta,2004
JF909064,,East African cassava mosaic virus-Kenya,Begomovirus manihotisafricaense,Comoros:Anjouan:AJ02B00:2004,DNA-A,"East African cassava mosaic virus-Kenya isolate Comoros:Anjouan:AJ02B00:2004 segment DNA-A, complete sequence",2802,complete,Comoros: Anjouan,Comoros,Manihot esculenta,2004
JF909065,,East African cassava mosaic virus-Kenya,Begomovirus manihotisafricaense,Comoros:Anjouan:AJ02B37:2004,DNA-A,"East African cassava mosaic virus-Kenya isolate Comoros:Anjouan:AJ02B37:2004 segment DNA-A, complete sequence",2801,complete,Comoros: Anjouan,Comoros,Manihot esculenta,2004
JF909066,,East African cassava mosaic virus-Kenya,Begomovirus manihotisafricaense,Comoros:Anjouan:AJ03B00:2004,DNA-A,"East African cassava mosaic virus-Kenya isolate Comoros:Anjouan:AJ03B00:2004 segment DNA-A, complete sequence",2801,complete,Comoros: Anjouan,Comoros,Manihot esculenta,2004
JF909067,,East African cassava mosaic virus-Kenya,Begomovirus manihotisafricaense,Comoros:Anjouan:AJ03B11:2004,DNA-A,"East African cassava mosaic virus-Kenya isolate Comoros:Anjouan:AJ03B11:2004 segment DNA-A, complete sequence",2801,complete,Comoros: Anjouan,Comoros,Manihot esculenta,2004
JF909068,,East African cassava mosaic virus-Kenya,Begomovirus manihotisafricaense,Comoros:Anjouan:AJ04B16:2004,DNA-A,"East African cassava mosaic virus-Kenya isolate Comoros:Anjouan:AJ04B16:2004 segment DNA-A, complete sequence",2801,complete,Comoros: Anjouan,Comoros,Manihot esculenta,2004
JF909069,,East African cassava mosaic virus-Kenya,Begomovirus manihotisafricaense,Comoros:Anjouan:AJ06B21:2004,DNA-A,"East African cassava mosaic virus-Kenya isolate Comoros:Anjouan:AJ06B21:2004 segment DNA-A, complete sequence",2801,complete,Comoros: Anjouan,Comoros,Manihot esculenta,2004
JF909070,,East African cassava mosaic virus-Kenya,Begomovirus manihotisafricaense,Comoros:Anjouan:AJ07B00:2004,DNA-A,"East African cassava mosaic virus-Kenya isolate Comoros:Anjouan:AJ07B00:2004 segment DNA-A, complete sequence",2801,complete,Comoros: Anjouan,Comoros,Manihot esculenta,2004
JF909071,,East African cassava mosaic virus-Kenya,Begomovirus manihotisafricaense,Comoros:Anjouan:AJ07B26:2003,DNA-A,"East African cassava mosaic virus-Kenya isolate Comoros:Anjouan:AJ07B26:2003 segment DNA-A, complete sequence",2801,complete,Comoros: Anjouan,Comoros,Manihot esculenta,2003
JF909072,,East African cassava mosaic virus-Kenya,Begomovirus manihotisafricaense,Comoros:Anjouan:AJ10B00:2005,DNA-A,"East African cassava mosaic virus-Kenya isolate Comoros:Anjouan:AJ10B00:2005 segment DNA-A, complete sequence",2801,complete,Comoros: Anjouan,Comoros,Manihot esculenta,2005
JF909073,,East African cassava mosaic virus-Kenya,Begomovirus manihotisafricaense,Comoros:Anjouan:AJ18BW3:2009,DNA-A,"East African cassava mosaic virus-Kenya isolate Comoros:Anjouan:AJ18BW3:2009 segment DNA-A, complete sequence",2801,complete,Comoros: Anjouan,Comoros,Manihot esculenta,2009
JF909074,,East African cassava mosaic virus-Kenya,Begomovirus manihotisafricaense,Comoros:Anjouan:AJ21AL3:2009,DNA-A,"East African cassava mosaic virus-Kenya isolate Comoros:Anjouan:AJ21AL3:2009 segment DNA-A, complete sequence",2800,complete,Comoros: Anjouan,Comoros,Manihot esculenta,2009
JF909075,,East African cassava mosaic virus-Kenya,Begomovirus manihotisafricaense,Comoros:Anjouan:AJ26BP1:2009,DNA-A,"East African cassava mosaic virus-Kenya isolate Comoros:Anjouan:AJ26BP1:2009 segment DNA-A, complete sequence",2801,complete,Comoros: Anjouan,Comoros,Manihot esculenta,2009
JF909076,,East African cassava mosaic virus-Kenya,Begomovirus manihotisafricaense,Comoros:Anjouan:AJ29BE2:2009,DNA-A,"East African cassava mosaic virus-Kenya isolate Comoros:Anjouan:AJ29BE2:2009 segment DNA-A, complete sequence",2801,complete,Comoros: Anjouan,Comoros,Manihot esculenta,2009
JF909077,,East African cassava mosaic virus-Kenya,Begomovirus manihotisafricaense,Comoros:Anjouan:AJ32BT2:2009,DNA-A,"East African cassava mosaic virus-Kenya isolate Comoros:Anjouan:AJ32BT2:2009 segment DNA-A, complete sequence",2765,complete,Comoros: Anjouan,Comoros,Manihot esculenta,2009
JF909082,,East African cassava mosaic virus-Kenya,Begomovirus manihotisafricaense,Comoros:Grande-Comore:GC05B25:2008,DNA-A,"East African cassava mosaic virus-Kenya isolate Comoros:Grande-Comore:GC05B25:2008 segment DNA-A, complete sequence",2802,complete,Comoros: Grande-Comore,Comoros,Manihot esculenta,2008
JF909084,,East African cassava mosaic virus-Kenya,Begomovirus manihotisafricaense,Comoros:Grande-Comore:GC09B29:2008,DNA-A,"East African cassava mosaic virus-Kenya isolate Comoros:Grande-Comore:GC09B29:2008 segment DNA-A, complete sequence",2801,complete,Comoros: Grande-Comore,Comoros,Manihot esculenta,2008
JF909090,,East African cassava mosaic virus-Kenya,Begomovirus manihotisafricaense,Comoros:Grande-Comore:GC12B61:2008,DNA-A,"East African cassava mosaic virus-Kenya isolate Comoros:Grande-Comore:GC12B61:2008 segment DNA-A, complete sequence",2802,complete,Comoros: Grande-Comore,Comoros,Manihot esculenta,2008
JF909092,,East African cassava mosaic virus-Kenya,Begomovirus manihotisafricaense,Comoros:Grande-Comore:GC14E06:2008,DNA-A,"East African cassava mosaic virus-Kenya isolate Comoros:Grande-Comore:GC14E06:2008 segment DNA-A, complete sequence",2801,complete,Comoros: Grande-Comore,Comoros,Manihot esculenta,2008
JF909096,,East African cassava mosaic virus-Kenya,Begomovirus manihotisafricaense,Comoros:Grande-Comore:GC18B00:2005,DNA-A,"East African cassava mosaic virus-Kenya isolate Comoros:Grande-Comore:GC18B00:2005 segment DNA-A, complete sequence",2801,complete,Comoros: Grande-Comore,Comoros,Manihot esculenta,2005
JF909097,,East African cassava mosaic virus-Kenya,Begomovirus manihotisafricaense,Comoros:Grande-Comore:GC20B00:2004,DNA-A,"East African cassava mosaic virus-Kenya isolate Comoros:Grande-Comore:GC20B00:2004 segment DNA-A, complete sequence",2802,complete,Comoros: Grande-Comore,Comoros,Manihot esculenta,2004
JF909099,,East African cassava mosaic virus-Kenya,Begomovirus manihotisafricaense,Comoros:Grande-Comore:GC22AY2:2004,DNA-A,"East African cassava mosaic virus-Kenya isolate Comoros:Grande-Comore:GC22AY2:2004 segment DNA-A, complete sequence",2801,complete,Comoros: Grande-Comore,Comoros,Manihot esculenta,2004
JF909106,,East African cassava mosaic virus-Kenya,Begomovirus manihotisafricaense,Comoros:Grande-Comore:GC30BP1:2009,DNA-A,"East African cassava mosaic virus-Kenya isolate Comoros:Grande-Comore:GC30BP1:2009 segment DNA-A, complete sequence",2801,complete,Comoros: Grande-Comore,Comoros,Manihot esculenta,2009
JF909110,,East African cassava mosaic virus-Kenya,Begomovirus manihotisafricaense,Comoros:Grande-Comore:GC32AF2:2009,DNA-A,"East African cassava mosaic virus-Kenya isolate Comoros:Grande-Comore:GC32AF2:2009 segment DNA-A, complete sequence",2801,complete,Comoros: Grande-Comore,Comoros,Manihot esculenta,2009
JF909111,,East African cassava mosaic virus-Kenya,Begomovirus manihotisafricaense,Comoros:Grande-Comore:GC32BY1:2010,DNA-A,"East African cassava mosaic virus-Kenya isolate Comoros:Grande-Comore:GC32BY1:2010 segment DNA-A, complete sequence",2801,complete,Comoros: Grande-Comore,Comoros,Manihot esculenta,2010
JF909115,,East African cassava mosaic virus-Kenya,Begomovirus manihotisafricaense,Comoros:Grande-Comore:GC36BI2:2009,DNA-A,"East African cassava mosaic virus-Kenya isolate Comoros:Grande-Comore:GC36BI2:2009 segment DNA-A, complete sequence",2801,complete,Comoros: Grande-Comore,Comoros,Manihot esculenta,2009
JF909118,,East African cassava mosaic virus-Kenya,Begomovirus manihotisafricaense,Comoros:Grande-Comore:GC43AO3:2009,DNA-A,"East African cassava mosaic virus-Kenya isolate Comoros:Grande-Comore:GC43AO3:2009 segment DNA-A, complete sequence",2801,complete,Comoros: Grande-Comore,Comoros,Manihot esculenta,2009
JF909119,,East African cassava mosaic virus-Kenya,Begomovirus manihotisafricaense,Comoros:Grande-Comore:GC45AI1:2009,DNA-A,"East African cassava mosaic virus-Kenya isolate Comoros:Grande-Comore:GC45AI1:2009 segment DNA-A, complete sequence",2801,complete,Comoros: Grande-Comore,Comoros,Manihot esculenta,2009
JF909120,,East African cassava mosaic virus-Kenya,Begomovirus manihotisafricaense,Comoros:Grande-Comore:GC47AX3:2009,DNA-A,"East African cassava mosaic virus-Kenya isolate Comoros:Grande-Comore:GC47AX3:2009 segment DNA-A, complete sequence",2801,complete,Comoros: Grande-Comore,Comoros,Manihot esculenta,2009
JF909121,,East African cassava mosaic virus-Kenya,Begomovirus manihotisafricaense,Comoros:Grande-Comore:GC47BZ2:2009,DNA-A,"East African cassava mosaic virus-Kenya isolate Comoros:Grande-Comore:GC47BZ2:2009 segment DNA-A, complete sequence",2801,complete,Comoros: Grande-Comore,Comoros,Manihot esculenta,2009
JF909131,,East African cassava mosaic virus-Kenya,Begomovirus manihotisafricaense,Comoros:Moheli:MO09AR2:2009,DNA-A,"East African cassava mosaic virus-Kenya isolate Comoros:Moheli:MO09AR2:2009 segment DNA-A, complete sequence",2801,complete,Comoros: Moheli,Comoros,Manihot esculenta,2009
JF909133,,East African cassava mosaic virus-Kenya,Begomovirus manihotisafricaense,Comoros:Moheli:MO10BN3:2009,DNA-A,"East African cassava mosaic virus-Kenya isolate Comoros:Moheli:MO10BN3:2009 segment DNA-A, complete sequence",2800,complete,Comoros: Moheli,Comoros,Manihot esculenta,2009
JF909139,,East African cassava mosaic virus-Kenya,Begomovirus manihotisafricaense,Comoros:Moheli:MO15AZ1:2009,DNA-A,"East African cassava mosaic virus-Kenya isolate Comoros:Moheli:MO15AZ1:2009 segment DNA-A, complete sequence",2800,complete,Comoros: Moheli,Comoros,Manihot esculenta,2009
JF909149,,East African cassava mosaic virus-Kenya,Begomovirus manihotisafricaense,Comoros:Moheli:MO29AN3:2009,DNA-A,"East African cassava mosaic virus-Kenya isolate Comoros:Moheli:MO29AN3:2009 segment DNA-A, complete sequence",2801,complete,Comoros: Moheli,Comoros,Manihot esculenta,2009
JF909150,,East African cassava mosaic virus-Kenya,Begomovirus manihotisafricaense,Comoros:Moheli:MO30BY1:2009,DNA-A,"East African cassava mosaic virus-Kenya isolate Comoros:Moheli:MO30BY1:2009 segment DNA-A, complete sequence",2801,complete,Comoros: Moheli,Comoros,Manihot esculenta,2009
JF909151,,East African cassava mosaic virus-Kenya,Begomovirus manihotisafricaense,Seychelles:Mahe:SC01B01:2006,DNA-A,"East African cassava mosaic virus-Kenya isolate Seychelles:Mahe:SC01B01:2006 segment DNA-A, complete sequence",2801,complete,Seychelles: Mahe,Seychelles,Manihot esculenta,2006
JF909152,,East African cassava mosaic virus-Kenya,Begomovirus manihotisafricaense,Seychelles:Mahe:SC02B07:2006,DNA-A,"East African cassava mosaic virus-Kenya isolate Seychelles:Mahe:SC02B07:2006 segment DNA-A, complete sequence",2801,complete,Seychelles: Mahe,Seychelles,Manihot esculenta,2006
JF909153,,East African cassava mosaic virus-Kenya,Begomovirus manihotisafricaense,Seychelles:La Digue:SC03AK1:2009,DNA-A,"East African cassava mosaic virus-Kenya isolate Seychelles:La Digue:SC03AK1:2009 segment DNA-A, complete sequence",2801,complete,Seychelles: La Digue,Seychelles,Manihot esculenta,2009
JF909154,,East African cassava mosaic virus-Kenya,Begomovirus manihotisafricaense,Seychelles:La Digue:SC08AX1:2004,DNA-A,"East African cassava mosaic virus-Kenya isolate Seychelles:La Digue:SC08AX1:2004 segment DNA-A, complete sequence",2801,complete,Seychelles: La Digue,Seychelles,Manihot esculenta,2004
JF909155,,East African cassava mosaic virus-Kenya,Begomovirus manihotisafricaense,Seychelles:Mahe:SC10AS1:2004,DNA-A,"East African cassava mosaic virus-Kenya isolate Seychelles:Mahe:SC10AS1:2004 segment DNA-A, complete sequence",2802,complete,Seychelles: Mahe,Seychelles,Manihot esculenta,2004
JF909156,,East African cassava mosaic virus-Kenya,Begomovirus manihotisafricaense,Seychelles:Mahe:SC12B01:2004,DNA-A,"East African cassava mosaic virus-Kenya isolate Seychelles:Mahe:SC12B01:2004 segment DNA-A, complete sequence",2801,complete,Seychelles: Mahe,Seychelles,Manihot esculenta,2004
JF909157,,East African cassava mosaic virus-Kenya,Begomovirus manihotisafricaense,Seychelles:La digue:SC15B16:2004,DNA-A,"East African cassava mosaic virus-Kenya isolate Seychelles:La digue:SC15B16:2004 segment DNA-A, complete sequence",2801,complete,Seychelles: La Digue,Seychelles,Manihot esculenta,2004
JF909158,,East African cassava mosaic virus,Begomovirus manihotisafricaense,Seychelles:Mahe:SC16B00:2005,DNA-A,"East African cassava mosaic virus isolate Seychelles:Mahe:SC16B00:2005 segment DNA-A, complete sequence",2801,complete,Seychelles: Mahe,Seychelles,Manihot esculenta,2005
JF909159,,East African cassava mosaic virus-Kenya,Begomovirus manihotisafricaense,Seychelles:Mahe:SC16B20:2005,DNA-A,"East African cassava mosaic virus-Kenya isolate Seychelles:Mahe:SC16B20:2005 segment DNA-A, complete sequence",2801,complete,Seychelles: Mahe,Seychelles,Manihot esculenta,2005
JF909160,,East African cassava mosaic virus-Kenya,Begomovirus manihotisafricaense,Seychelles:Mahe:SC17B31:2005,DNA-A,"East African cassava mosaic virus-Kenya isolate Seychelles:Mahe:SC17B31:2005 segment DNA-A, complete sequence",2801,complete,Seychelles: Mahe,Seychelles,Manihot esculenta,2005
JF909161,,East African cassava mosaic virus-Kenya,Begomovirus manihotisafricaense,Seychelles:Mahe:SC18B32:2005,DNA-A,"East African cassava mosaic virus-Kenya isolate Seychelles:Mahe:SC18B32:2005 segment DNA-A, complete sequence",2801,complete,Seychelles: Mahe,Seychelles,Manihot esculenta,2005
JF909162,,East African cassava mosaic virus-Kenya,Begomovirus manihotisafricaense,Seychelles:Praslin:SC22B15:2009,DNA-A,"East African cassava mosaic virus-Kenya isolate Seychelles:Praslin:SC22B15:2009 segment DNA-A, complete sequence",2801,complete,Seychelles: Praslin,Seychelles,Manihot esculenta,2009
JF909163,,East African cassava mosaic virus-Kenya,Begomovirus manihotisafricaense,Comoros:Mayotte:YT03B38:2005,DNA-A,"East African cassava mosaic virus-Kenya isolate Comoros:Mayotte:YT03B38:2005 segment DNA-A, complete sequence",2801,complete,Mayotte,Mayotte,Manihot esculenta,2005
JF909164,,East African cassava mosaic virus-Kenya,Begomovirus manihotisafricaense,Comoros:Mayotte:YT03E63:2005,DNA-A,"East African cassava mosaic virus-Kenya isolate Comoros:Mayotte:YT03E63:2005 segment DNA-A, complete sequence",2801,complete,Mayotte,Mayotte,Manihot esculenta,2005
JF909165,,East African cassava mosaic virus-Kenya,Begomovirus manihotisafricaense,Comoros:Mayotte:YT04B41:2005,DNA-A,"East African cassava mosaic virus-Kenya isolate Comoros:Mayotte:YT04B41:2005 segment DNA-A, complete sequence",2801,complete,Mayotte,Mayotte,Manihot esculenta,2005
JF909166,,East African cassava mosaic virus-Kenya,Begomovirus manihotisafricaense,Comoros:Mayotte:YT04E67:2005,DNA-A,"East African cassava mosaic virus-Kenya isolate Comoros:Mayotte:YT04E67:2005 segment DNA-A, complete sequence",2801,complete,Mayotte,Mayotte,Manihot esculenta,2005
JF909167,,East African cassava mosaic virus-Kenya,Begomovirus manihotisafricaense,Comoros:Mayotte:YT07B51:2005,DNA-A,"East African cassava mosaic virus-Kenya isolate Comoros:Mayotte:YT07B51:2005 segment DNA-A, complete sequence",2801,complete,Mayotte,Mayotte,Manihot esculenta,2005
JF909168,,East African cassava mosaic virus-Kenya,Begomovirus manihotisafricaense,Comoros:Mayotte:YT09B65:2005,DNA-A,"East African cassava mosaic virus-Kenya isolate Comoros:Mayotte:YT09B65:2005 segment DNA-A, complete sequence",2801,complete,Mayotte,Mayotte,Manihot esculenta,2005
JF909169,,East African cassava mosaic virus-Kenya,Begomovirus manihotisafricaense,Comoros:Mayotte:YT10B67:2005,DNA-A,"East African cassava mosaic virus-Kenya isolate Comoros:Mayotte:YT10B67:2005 segment DNA-A, complete sequence",2801,complete,Mayotte,Mayotte,Manihot esculenta,2005
JF909170,,East African cassava mosaic virus-Kenya,Begomovirus manihotisafricaense,Comoros:Mayotte:YT11B71:2005,DNA-A,"East African cassava mosaic virus-Kenya isolate Comoros:Mayotte:YT11B71:2005 segment DNA-A, complete sequence",2801,complete,Mayotte,Mayotte,Manihot esculenta,2005
JF909171,,East African cassava mosaic virus-Kenya,Begomovirus manihotisafricaense,Comoros:Mayotte:YT12B76:2005,DNA-A,"East African cassava mosaic virus-Kenya isolate Comoros:Mayotte:YT12B76:2005 segment DNA-A, complete sequence",2801,complete,Mayotte,Mayotte,Manihot esculenta,2005
JF909173,,East African cassava mosaic virus-Kenya,Begomovirus manihotisafricaense,Comoros:Mayotte:YT23B10:2003,DNA-A,"East African cassava mosaic virus-Kenya isolate Comoros:Mayotte:YT23B10:2003 segment DNA-A, complete sequence",2801,complete,Mayotte,Mayotte,Manihot esculenta,2003
JF909174,,East African cassava mosaic virus-Kenya,Begomovirus manihotisafricaense,Comoros:Mayotte:YT24B16:2004,DNA-A,"East African cassava mosaic virus-Kenya isolate Comoros:Mayotte:YT24B16:2004 segment DNA-A, complete sequence",2801,complete,Mayotte,Mayotte,Manihot esculenta,2004
JF909175,,East African cassava mosaic virus-Kenya,Begomovirus manihotisafricaense,Comoros:Mayotte:YT25B20:2003,DNA-A,"East African cassava mosaic virus-Kenya isolate Comoros:Mayotte:YT25B20:2003 segment DNA-A, complete sequence",2801,complete,Mayotte,Mayotte,Manihot esculenta,2003
JF909176,,East African cassava mosaic virus-Kenya,Begomovirus manihotisafricaense,Comoros:Mayotte:YT26B24:2004,DNA-A,"East African cassava mosaic virus-Kenya isolate Comoros:Mayotte:YT26B24:2004 segment DNA-A, complete sequence",2801,complete,Mayotte,Mayotte,Manihot esculenta,2004
JF909177,,East African cassava mosaic virus-Kenya,Begomovirus manihotisafricaense,Comoros:Mayotte:YT27B31:2004,DNA-A,"East African cassava mosaic virus-Kenya isolate Comoros:Mayotte:YT27B31:2004 segment DNA-A, complete sequence",2801,complete,Mayotte,Mayotte,Manihot esculenta,2004
JF909178,,East African cassava mosaic virus-Kenya,Begomovirus manihotisafricaense,Comoros:Mayotte:YT28B34:2004,DNA-A,"East African cassava mosaic virus-Kenya isolate Comoros:Mayotte:YT28B34:2004 segment DNA-A, complete sequence",2801,complete,Mayotte,Mayotte,Manihot esculenta,2004
JF909179,,East African cassava mosaic virus-Kenya,Begomovirus manihotisafricaense,Comoros:Mayotte:YT33B59:2003,DNA-A,"East African cassava mosaic virus-Kenya isolate Comoros:Mayotte:YT33B59:2003 segment DNA-A, complete sequence",2801,complete,Mayotte,Mayotte,Manihot esculenta,2003
JF909180,,East African cassava mosaic virus-Kenya,Begomovirus manihotisafricaense,Comoros:Mayotte:YT34B44:2004,DNA-A,"East African cassava mosaic virus-Kenya isolate Comoros:Mayotte:YT34B44:2004 segment DNA-A, complete sequence",2801,complete,Mayotte,Mayotte,Manihot esculenta,2004
JF909181,,East African cassava mosaic virus-Kenya,Begomovirus manihotisafricaense,Comoros:Mayotte:YT36B00:2004,DNA-A,"East African cassava mosaic virus-Kenya isolate Comoros:Mayotte:YT36B00:2004 segment DNA-A, complete sequence",2801,complete,Mayotte,Mayotte,Manihot esculenta,2004
JF909182,,East African cassava mosaic virus-Kenya,Begomovirus manihotisafricaense,Comoros:Mayotte:YT36B49:2004,DNA-A,"East African cassava mosaic virus-Kenya isolate Comoros:Mayotte:YT36B49:2004 segment DNA-A, complete sequence",2801,complete,Mayotte,Mayotte,Manihot esculenta,2004
JF909183,,East African cassava mosaic virus-Kenya,Begomovirus manihotisafricaense,Comoros:Mayotte:YT43B01:2008,DNA-A,"East African cassava mosaic virus-Kenya isolate Comoros:Mayotte:YT43B01:2008 segment DNA-A, complete sequence",2801,complete,Mayotte,Mayotte,Manihot esculenta,2008
JF909184,,East African cassava mosaic virus-Kenya,Begomovirus manihotisafricaense,Comoros:Mayotte:YT43E01:2008,DNA-A,"East African cassava mosaic virus-Kenya isolate Comoros:Mayotte:YT43E01:2008 segment DNA-A, complete sequence",2801,complete,Mayotte,Mayotte,Manihot esculenta,2008
JF909185,,East African cassava mosaic virus-Kenya,Begomovirus manihotisafricaense,Comoros:Mayotte:YT44B01:2008,DNA-A,"East African cassava mosaic virus-Kenya isolate Comoros:Mayotte:YT44B01:2008 segment DNA-A, complete sequence",2800,complete,Mayotte,Mayotte,Manihot esculenta,2008
JF909188,,East African cassava mosaic virus-Kenya,Begomovirus manihotisafricaense,Comoros:Mayotte:YT48E15:2008,DNA-A,"East African cassava mosaic virus-Kenya isolate Comoros:Mayotte:YT48E15:2008 segment DNA-A, complete sequence",2801,complete,Mayotte,Mayotte,Manihot esculenta,2008
JF909189,,East African cassava mosaic virus-Kenya,Begomovirus manihotisafricaense,Comoros:Mayotte:YT49A66:2008,DNA-A,"East African cassava mosaic virus-Kenya isolate Comoros:Mayotte:YT49A66:2008 segment DNA-A, complete sequence",2801,complete,Mayotte,Mayotte,Manihot esculenta,2008
JF909190,,East African cassava mosaic virus-Kenya,Begomovirus manihotisafricaense,Comoros:Mayotte:YT49E10:2008,DNA-A,"East African cassava mosaic virus-Kenya isolate Comoros:Mayotte:YT49E10:2008 segment DNA-A, complete sequence",2801,complete,Mayotte,Mayotte,Manihot esculenta,2008
JF909191,,East African cassava mosaic virus-Kenya,Begomovirus manihotisafricaense,Comoros:Mayotte:YT50B12:2008,DNA-A,"East African cassava mosaic virus-Kenya isolate Comoros:Mayotte:YT50B12:2008 segment DNA-A, complete sequence",2801,complete,Mayotte,Mayotte,Manihot esculenta,2008
JF909192,,East African cassava mosaic virus-Kenya,Begomovirus manihotisafricaense,Comoros:Mayotte:YT51B14:2008,DNA-A,"East African cassava mosaic virus-Kenya isolate Comoros:Mayotte:YT51B14:2008 segment DNA-A, complete sequence",2801,complete,Mayotte,Mayotte,Manihot esculenta,2008
JF909193,,East African cassava mosaic virus-Kenya,Begomovirus manihotisafricaense,Comoros:Mayotte:YT55B06:2008,DNA-A,"East African cassava mosaic virus-Kenya isolate Comoros:Mayotte:YT55B06:2008 segment DNA-A, complete sequence",2799,complete,Mayotte,Mayotte,Manihot esculenta,2008
JF909194,,East African cassava mosaic virus-Kenya,Begomovirus manihotisafricaense,Comoros:Mayotte:YT57E10:2008,DNA-A,"East African cassava mosaic virus-Kenya isolate Comoros:Mayotte:YT57E10:2008 segment DNA-A, complete sequence",2801,complete,Mayotte,Mayotte,Manihot esculenta,2008
JF909195,,East African cassava mosaic virus-Kenya,Begomovirus manihotisafricaense,Comoros:Mayotte:YT59B30:2008,DNA-A,"East African cassava mosaic virus-Kenya isolate Comoros:Mayotte:YT59B30:2008 segment DNA-A, complete sequence",2801,complete,Mayotte,Mayotte,Manihot esculenta,2008
JF909196,,East African cassava mosaic virus-Kenya,Begomovirus manihotisafricaense,Comoros:Mayotte:YT59E19:2008,DNA-A,"East African cassava mosaic virus-Kenya isolate Comoros:Mayotte:YT59E19:2008 segment DNA-A, complete sequence",2801,complete,Mayotte,Mayotte,Manihot esculenta,2008
JF909198,,East African cassava mosaic virus-Kenya,Begomovirus manihotisafricaense,Comoros:Mayotte:YT67B08:2009,DNA-A,"East African cassava mosaic virus-Kenya isolate Comoros:Mayotte:YT67B08:2009 segment DNA-A, complete sequence",2800,complete,Mayotte,Mayotte,Manihot esculenta,2009
JN053432,,East African cassava mosaic virus-Uganda2 Severe,Begomovirus manihotisafricaense,B2J5,DNA-A,"East African cassava mosaic virus-Uganda2 Severe isolate B2J5 segment DNA-A, complete sequence",2799,complete,Kenya,Kenya,Jatropha curcas,2009-08-29
JN053433,,East African cassava mosaic virus-Uganda2 Severe,Begomovirus manihotisafricaense,B3J1,DNA-A,"East African cassava mosaic virus-Uganda2 Severe isolate B3J1 segment DNA-A, complete sequence",2799,complete,Kenya,Kenya,Jatropha curcas,2009-08-29
JN053434,,East African cassava mosaic virus-Uganda2 Severe,Begomovirus manihotisafricaense,B3J13,DNA-A,"East African cassava mosaic virus-Uganda2 Severe isolate B3J13 segment DNA-A, complete sequence",2799,complete,Kenya,Kenya,Jatropha curcas,2009-08-29
JN053435,,East African cassava mosaic virus-Uganda2 Severe,Begomovirus manihotisafricaense,B4J15,DNA-A,"East African cassava mosaic virus-Uganda2 Severe isolate B4J15 segment DNA-A, complete sequence",2799,complete,Kenya,Kenya,Jatropha curcas,2009-08-29
JN053436,,East African cassava mosaic virus-Uganda2 Severe,Begomovirus manihotisafricaense,BxJ4,DNA-A,"East African cassava mosaic virus-Uganda2 Severe isolate BxJ4 segment DNA-A, complete sequence",2799,complete,Kenya,Kenya,Jatropha curcas,2009-08-29
JN053437,,East African cassava mosaic virus-Uganda2 Severe,Begomovirus manihotisafricaense,K2J4,DNA-A,"East African cassava mosaic virus-Uganda2 Severe isolate K2J4 segment DNA-A, complete sequence",2799,complete,Kenya,Kenya,Jatropha curcas,2009-08-29
JN053438,,East African cassava mosaic virus-Uganda2 Severe,Begomovirus manihotisafricaense,K4J3,DNA-A,"East African cassava mosaic virus-Uganda2 Severe isolate K4J3 segment DNA-A, complete sequence",2799,complete,Kenya,Kenya,Jatropha curcas,2009-08-29
JN053439,,East African cassava mosaic virus-Uganda2 Severe,Begomovirus manihotisafricaense,B2J13,DNA-A,"East African cassava mosaic virus-Uganda2 Severe isolate B2J13 segment DNA-A, complete sequence",2799,complete,Kenya,Kenya,Jatropha curcas,2009-08-29
JN053440,,East African cassava mosaic virus-Uganda2 Severe,Begomovirus manihotisafricaense,B3J2,DNA-A,"East African cassava mosaic virus-Uganda2 Severe isolate B3J2 segment DNA-A, complete sequence",2799,complete,Kenya,Kenya,Jatropha curcas,2009-08-29
JN053441,,East African cassava mosaic virus-Uganda2 Severe,Begomovirus manihotisafricaense,B4J3,DNA-A,"East African cassava mosaic virus-Uganda2 Severe isolate B4J3 segment DNA-A, complete sequence",2799,complete,Kenya,Kenya,Jatropha curcas,2009-08-29
JN053442,,East African cassava mosaic virus-Uganda2 Severe,Begomovirus manihotisafricaense,B5J3,DNA-A,"East African cassava mosaic virus-Uganda2 Severe isolate B5J3 segment DNA-A, complete sequence",2799,complete,Kenya,Kenya,Jatropha curcas,2009-08-29
JN053443,,East African cassava mosaic virus-Uganda2 Severe,Begomovirus manihotisafricaense,BxJ5,DNA-A,"East African cassava mosaic virus-Uganda2 Severe isolate BxJ5 segment DNA-A, complete sequence",2799,complete,Kenya,Kenya,Jatropha curcas,2009-08-29
JN053444,,East African cassava mosaic virus-Uganda2 Severe,Begomovirus manihotisafricaense,K1J3,DNA-A,"East African cassava mosaic virus-Uganda2 Severe isolate K1J3 segment DNA-A, complete sequence",2799,complete,Kenya,Kenya,Jatropha curcas,2009-08-29
JN053445,,East African cassava mosaic virus-Uganda2 Severe,Begomovirus manihotisafricaense,K3J4,DNA-A,"East African cassava mosaic virus-Uganda2 Severe isolate K3J4 segment DNA-A, complete sequence",2799,complete,Kenya,Kenya,Jatropha curcas,2009-08-29
JN053446,,East African cassava mosaic virus-Uganda2 Severe,Begomovirus manihotisafricaense,K5J6,DNA-A,"East African cassava mosaic virus-Uganda2 Severe isolate K5J6 segment DNA-A, complete sequence",2799,complete,Kenya,Kenya,Jatropha curcas,2009-08-29
JN053447,,East African cassava mosaic virus-Uganda2 Severe,Begomovirus manihotisafricaense,B2J2,DNA-A,"East African cassava mosaic virus-Uganda2 Severe isolate B2J2 segment DNA-A, complete sequence",2799,complete,Kenya,Kenya,Jatropha curcas,2009-08-29
JN053448,,East African cassava mosaic virus-Uganda2 Severe,Begomovirus manihotisafricaense,B3J3,DNA-A,"East African cassava mosaic virus-Uganda2 Severe isolate B3J3 segment DNA-A, complete sequence",2799,complete,Kenya,Kenya,Jatropha curcas,2009-08-29
JN053449,,East African cassava mosaic virus-Uganda2 Severe,Begomovirus manihotisafricaense,B4J5,DNA-A,"East African cassava mosaic virus-Uganda2 Severe isolate B4J5 segment DNA-A, complete sequence",2799,complete,Kenya,Kenya,Jatropha curcas,2009-08-29
JN053450,,East African cassava mosaic virus-Uganda2 Severe,Begomovirus manihotisafricaense,B5J15,DNA-A,"East African cassava mosaic virus-Uganda2 Severe isolate B5J15 segment DNA-A, complete sequence",2799,complete,Kenya,Kenya,Jatropha curcas,2009-08-29
JN053451,,East African cassava mosaic virus-Uganda2 Severe,Begomovirus manihotisafricaense,BxJ15,DNA-A,"East African cassava mosaic virus-Uganda2 Severe isolate BxJ15 segment DNA-A, complete sequence",2799,complete,Kenya,Kenya,Jatropha curcas,2009-08-29
JN053452,,East African cassava mosaic virus-Uganda2 Severe,Begomovirus manihotisafricaense,K2J3,DNA-A,"East African cassava mosaic virus-Uganda2 Severe isolate K2J3 segment DNA-A, complete sequence",2799,complete,Kenya,Kenya,Jatropha curcas,2009-08-29
JN053453,,East African cassava mosaic virus-Uganda2 Severe,Begomovirus manihotisafricaense,K4J1,DNA-A,"East African cassava mosaic virus-Uganda2 Severe isolate K4J1 segment DNA-A, complete sequence",2799,complete,Kenya,Kenya,Jatropha curcas,2009-08-29
JN053454,,East African cassava mosaic virus-Uganda2 Severe,Begomovirus manihotisafricaense,S1J12,DNA-A,"East African cassava mosaic virus-Uganda2 Severe isolate S1J12 segment DNA-A, complete sequence",2799,complete,Kenya,Kenya,Jatropha curcas,2009-08-29
JN053455,,East African cassava mosaic virus-Uganda2 Severe,Begomovirus manihotisafricaense,S4J1,DNA-A,"East African cassava mosaic virus-Uganda2 Severe isolate S4J1 segment DNA-A, complete sequence",2799,complete,Kenya,Kenya,Jatropha curcas,2009-08-29
JN053456,,East African cassava mosaic virus-Uganda2 Severe,Begomovirus manihotisafricaense,S3C1,DNA-A,"East African cassava mosaic virus-Uganda2 Severe isolate S3C1 segment DNA-A, complete sequence",2799,complete,Kenya,Kenya,Manihot esculenta,2009-08-29
JN053457,,East African cassava mosaic virus-Uganda2 Severe,Begomovirus manihotisafricaense,B2C5,DNA-A,"East African cassava mosaic virus-Uganda2 Severe isolate B2C5 segment DNA-A, complete sequence",2799,complete,Kenya,Kenya,Manihot esculenta,2009-08-29
JN053458,,East African cassava mosaic virus-Uganda2 Severe,Begomovirus manihotisafricaense,S4C6,DNA-A,"East African cassava mosaic virus-Uganda2 Severe isolate S4C6 segment DNA-A, complete sequence",2799,complete,Kenya,Kenya,Manihot esculenta,2009-08-29
JN053459,,East African cassava mosaic virus-Uganda2 Severe,Begomovirus manihotisafricaense,B3C2,DNA-A,"East African cassava mosaic virus-Uganda2 Severe isolate B3C2 segment DNA-A, complete sequence",2799,complete,Kenya,Kenya,Manihot esculenta,2009-08-29
JF909256,,East African cassava mosaic virus,Begomovirus manihotisafricaense,Comoros:Anjouan:AJ01B00p:2004,DNA-A,"East African cassava mosaic virus isolate Comoros:Anjouan:AJ01B00p:2004 coat protein (AV1) gene, partial cds",482,partial,Comoros: Anjouan,Comoros,Manihot esculenta,2004
JF909257,,East African cassava mosaic virus,Begomovirus manihotisafricaense,Comoros:Anjouan:AJ02B00p:2004,DNA-A,"East African cassava mosaic virus isolate Comoros:Anjouan:AJ02B00p:2004 coat protein (AV1) gene, partial cds",482,partial,Comoros: Anjouan,Comoros,Manihot esculenta,2004
JF909258,,East African cassava mosaic virus-Kenya,Begomovirus manihotisafricaense,Comoros:Anjouan:AJ03B00p:2004,DNA-A,"East African cassava mosaic virus-Kenya isolate Comoros:Anjouan:AJ03B00p:2004 coat protein (AV1) gene, partial cds",482,partial,Comoros: Anjouan,Comoros,Manihot esculenta,2004
JF909259,,East African cassava mosaic virus,Begomovirus manihotisafricaense,Comoros:Anjouan:AJ04B00p:2004,DNA-A,"East African cassava mosaic virus isolate Comoros:Anjouan:AJ04B00p:2004 coat protein (AV1) gene, partial cds",482,partial,Comoros: Anjouan,Comoros,Manihot esculenta,2004
JF909260,,East African cassava mosaic virus,Begomovirus manihotisafricaense,Comoros:Anjouan:AJ05B00p:2004,DNA-A,"East African cassava mosaic virus isolate Comoros:Anjouan:AJ05B00p:2004 coat protein (AV1) gene, partial cds",482,partial,Comoros: Anjouan,Comoros,Manihot esculenta,2004
JF909261,,East African cassava mosaic virus,Begomovirus manihotisafricaense,Comoros:Anjouan:AJ06B00p:2004,DNA-A,"East African cassava mosaic virus isolate Comoros:Anjouan:AJ06B00p:2004 coat protein (AV1) gene, partial cds",482,partial,Comoros: Anjouan,Comoros,Manihot esculenta,2004
JF909262,,East African cassava mosaic virus,Begomovirus manihotisafricaense,Comoros:Anjouan:AJ07B00p:2004,DNA-A,"East African cassava mosaic virus isolate Comoros:Anjouan:AJ07B00p:2004 coat protein (AV1) gene, partial cds",482,partial,Comoros: Anjouan,Comoros,Manihot esculenta,2004
JF909263,,East African cassava mosaic virus,Begomovirus manihotisafricaense,Comoros:Anjouan:AJ08B00p:2004,DNA-A,"East African cassava mosaic virus isolate Comoros:Anjouan:AJ08B00p:2004 coat protein (AV1) gene, partial cds",482,partial,Comoros: Anjouan,Comoros,Manihot esculenta,2004
JF909264,,East African cassava mosaic virus,Begomovirus manihotisafricaense,Comoros:Anjouan:AJ10B00p:2005,DNA-A,"East African cassava mosaic virus isolate Comoros:Anjouan:AJ10B00p:2005 coat protein (AV1) gene, partial cds",482,partial,Comoros: Anjouan,Comoros,Manihot esculenta,2005
JF909266,,East African cassava mosaic virus,Begomovirus manihotisafricaense,Comoros:Anjouan:AJ31B02p:2009,DNA-A,"East African cassava mosaic virus isolate Comoros:Anjouan:AJ31B02p:2009 coat protein (AV1) gene, partial cds",482,partial,Comoros: Anjouan,Comoros,Manihot esculenta,2009
JF909267,,East African cassava mosaic virus,Begomovirus manihotisafricaense,Comoros:Grande-Comore:GC02B08p:2005,DNA-A,"East African cassava mosaic virus isolate Comoros:Grande-Comore:GC02B08p:2005 coat protein (AV1) gene, partial cds",482,partial,Comoros: Grande-Comore,Comoros,Manihot esculenta,2005
JF909268,,East African cassava mosaic virus,Begomovirus manihotisafricaense,Comoros:Grande-Comore:GC16B00p:2004,DNA-A,"East African cassava mosaic virus isolate Comoros:Grande-Comore:GC16B00p:2004 coat protein (AV1) gene, partial cds",482,partial,Comoros: Grande-Comore,Comoros,Manihot esculenta,2004
JF909269,,East African cassava mosaic virus,Begomovirus manihotisafricaense,Comoros:Grande-Comore:GC18B00p:2005,DNA-A,"East African cassava mosaic virus isolate Comoros:Grande-Comore:GC18B00p:2005 coat protein (AV1) gene, partial cds",482,partial,Comoros: Grande-Comore,Comoros,Manihot esculenta,2005
JF909270,,East African cassava mosaic virus,Begomovirus manihotisafricaense,Comoros:Grande-Comore:GC19B00p:2005,DNA-A,"East African cassava mosaic virus isolate Comoros:Grande-Comore:GC19B00p:2005 coat protein (AV1) gene, partial cds",482,partial,Comoros: Grande-Comore,Comoros,Manihot esculenta,2005
JF909271,,East African cassava mosaic virus,Begomovirus manihotisafricaense,Comoros:Grande-Comore:GC20B00p:2004,DNA-A,"East African cassava mosaic virus isolate Comoros:Grande-Comore:GC20B00p:2004 coat protein (AV1) gene, partial cds",482,partial,Comoros: Grande-Comore,Comoros,Manihot esculenta,2004
JF909278,,East African cassava mosaic virus,Begomovirus manihotisafricaense,Comoros:Moheli:MO02B00p:2005,DNA-A,"East African cassava mosaic virus isolate Comoros:Moheli:MO02B00p:2005 coat protein (AV1) gene, partial cds",482,partial,Comoros: Moheli,Comoros,Manihot esculenta,2005
JF909279,,East African cassava mosaic virus,Begomovirus manihotisafricaense,Seychelles:Praslin:SC07B00p:2004,DNA-A,"East African cassava mosaic virus isolate Seychelles:Praslin:SC07B00p:2004 coat protein (AV1) gene, partial cds",482,partial,Seychelles: Praslin,Seychelles,Manihot esculenta,2004
JF909280,,East African cassava mosaic virus,Begomovirus manihotisafricaense,Seychelles:La Digue:SC08B00p:2004,DNA-A,"East African cassava mosaic virus isolate Seychelles:La Digue:SC08B00p:2004 coat protein (AV1) gene, partial cds",482,partial,Seychelles: La Digue,Seychelles,Manihot esculenta,2004
JF909281,,East African cassava mosaic virus,Begomovirus manihotisafricaense,Seychelles:Mahe:SC11B00p:2004,DNA-A,"East African cassava mosaic virus isolate Seychelles:Mahe:SC11B00p:2004 coat protein (AV1) gene, partial cds",482,partial,Seychelles: Mahe,Seychelles,Manihot esculenta,2004
JF909282,,East African cassava mosaic virus,Begomovirus manihotisafricaense,Seychelles:Mahe:SC12B00p:2004,DNA-A,"East African cassava mosaic virus isolate Seychelles:Mahe:SC12B00p:2004 coat protein (AV1) gene, partial cds",482,partial,Seychelles: Mahe,Seychelles,Manihot esculenta,2004
JF909283,,East African cassava mosaic virus,Begomovirus manihotisafricaense,Seychelles:La Digue:SC15B00p:2004,DNA-A,"East African cassava mosaic virus isolate Seychelles:La Digue:SC15B00p:2004 coat protein (AV1) gene, partial cds",482,partial,Seychelles: La Digue,Seychelles,Manihot esculenta,2004
JF909284,,East African cassava mosaic virus,Begomovirus manihotisafricaense,Seychelles:Mahe:SC16B00p:2005,DNA-A,"East African cassava mosaic virus isolate Seychelles:Mahe:SC16B00p:2005 coat protein (AV1) gene, partial cds",482,partial,Seychelles: Mahe,Seychelles,Manihot esculenta,2005
JF909285,,East African cassava mosaic virus,Begomovirus manihotisafricaense,Seychelles:Mahe:SC18B00p:2005,DNA-A,"East African cassava mosaic virus isolate Seychelles:Mahe:SC18B00p:2005 coat protein (AV1) gene, partial cds",482,partial,Seychelles: Mahe,Seychelles,Manihot esculenta,2005
JF909286,,East African cassava mosaic virus,Begomovirus manihotisafricaense,Comoros:Mayotte:YT23B00p:2003,DNA-A,"East African cassava mosaic virus isolate Comoros:Mayotte:YT23B00p:2003 coat protein (AV1) gene, partial cds",482,partial,Mayotte,Mayotte,Manihot esculenta,2003
JF909287,,East African cassava mosaic virus,Begomovirus manihotisafricaense,Comoros:Mayotte:YT24B00p:2003,DNA-A,"East African cassava mosaic virus isolate Comoros:Mayotte:YT24B00p:2003 coat protein (AV1) gene, partial cds",482,partial,Mayotte,Mayotte,Manihot esculenta,2003
JF909288,,East African cassava mosaic virus,Begomovirus manihotisafricaense,Comoros:Mayotte:YT25B00p:2003,DNA-A,"East African cassava mosaic virus isolate Comoros:Mayotte:YT25B00p:2003 coat protein (AV1) gene, partial cds",482,partial,Mayotte,Mayotte,Manihot esculenta,2003
JF909289,,East African cassava mosaic virus,Begomovirus manihotisafricaense,Comoros:Mayotte:YT26B00p:2003,DNA-A,"East African cassava mosaic virus isolate Comoros:Mayotte:YT26B00p:2003 coat protein (AV1) gene, partial cds",482,partial,Mayotte,Mayotte,Manihot esculenta,2003
JF909290,,East African cassava mosaic virus,Begomovirus manihotisafricaense,Comoros:Mayotte:YT27B00p:2003,DNA-A,"East African cassava mosaic virus isolate Comoros:Mayotte:YT27B00p:2003 coat protein (AV1) gene, partial cds",482,partial,Mayotte,Mayotte,Manihot esculenta,2003
JF909291,,East African cassava mosaic virus,Begomovirus manihotisafricaense,Comoros:Mayotte:YT28B00p:2003,DNA-A,"East African cassava mosaic virus isolate Comoros:Mayotte:YT28B00p:2003 coat protein (AV1) gene, partial cds",482,partial,Mayotte,Mayotte,Manihot esculenta,2003
JF909292,,East African cassava mosaic virus,Begomovirus manihotisafricaense,Comoros:Mayotte:YT29B39p:2004,DNA-A,"East African cassava mosaic virus isolate Comoros:Mayotte:YT29B39p:2004 coat protein (AV1) gene, partial cds",482,partial,Mayotte,Mayotte,Manihot esculenta,2004
JF909293,,East African cassava mosaic virus,Begomovirus manihotisafricaense,Comoros:Mayotte:YT33B59p:2003,DNA-A,"East African cassava mosaic virus isolate Comoros:Mayotte:YT33B59p:2003 coat protein (AV1) gene, partial cds",482,partial,Mayotte,Mayotte,Manihot esculenta,2003
JF909294,,East African cassava mosaic virus,Begomovirus manihotisafricaense,Comoros:Mayotte:YT36B00p:2004,DNA-A,"East African cassava mosaic virus isolate Comoros:Mayotte:YT36B00p:2004 coat protein (AV1) gene, partial cds",482,partial,Mayotte,Mayotte,Manihot esculenta,2004
JF909295,,East African cassava mosaic virus,Begomovirus manihotisafricaense,Comoros:Mayotte:YT39B00p:2004,DNA-A,"East African cassava mosaic virus isolate Comoros:Mayotte:YT39B00p:2004 coat protein (AV1) gene, partial cds",482,partial,Mayotte,Mayotte,Manihot esculenta,2004
JF909296,,East African cassava mosaic virus,Begomovirus manihotisafricaense,Comoros:Mayotte:YT39B54p:2004,DNA-A,"East African cassava mosaic virus isolate Comoros:Mayotte:YT39B54p:2004 coat protein (AV1) gene, partial cds",482,partial,Mayotte,Mayotte,Manihot esculenta,2004
JF909297,,East African cassava mosaic virus,Begomovirus manihotisafricaense,Comoros:Mayotte:YT57B24p:2008,DNA-A,"East African cassava mosaic virus isolate Comoros:Mayotte:YT57B24p:2008 coat protein (AV1) gene, partial cds",482,partial,Mayotte,Mayotte,Manihot esculenta,2008
GU580898,,East African cassava mosaic virus,Begomovirus manihotisafricaense,AOA,A,"East African cassava mosaic virus isolate AOA segment A AV2 protein (AV2), AV1 protein (AV1), AC5 protein (AC5), AC3 protein (AC3), and AC2 protein (AC2) genes, complete cds; and AC1 protein (AC1) gene, partial cds",1829,partial,Angola,Angola,Manihot esculenta,2009-01-08
GU580911,,East African cassava mosaic virus,Begomovirus manihotisafricaense,AO4,A,"East African cassava mosaic virus isolate AO4 segment A AC2 protein (AC2) and AC1 protein (AC1) genes, partial cds",467,partial,Angola,Angola,Manihot esculenta,2009-01-08
GU580912,,East African cassava mosaic virus,Begomovirus manihotisafricaense,AOE,A,"East African cassava mosaic virus isolate AOE segment A AC2 protein (AC2) and AC1 protein (AC1) genes, partial cds",467,partial,Angola,Angola,Manihot esculenta,2009-01-08
GU580913,,East African cassava mosaic virus,Begomovirus manihotisafricaense,AOK,A,"East African cassava mosaic virus isolate AOK segment A AC2 protein (AC2) and AC1 protein (AC1) genes, partial cds",467,partial,Angola,Angola,Manihot esculenta,2009-01-08
GU580914,,East African cassava mosaic virus,Begomovirus manihotisafricaense,AOO,A,"East African cassava mosaic virus isolate AOO segment A AC2 protein (AC2) and AC1 protein (AC1) genes, partial cds",467,partial,Angola,Angola,Manihot esculenta,2009-01-08
GU580925,,East African cassava mosaic virus,Begomovirus manihotisafricaense,AO2,B,"East African cassava mosaic virus isolate AO2 segment B BC1 protein (BC1) gene, partial cds",575,partial,Angola,Angola,Manihot esculenta,2009-01-08
GU580926,,East African cassava mosaic virus,Begomovirus manihotisafricaense,AO3,B,"East African cassava mosaic virus isolate AO3 segment B BC1 protein (BC1) gene, partial cds",576,partial,Angola,Angola,Manihot esculenta,2009-01-08
GU580927,,East African cassava mosaic virus,Begomovirus manihotisafricaense,AO5,B,"East African cassava mosaic virus isolate AO5 segment B BC1 protein (BC1) gene, partial cds",576,partial,Angola,Angola,Manihot esculenta,2009-01-08
GU580928,,East African cassava mosaic virus,Begomovirus manihotisafricaense,AOA,B,"East African cassava mosaic virus isolate AOA segment B BC1 protein (BC1) gene, partial cds",576,partial,Angola,Angola,Manihot esculenta,2009-01-08
GU580929,,East African cassava mosaic virus,Begomovirus manihotisafricaense,AOE,B,"East African cassava mosaic virus isolate AOE segment B BC1 protein (BC1) gene, partial cds",576,partial,Angola,Angola,Manihot esculenta,2009-01-08
GU580930,,East African cassava mosaic virus,Begomovirus manihotisafricaense,AOH,B,"East African cassava mosaic virus isolate AOH segment B BC1 protein (BC1) gene, partial cds",576,partial,Angola,Angola,Manihot esculenta,2009-01-08
GU580931,,East African cassava mosaic virus,Begomovirus manihotisafricaense,AOK,B,"East African cassava mosaic virus isolate AOK segment B BC1 protein (BC1) gene, partial cds",576,partial,Angola,Angola,Manihot esculenta,2009-01-08
GU580932,,East African cassava mosaic virus,Begomovirus manihotisafricaense,AON,B,"East African cassava mosaic virus isolate AON segment B BC1 protein (BC1) gene, partial cds",576,partial,Angola,Angola,Manihot esculenta,2009-01-08
GU580933,,East African cassava mosaic virus,Begomovirus manihotisafricaense,AOO,B,"East African cassava mosaic virus isolate AOO segment B BC1 protein (BC1) gene, partial cds",576,partial,Angola,Angola,Manihot esculenta,2009-01-08
GU580934,,East African cassava mosaic virus,Begomovirus manihotisafricaense,AOUN,B,"East African cassava mosaic virus isolate AOUN segment B BC1 protein (BC1) gene, partial cds",575,partial,Angola,Angola,Manihot esculenta,2009-01-08
FR675722,,East African cassava mosaic virus,Begomovirus manihotisafricaense,EACMV-Ybi Yandumba-Dual,DNA-A,"East African cassava mosaic virus, partial DNA-A segment, partial AC2 gene for activator of transcription protein, isolate EACMV-Ybi Yandumba-Dual",405,partial,"Democratic Republic of the Congo:Yandumba village, Province orientale",Democratic Republic of the Congo,Manihot esculenta,2008-11-12
FR675723,,East African cassava mosaic virus,Begomovirus manihotisafricaense,EACMV-Ybi Bobadi-dual,DNA-A,"East African cassava mosaic virus, partial DNA-A segment, partial AC2 gene for activator of transcription protein, isolate EACMV-Ybi Bobadi-dual",405,partial,"Democratic Republic of the Congo:Bobadi village,Province orientale",Democratic Republic of the Congo,Manihot esculenta,2008-11-12
FR675724,,East African cassava mosaic virus,Begomovirus manihotisafricaense,EACMV-Ybi Banalia-Dual,DNA-A,"East African cassava mosaic virus, partial DNA-A segment, partial AC2 gene for activator of transcription protein, isolate EACMV-Ybi Banalia-Dual",405,partial,"Democratic Republic of the Congo:Banalia village, Province orientale",Democratic Republic of the Congo,Manihot esculenta,2008-11-12
FR675725,,East African cassava mosaic virus,Begomovirus manihotisafricaense,EACMV-Ybi Bodjaba-Dual,DNA-A,"East African cassava mosaic virus, partial DNA-A segment, partial AC2 gene for activator of transcription protein, isolate EACMV-Ybi Bodjaba-Dual",405,partial,"Democratic Republic of the Congo:Bodjaba village, Province orientale",Democratic Republic of the Congo,Manihot esculenta,2008-11-12
FR675726,,East African cassava mosaic virus,Begomovirus manihotisafricaense,EACMV-Ybi Bodjaba-Single,DNA-A,"East African cassava mosaic virus, partial DNA-A segment, partial AC2 gene for activator of transcription protein, isolate EACMV-Ybi Bodjaba-Single",405,partial,"Democratic Republic of the Congo:Bodjaba village, Province orientale",Democratic Republic of the Congo,Manihot esculenta,2008-11-12
FR675727,,East African cassava mosaic virus,Begomovirus manihotisafricaense,EACMV-Ybi Yongo-Dual,DNA-A,"East African cassava mosaic virus, partial DNA-A segment, partial AC2 gene for activator of transcription protein, isolate EACMV-Ybi Yongo-Dual",405,partial,"Democratic Republic of the Congo:Yongo village,Province orientale",Democratic Republic of the Congo,Manihot esculenta,2008-11-12
FR675728,,East African cassava mosaic virus,Begomovirus manihotisafricaense,EACMV-Ybi Yongo-Single,DNA-A,"East African cassava mosaic virus, partial DNA-A segment, partial AC2 gene for activator of transcription protein, isolate EACMV-Ybi Yongo-Single",405,partial,"Democratic Republic of the Congo:Yongo village,Province orientale",Democratic Republic of the Congo,Manihot esculenta,2008-11-12
FR675729,,East African cassava mosaic virus,Begomovirus manihotisafricaense,EACMV-Ybi Bombombwa-Dual,DNA-A,"East African cassava mosaic virus, partial DNA-A segment, partial AC2 gene for activator of transcription protein, isolate EACMV-Ybi Bombombwa-Dual",405,partial,"Democratic Republic of the Congo:Bombombwa village, Province orientale",Democratic Republic of the Congo,Manihot esculenta,2008-11-12
FR675730,,East African cassava mosaic virus,Begomovirus manihotisafricaense,EACMV-Ybi Bombombwa-Single,DNA-A,"East African cassava mosaic virus, partial DNA-A segment, partial AC2 gene for activator of transcription protein, isolate EACMV-Ybi Bombombwa-Single",405,partial,"Democratic Republic of the Congo:Bombombwa village, Province orientale",Democratic Republic of the Congo,Manihot esculenta,2008-11-12
FR675731,,East African cassava mosaic virus,Begomovirus manihotisafricaense,EACMV-Ybi Bahume-Dual,DNA-A,"East African cassava mosaic virus, partial DNA-A segment, partial AC2 gene for activator of transcription protein, isolate EACMV-Ybi Bahume-Dual",405,partial,"Democratic Republic of the Congo:Bahume village,Province orientale",Democratic Republic of the Congo,Manihot esculenta,2008-11-12
FR675732,,East African cassava mosaic virus,Begomovirus manihotisafricaense,EACMV-Ybi Bahume-Single,DNA-A,"East African cassava mosaic virus, partial DNA-A segment, partial AC2 gene for activator of transcription protein, isolate EACMV-Ybi Bahume-Single",405,partial,"Democratic Republic of the Congo:Bahume village,Province orientale",Democratic Republic of the Congo,Manihot esculenta,2008-11-12
FR675733,,East African cassava mosaic virus,Begomovirus manihotisafricaense,EACMV-Ybi Bambwe-Dual,DNA-A,"East African cassava mosaic virus, partial DNA-A segment, partial AC2 gene for activator of transcription protein, isolate EACMV-Ybi Bambwe-Dual",405,partial,"Democratic Republic of the Congo:Bambwe village,Province orientale",Democratic Republic of the Congo,Manihot esculenta,2008-11-12
FR675734,,East African cassava mosaic virus,Begomovirus manihotisafricaense,EACMV-Ybi Badambila-Dual,DNA-A,"East African cassava mosaic virus, partial DNA-A segment, partial AC2 gene for activator of transcription protein, isolate EACMV-Ybi Badambila-Dual",405,partial,"Democratic Republic of the Congo:Badambila village, Province orientale",Democratic Republic of the Congo,Manihot esculenta,2008-11-12
FR675735,,East African cassava mosaic virus,Begomovirus manihotisafricaense,EACMV-Ybi Gwania-Dual,DNA-A,"East African cassava mosaic virus, partial DNA-A segment, partial AC2 gene for activator of transcription protein, isolate EACMV-Ybi Gwania-Dual",405,partial,"Democratic Republic of the Congo:Gwania village,Province orientale",Democratic Republic of the Congo,Manihot esculenta,2008-11-12
FR675736,,East African cassava mosaic virus,Begomovirus manihotisafricaense,EACMV-Ybi Bandagwe-Dual,DNA-A,"East African cassava mosaic virus, partial DNA-A segment, partial AC2 gene for activator of transcription protein, isolate EACMV-Ybi Bandagwe-Dual",405,partial,"Democratic Republic of the Congo:Bandagwe village, Province orientale",Democratic Republic of the Congo,Manihot esculenta,2008-11-15
FR675737,,East African cassava mosaic virus,Begomovirus manihotisafricaense,EACMV-Ybi Bandagwe-Single,DNA-A,"East African cassava mosaic virus, partial DNA-A segment, partial AC2 gene for activator of transcription protein, isolate EACMV-Ybi Bandagwe-Single",405,partial,"Democratic Republic of the Congo:Bandagwe village, Province orientale",Democratic Republic of the Congo,Manihot esculenta,2008-11-15
FR675738,,East African cassava mosaic virus,Begomovirus manihotisafricaense,EACMV-Ybi Bakweme-Dual,DNA-A,"East African cassava mosaic virus, partial DNA-A segment, partial AC2 gene for activator of transcription protein, isolate EACMV-Ybi Bakweme-Dual",405,partial,"Democratic Republic of the Congo:Bakweme village, Province orientale",Democratic Republic of the Congo,Manihot esculenta,2008-11-15
FR675739,,East African cassava mosaic virus,Begomovirus manihotisafricaense,EACMV-Ybi Bengamisa-Dual,DNA-A,"East African cassava mosaic virus, partial DNA-A segment, partial AC2 gene for activator of transcription protein, isolate EACMV-Ybi Bengamisa-Dual",405,partial,"Democratic Republic of the Congo:Bengamisa village, Province orientale",Democratic Republic of the Congo,Manihot esculenta,2008-11-15
FR675740,,East African cassava mosaic virus,Begomovirus manihotisafricaense,EACMV-Ybi Bangwade-Dual,DNA-A,"East African cassava mosaic virus, partial DNA-A segment, partial AC2 gene for activator of transcription protein, isolate EACMV-Ybi Bangwade-Dual",405,partial,"Democratic Republic of the Congo:Bangwade village, Province orientale",Democratic Republic of the Congo,Manihot esculenta,2008-11-15
FR675741,,East African cassava mosaic virus,Begomovirus manihotisafricaense,EACMV-Ybi Bangwade-Single,DNA-A,"East African cassava mosaic virus, partial DNA-A segment, partial AC2 gene for activator of transcription protein, isolate EACMV-Ybi Bangwade-Single",405,partial,"Democratic Republic of the Congo:Bangwade village, Province orientale",Democratic Republic of the Congo,Manihot esculenta,2008-11-15
FR675742,,East African cassava mosaic virus,Begomovirus manihotisafricaense,EACMV-Ybi Bawi-Dual,DNA-A,"East African cassava mosaic virus, partial DNA-A segment, partial AC2 gene for activator of transcription protein, isolate EACMV-Ybi Bawi-Dual",405,partial,"Democratic Republic of the Congo:Bawi village,Province orientale",Democratic Republic of the Congo,Manihot esculenta,2008-11-15
FR675743,,East African cassava mosaic virus,Begomovirus manihotisafricaense,EACMV-Ybi Bagbasingbe-Dual,DNA-A,"East African cassava mosaic virus, partial DNA-A segment, partial AC2 gene for activator of transcription protein, isolate EACMV-Ybi Bagbasingbe-Dual",405,partial,"Democratic Republic of the Congo:Bagbasingbe village, Province orientale",Democratic Republic of the Congo,Manihot esculenta,2008-11-15
FR675744,,East African cassava mosaic virus,Begomovirus manihotisafricaense,EACMV-Ybi Bawombi-Bawombi,DNA-A,"East African cassava mosaic virus, partial DNA-A segment, partial AC2 gene for activator of transcription protein, isolate EACMV-Ybi Bawombi-Bawombi",405,partial,"Democratic Republic of the Congo:Bawombi village, Province orientale",Democratic Republic of the Congo,Manihot esculenta,2008-11-15
FR675745,,East African cassava mosaic virus,Begomovirus manihotisafricaense,EACMV-Ybi Batiamanduku-Dual,DNA-A,"East African cassava mosaic virus, partial DNA-A segment, partial AC2 gene for activator of transcription protein, isolate EACMV-Ybi Batiamanduku-Dual",405,partial,"Democratic Republic of the Congo:Batiamanduku village, Province orientale",Democratic Republic of the Congo,Manihot esculenta,2008-11-15
FR675746,,East African cassava mosaic virus,Begomovirus manihotisafricaense,EACMV-Ybi Batiamanduku-Single,DNA-A,"East African cassava mosaic virus, partial DNA-A segment, partial AC2 gene for activator of transcription protein, isolate EACMV-Ybi Batiamanduku-Single",405,partial,"Democratic Republic of the Congo:Batiamanduku village, Province orientale",Democratic Republic of the Congo,Manihot esculenta,2008-11-15
FR675747,,East African cassava mosaic virus,Begomovirus manihotisafricaense,EACMV-Ybi Yakusu-Dual,DNA-A,"East African cassava mosaic virus, partial DNA-A segment, partial AC2 gene for activator of transcription protein, isolate EACMV-Ybi Yakusu-Dual",405,partial,"Democratic Republic of the Congo:Yakusu village,Province orientale",Democratic Republic of the Congo,Manihot esculenta,2009-01-12
FR675748,,East African cassava mosaic virus,Begomovirus manihotisafricaense,EACMV-Ybi Yakusu-Single,DNA-A,"East African cassava mosaic virus, partial DNA-A segment, partial AC2 gene for activator of transcription protein, isolate EACMV-Ybi Yakusu-Single",405,partial,"Democratic Republic of the Congo:Yakusu village,Province orientale",Democratic Republic of the Congo,Manihot esculenta,2009-01-12
FR675749,,East African cassava mosaic virus,Begomovirus manihotisafricaense,EACMV-Ybi Madula-Dual,DNA-A,"East African cassava mosaic virus, partial DNA-A segment, partial AC2 gene for activator of transcription protein, isolate EACMV-Ybi Madula-Dual",405,partial,"Democratic Republic of the Congo:Madula village,Province orientale",Democratic Republic of the Congo,Manihot esculenta,2009-01-12
FR675750,,East African cassava mosaic virus,Begomovirus manihotisafricaense,EACMV-Ybi Madula-Single,DNA-A,"East African cassava mosaic virus, partial DNA-A segment, partial AC2 gene for activator of transcription protein, isolate EACMV-Ybi Madula-Single",405,partial,"Democratic Republic of the Congo:Madula village,Province orientale",Democratic Republic of the Congo,Manihot esculenta,2009-01-12
FR675751,,East African cassava mosaic virus,Begomovirus manihotisafricaense,EACMV-Ybi Kisangani-Dual,DNA-A,"East African cassava mosaic virus, partial DNA-A segment, partial AC2 gene for activator of transcription protein, isolate EACMV-Ybi Kisangani-Dual",405,partial,"Democratic Republic of the Congo:Kisangani village, Province orientale",Democratic Republic of the Congo,Manihot esculenta,2009-01-12
FR675752,,East African cassava mosaic virus,Begomovirus manihotisafricaense,EACMV-Ybi Bandu-Dual,DNA-A,"East African cassava mosaic virus, partial DNA-A segment, partial AC2 gene for activator of transcription protein, isolate EACMV-Ybi Bandu-Dual",405,partial,"Democratic Republic of the Congo:Bandu village,Province orientale",Democratic Republic of the Congo,Manihot esculenta,2009-01-12
FR675753,,East African cassava mosaic virus,Begomovirus manihotisafricaense,EACMV-Ybi Risasi-Single,DNA-A,"East African cassava mosaic virus, partial DNA-A segment, partial AC2 gene for activator of transcription protein, isolate EACMV-Ybi Risasi-Single",405,partial,"Democratic Republic of the Congo:Risasi village,Province orientale",Democratic Republic of the Congo,Manihot esculenta,2009-01-12
FR675754,,East African cassava mosaic virus,Begomovirus manihotisafricaense,EACMV-Ybi Biaro-Dual,DNA-A,"East African cassava mosaic virus, partial DNA-A segment, partial AC2 gene for activator of transcription protein, isolate EACMV-Ybi Biaro-Dual",405,partial,"Democratic Republic of the Congo:Biaro village,Province orientale",Democratic Republic of the Congo,Manihot esculenta,2009-01-12
FR675755,,East African cassava mosaic virus,Begomovirus manihotisafricaense,EACMV-Ybi Biaro-Single,DNA-A,"East African cassava mosaic virus, partial DNA-A segment, partial AC2 gene for activator of transcription protein, isolate EACMV-Ybi Biaro-Single",405,partial,"Democratic Republic of the Congo:Biaro village,Province orientale",Democratic Republic of the Congo,Manihot esculenta,2009-01-12
FR675756,,East African cassava mosaic virus,Begomovirus manihotisafricaense,EACMV-Ybi Batiakasima-Single,DNA-A,"East African cassava mosaic virus, partial DNA-A segment, partial AC2 gene for activator of transcription protein, isolate EACMV-Ybi Batiakasima-Single",405,partial,"Democratic Republic of the Congo:Batiakasima village, Province orientale",Democratic Republic of the Congo,Manihot esculenta,2009-01-12
FR675757,,East African cassava mosaic virus,Begomovirus manihotisafricaense,EACMV-Ybi Mokobe-Single,DNA-A,"East African cassava mosaic virus, partial DNA-A segment, partial AC2 gene for activator of transcription protein, isolate EACMV-Ybi Mokobe-Single",405,partial,"Democratic Republic of the Congo:Mokobe village,Province orientale",Democratic Republic of the Congo,Manihot esculenta,2009-01-15
FR675758,,East African cassava mosaic virus,Begomovirus manihotisafricaense,EACMV-Ybi Yalokombe-Dual,DNA-A,"East African cassava mosaic virus, partial DNA-A segment, partial AC2 gene for activator of transcription protein, isolate EACMV-Ybi Yalokombe-Dual",405,partial,"Democratic Republic of the Congo:Yalokombe village, Province orientale",Democratic Republic of the Congo,Manihot esculenta,2009-01-15
FR675759,,East African cassava mosaic virus,Begomovirus manihotisafricaense,EACMV-Ybi Yalokombe-Single,DNA-A,"East African cassava mosaic virus, partial DNA-A segment, partial AC2 gene for activator of transcription protein, isolate EACMV-Ybi Yalokombe-Single",405,partial,"Democratic Republic of the Congo:Yalokombe village, Province orientale",Democratic Republic of the Congo,Manihot esculenta,2009-01-15
FR675760,,East African cassava mosaic virus,Begomovirus manihotisafricaense,EACMV-Ybi Yalikanda-Dual,DNA-A,"East African cassava mosaic virus, partial DNA-A segment, partial AC2 gene for activator of transcription protein, isolate EACMV-Ybi Yalikanda-Dual",405,partial,"Democratic Republic of the Congo:Yalikanda village, Province orientale",Democratic Republic of the Congo,Manihot esculenta,2009-01-15
FR675761,,East African cassava mosaic virus,Begomovirus manihotisafricaense,EACMV-Ybi Belgika-Dual,DNA-A,"East African cassava mosaic virus, partial DNA-A segment, partial AC2 gene for activator of transcription protein, isolate EACMV-Ybi Belgika-Dual",405,partial,"Democratic Republic of the Congo:Belgika village, Province orientale",Democratic Republic of the Congo,Manihot esculenta,2009-01-19
FR675762,,East African cassava mosaic virus,Begomovirus manihotisafricaense,EACMV-Ybi Belgika-Single,DNA-A,"East African cassava mosaic virus, partial DNA-A segment, partial AC2 gene for activator of transcription protein, isolate EACMV-Ybi Belgika-Single",405,partial,"Democratic Republic of the Congo:Belgika village, Province orientale",Democratic Republic of the Congo,Manihot esculenta,2009-01-19
FR675763,,East African cassava mosaic virus,Begomovirus manihotisafricaense,EACMV-Ybi Yaotumbe-Dual,DNA-A,"East African cassava mosaic virus, partial DNA-A segment, partial AC2 gene for activator of transcription protein, isolate EACMV-Ybi Yaotumbe-Dual",405,partial,"Democratic Republic of the Congo:Yaotumbe village, Province orientale",Democratic Republic of the Congo,Manihot esculenta,2009-01-19
FR675764,,East African cassava mosaic virus,Begomovirus manihotisafricaense,EACMV-Ybi Yaotumbe-Single,DNA-A,"East African cassava mosaic virus, partial DNA-A segment, partial AC2 gene for activator of transcription protein, isolate EACMV-Ybi Yaotumbe-Single",405,partial,"Democratic Republic of the Congo:Yaotumbe village, Province orientale",Democratic Republic of the Congo,Manihot esculenta,2009-01-19
FR675765,,East African cassava mosaic virus,Begomovirus manihotisafricaense,EACMV-Ybi Yalifoka-Dual,DNA-A,"East African cassava mosaic virus, partial DNA-A segment, partial AC2 gene for activator of transcription protein, isolate EACMV-Ybi Yalifoka-Dual",405,partial,"Democratic Republic of the Congo:Yalifoka village, Province orientale",Democratic Republic of the Congo,Manihot esculenta,2009-01-19
FR675766,,East African cassava mosaic virus,Begomovirus manihotisafricaense,EACMV-Ybi Yaombo-dual,DNA-A,"East African cassava mosaic virus, partial DNA-A segment, partial AC2 gene for activator of transcription protein, isolate EACMV-Ybi Yaombo-dual",405,partial,"Democratic Republic of the Congo:Yaombo village,Province orientale",Democratic Republic of the Congo,Manihot esculenta,2009-01-19
FR675767,,East African cassava mosaic virus,Begomovirus manihotisafricaense,EACMV-Ybi Yalosuka-Dual,DNA-A,"East African cassava mosaic virus, partial DNA-A segment, partial AC2 gene for activator of transcription protein, isolate EACMV-Ybi Yalosuka-Dual",405,partial,"Democratic Republic of the Congo:Yalosuka village, Province orientale",Democratic Republic of the Congo,Manihot esculenta,2009-01-22
FR675768,,East African cassava mosaic virus,Begomovirus manihotisafricaense,EACMV-Ybi Yalosuka-Single,DNA-A,"East African cassava mosaic virus, partial DNA-A segment, partial AC2 gene for activator of transcription protein, isolate EACMV-Ybi Yalosuka-Single",405,partial,"Democratic Republic of the Congo:Yalosuka village, Province orientale",Democratic Republic of the Congo,Manihot esculenta,2009-01-22
FR675769,,East African cassava mosaic virus,Begomovirus manihotisafricaense,EACMV-Ybi Yatolema-Dual,DNA-A,"East African cassava mosaic virus, partial DNA-A segment, partial AC2 gene for activator of transcription protein, isolate EACMV-Ybi Yatolema-Dual",405,partial,"Democratic Republic of the Congo:Yatolema village, Province orientale",Democratic Republic of the Congo,Manihot esculenta,2009-01-22
FR675770,,East African cassava mosaic virus,Begomovirus manihotisafricaense,EACMV-Ybi Yalokombe1-Dual,DNA-A,"East African cassava mosaic virus, partial DNA-A segment, partial AC2 gene for activator of transcription protein, isolate EACMV-Ybi Yalokombe1-Dual",405,partial,"Democratic Republic of the Congo:Yalokombe1 village, Province orientale",Democratic Republic of the Congo,Manihot esculenta,2009-01-22
FR675771,,East African cassava mosaic virus,Begomovirus manihotisafricaense,EACMV-Ybi Yalokombe1-Single,DNA-A,"East African cassava mosaic virus, partial DNA-A segment, partial AC2 gene for activator of transcription protein, isolate EACMV-Ybi Yalokombe1-Single",405,partial,"Democratic Republic of the Congo:Yalokombe1 village, Province orientale",Democratic Republic of the Congo,Manihot esculenta,2009-01-22
FR675772,,East African cassava mosaic virus,Begomovirus manihotisafricaense,EACMV-Ybi Lianga-Dual,DNA-A,"East African cassava mosaic virus, partial DNA-A segment, partial AC2 gene for activator of transcription protein, isolate EACMV-Ybi Lianga-Dual",405,partial,"Democratic Republic of the Congo:Lianga village,Province orientale",Democratic Republic of the Congo,Manihot esculenta,2009-01-22
FR675773,,East African cassava mosaic virus,Begomovirus manihotisafricaense,EACMV-Ybi Yanonge-Dual,DNA-A,"East African cassava mosaic virus, partial DNA-A segment, partial AC2 gene for activator of transcription protein, isolate EACMV-Ybi Yanonge-Dual",405,partial,"Democratic Republic of the Congo:Yanonge village, Province orientale",Democratic Republic of the Congo,Manihot esculenta,2009-01-22
FR675774,,East African cassava mosaic virus,Begomovirus manihotisafricaense,EACMV-Ybi Yanonge-Single,DNA-A,"East African cassava mosaic virus, partial DNA-A segment, partial AC2 gene for activator of transcription protein, isolate EACMV-Ybi Yanonge-Single",405,partial,"Democratic Republic of the Congo:Yanonge village, Province orientale",Democratic Republic of the Congo,Manihot esculenta,2009-01-22
FR675775,,East African cassava mosaic virus,Begomovirus manihotisafricaense,EACMV-Ybi Baulo-Dual,DNA-A,"East African cassava mosaic virus, partial DNA-A segment, partial AC2 gene for activator of transcription protein, isolate EACMV-Ybi Baulo-Dual",405,partial,"Democratic Republic of the Congo:Baulo village,Province orientale",Democratic Republic of the Congo,Manihot esculenta,2009-01-22
FR675776,,East African cassava mosaic virus,Begomovirus manihotisafricaense,EACMV-Ybi Yangambi-Dual,DNA-A,"East African cassava mosaic virus, partial DNA-A segment, partial AC2 gene for activator of transcription protein, isolate EACMV-Ybi Yangambi-Dual",405,partial,"Democratic Republic of the Congo:Yangambi village, Province orientale",Democratic Republic of the Congo,Manihot esculenta,2009-01-26
FR675777,,East African cassava mosaic virus,Begomovirus manihotisafricaense,EACMV-Ybi Isangi-Dual,DNA-A,"East African cassava mosaic virus, partial DNA-A segment, partial AC2 gene for activator of transcription protein, isolate EACMV-Ybi Isangi-Dual",405,partial,"Democratic Republic of the Congo:Isangi village,Province orientale",Democratic Republic of the Congo,Manihot esculenta,2009-01-26
FR675778,,East African cassava mosaic virus,Begomovirus manihotisafricaense,EACMV-Ybi Isangi-Single,DNA-A,"East African cassava mosaic virus, partial DNA-A segment, partial AC2 gene for activator of transcription protein, isolate EACMV-Ybi Isangi-Single",405,partial,"Democratic Republic of the Congo:Isangi village,Province orientale",Democratic Republic of the Congo,Manihot esculenta,2009-01-26
FR675779,,East African cassava mosaic virus,Begomovirus manihotisafricaense,EACMV-Ybi Yaeoli-Dual,DNA-A,"East African cassava mosaic virus, partial DNA-A segment, partial AC2 gene for activator of transcription protein, isolate EACMV-Ybi Yaeoli-Dual",405,partial,"Democratic Republic of the Congo:Yaeoli village,Province orientale",Democratic Republic of the Congo,Manihot esculenta,2009-01-26
FR675780,,East African cassava mosaic virus,Begomovirus manihotisafricaense,EACMV-Ybi Lileko-Dual,DNA-A,"East African cassava mosaic virus, partial DNA-A segment, partial AC2 gene for activator of transcription protein, isolate EACMV-Ybi Lileko-Dual",405,partial,"Democratic Republic of the Congo:Lileko village,Province orientale",Democratic Republic of the Congo,Manihot esculenta,2009-01-26
FR675781,,East African cassava mosaic virus,Begomovirus manihotisafricaense,EACMV-Ybi Lileko-Single,DNA-A,"East African cassava mosaic virus, partial DNA-A segment, partial AC2 gene for activator of transcription protein, isolate EACMV-Ybi Lileko-Single",405,partial,"Democratic Republic of the Congo:Lileko village,Province orientale",Democratic Republic of the Congo,Manihot esculenta,2009-01-26
FR675782,,East African cassava mosaic virus,Begomovirus manihotisafricaense,EACMV-Ybi Ngazi-Dual,DNA-A,"East African cassava mosaic virus, partial DNA-A segment, partial AC2 gene for activator of transcription protein, isolate EACMV-Ybi Ngazi-Dual",405,partial,"Democratic Republic of the Congo:Ngazi village,Province orientale",Democratic Republic of the Congo,Manihot esculenta,2009-01-28
FR675783,,East African cassava mosaic virus,Begomovirus manihotisafricaense,EACMV-Ybi Yaotonga-Dual,DNA-A,"East African cassava mosaic virus, partial DNA-A segment, partial AC2 gene for activator of transcription protein, isolate EACMV-Ybi Yaotonga-Dual",405,partial,"Democratic Republic of the Congo:Yaotonga village, Province orientale",Democratic Republic of the Congo,Manihot esculenta,2009-01-28
FR675784,,East African cassava mosaic virus,Begomovirus manihotisafricaense,EACMV-Ybi Djabir-Dual,DNA-A,"East African cassava mosaic virus, partial DNA-A segment, partial AC2 gene for activator of transcription protein, isolate EACMV-Ybi Djabir-Dual",405,partial,"Democratic Republic of the Congo:Djabir village,Province orientale",Democratic Republic of the Congo,Manihot esculenta,2009-01-28
FR675785,,East African cassava mosaic virus,Begomovirus manihotisafricaense,EACMV-Ybi Djabir-Single,DNA-A,"East African cassava mosaic virus, partial DNA-A segment, partial AC2 gene for activator of transcription protein, isolate EACMV-Ybi Djabir-Single",405,partial,"Democratic Republic of the Congo:Djabir village,Province orientale",Democratic Republic of the Congo,Manihot esculenta,2009-01-28
FR675786,,East African cassava mosaic virus,Begomovirus manihotisafricaense,EACMV-Ybi Ligasa-Dual,DNA-A,"East African cassava mosaic virus, partial DNA-A segment, partial AC2 gene for activator of transcription protein, isolate EACMV-Ybi Ligasa-Dual",405,partial,"Democratic Republic of the Congo:Ligasa village,Province orientale",Democratic Republic of the Congo,Manihot esculenta,2009-01-28
FR675787,,East African cassava mosaic virus,Begomovirus manihotisafricaense,EACMV-Ybi Ligasa-Single,DNA-A,"East African cassava mosaic virus, partial DNA-A segment, partial AC2 gene for activator of transcription protein, isolate EACMV-Ybi Ligasa-Single",405,partial,"Democratic Republic of the Congo:Ligasa village,Province orientale",Democratic Republic of the Congo,Manihot esculenta,2009-01-28
FR675788,,East African cassava mosaic virus,Begomovirus manihotisafricaense,EACMV-Ybi Liande-Dual,DNA-A,"East African cassava mosaic virus, partial DNA-A segment, partial AC2 gene for activator of transcription protein, isolate EACMV-Ybi Liande-Dual",405,partial,"Democratic Republic of the Congo:Liande village,Province orientale",Democratic Republic of the Congo,Manihot esculenta,2009-01-28
FR675789,,East African cassava mosaic virus,Begomovirus manihotisafricaense,EACMV-Ybi Bolinga-Dual,DNA-A,"East African cassava mosaic virus, partial DNA-A segment, partial AC2 gene for activator of transcription protein, isolate EACMV-Ybi Bolinga-Dual",405,partial,"Democratic Republic of the Congo:Bolinga village, Province orientale",Democratic Republic of the Congo,Manihot esculenta,2009-01-28
FR675790,,East African cassava mosaic virus,Begomovirus manihotisafricaense,EACMV-Ybi Yafeta-Dual,DNA-A,"East African cassava mosaic virus, partial DNA-A segment, partial AC2 gene for activator of transcription protein, isolate EACMV-Ybi Yafeta-Dual",405,partial,"Democratic Republic of the Congo:Yafeta village,Province orientale",Democratic Republic of the Congo,Manihot esculenta,2009-01-28
FR675791,,East African cassava mosaic virus,Begomovirus manihotisafricaense,EACMV-Ybi Yafela-Dual,DNA-A,"East African cassava mosaic virus, partial DNA-A segment, partial AC2 gene for activator of transcription protein, isolate EACMV-Ybi Yafela-Dual",405,partial,"Democratic Republic of the Congo:Yafela village,Province orientale",Democratic Republic of the Congo,Manihot esculenta,2009-01-28
FR675792,,East African cassava mosaic virus,Begomovirus manihotisafricaense,EACMV-Ybi Yaula-Dual,DNA-A,"East African cassava mosaic virus, partial DNA-A segment, partial AC2 gene for activator of transcription protein, isolate EACMV-Ybi Yaula-Dual",405,partial,"Democratic Republic of the Congo:Yaula village,Province orientale",Democratic Republic of the Congo,Manihot esculenta,2009-01-28
FR675793,,East African cassava mosaic virus,Begomovirus manihotisafricaense,EACMV-Ybi Yailombo-Dual,DNA-A,"East African cassava mosaic virus, partial DNA-A segment, partial AC2 gene for activator of transcription protein, isolate EACMV-Ybi Yailombo-Dual",405,partial,"Democratic Republic of the Congo:Yailombo village, Province orientale",Democratic Republic of the Congo,Manihot esculenta,2009-01-28
FR675794,,East African cassava mosaic virus,Begomovirus manihotisafricaense,EACMV-Ybi Wenge-Dual,DNA-A,"East African cassava mosaic virus, partial DNA-A segment, partial AC2 gene for activator of transcription protein, isolate EACMV-Ybi Wenge-Dual",405,partial,"Democratic Republic of the Congo:Wenge Bas village, Province orientale",Democratic Republic of the Congo,Manihot esculenta,2009-01-28
FR675795,,East African cassava mosaic virus,Begomovirus manihotisafricaense,EACMV-Ybi Yaelelemo-Dual,DNA-A,"East African cassava mosaic virus, partial DNA-A segment, partial AC2 gene for activator of transcription protein, isolate EACMV-Ybi Yaelelemo-Dual",405,partial,"Democratic Republic of the Congo:Yaelelemo village, Province orientale",Democratic Republic of the Congo,Manihot esculenta,2009-01-28
FR675796,,East African cassava mosaic virus,Begomovirus manihotisafricaense,EACMV-Ybi Basoko-Dual,DNA-A,"East African cassava mosaic virus, partial DNA-A segment, partial AC2 gene for activator of transcription protein, isolate EACMV-Ybi Basoko-Dual",405,partial,"Democratic Republic of the Congo:Basoko village,Province orientale",Democratic Republic of the Congo,Manihot esculenta,2009-02-06
FR675797,,East African cassava mosaic virus,Begomovirus manihotisafricaense,EACMV-Ybi Basuku-Dual,DNA-A,"East African cassava mosaic virus, partial DNA-A segment, partial AC2 gene for activator of transcription protein, isolate EACMV-Ybi Basuku-Dual",405,partial,"Democratic Republic of the Congo:Basuku village,Province orientale",Democratic Republic of the Congo,Manihot esculenta,2009-02-06
FR675798,,East African cassava mosaic virus,Begomovirus manihotisafricaense,EACMV-Ybi Bokondo-Dual,DNA-A,"East African cassava mosaic virus, partial DNA-A segment, partial AC2 gene for activator of transcription protein, isolate EACMV-Ybi Bokondo-Dual",405,partial,"Democratic Republic of the Congo:Bokondo rive village, Province orientale",Democratic Republic of the Congo,Manihot esculenta,2009-02-06
FR675799,,East African cassava mosaic virus,Begomovirus manihotisafricaense,EACMV-Ybi Bokondo-Single,DNA-A,"East African cassava mosaic virus, partial DNA-A segment, partial AC2 gene for activator of transcription protein, isolate EACMV-Ybi Bokondo-Single",405,partial,"Democratic Republic of the Congo:Bokondo rive village, Province orientale",Democratic Republic of the Congo,Manihot esculenta,2009-02-06
FR675800,,East African cassava mosaic virus,Begomovirus manihotisafricaense,EACMV-Ybi Mangala-Dual,DNA-A,"East African cassava mosaic virus, partial DNA-A segment, partial AC2 gene for activator of transcription protein, isolate EACMV-Ybi Mangala-Dual",405,partial,"Democratic Republic of the Congo:Mangala village, Province orientale",Democratic Republic of the Congo,Manihot esculenta,2009-02-06
FR675801,,East African cassava mosaic virus,Begomovirus manihotisafricaense,EACMV-Ybi Yaofanola-Dual,DNA-A,"East African cassava mosaic virus, partial DNA-A segment, partial AC2 gene for activator of transcription protein, isolate EACMV-Ybi Yaofanola-Dual",405,partial,"Democratic Republic of the Congo:Yaofanola village, Province orientale",Democratic Republic of the Congo,Manihot esculenta,2009-02-06
FR675802,,East African cassava mosaic virus,Begomovirus manihotisafricaense,EACMV-Ybi Ibila-Dual,DNA-A,"East African cassava mosaic virus, partial DNA-A segment, partial AC2 gene for activator of transcription protein, isolate EACMV-Ybi Ibila-Dual",405,partial,"Democratic Republic of the Congo:Ibila Bolea village, Province orientale",Democratic Republic of the Congo,Manihot esculenta,2009-02-06
FR675803,,East African cassava mosaic virus,Begomovirus manihotisafricaense,EACMV-Ybi Liesse-Dual,DNA-A,"East African cassava mosaic virus, partial DNA-A segment, partial AC2 gene for activator of transcription protein, isolate EACMV-Ybi Liesse-Dual",405,partial,"Democratic Republic of the Congo:Liesse village,Province orientale",Democratic Republic of the Congo,Manihot esculenta,2009-02-06
FR675804,,East African cassava mosaic virus,Begomovirus manihotisafricaense,EACMV-Ybi Yangonde-Dual,DNA-A,"East African cassava mosaic virus, partial DNA-A segment, partial AC2 gene for activator of transcription protein, isolate EACMV-Ybi Yangonde-Dual",405,partial,"Democratic Republic of the Congo:Yangonde village, Province orientale",Democratic Republic of the Congo,Manihot esculenta,2009-02-08
FR675805,,East African cassava mosaic virus,Begomovirus manihotisafricaense,EACMV-Ybi Bolikango1-Dual,DNA-A,"East African cassava mosaic virus, partial DNA-A segment, partial AC2 gene for activator of transcription protein, isolate EACMV-Ybi Bolikango1-Dual",405,partial,"Democratic Republic of the Congo:Bolikango1 village, Province orientale",Democratic Republic of the Congo,Manihot esculenta,2009-02-08
FR675806,,East African cassava mosaic virus,Begomovirus manihotisafricaense,EACMV-Ybi Bolikango1-Single,DNA-A,"East African cassava mosaic virus, partial DNA-A segment, partial AC2 gene for activator of transcription protein, isolate EACMV-Ybi Bolikango1-Single",405,partial,"Democratic Republic of the Congo:Bolikango1 village, Province orientale",Democratic Republic of the Congo,Manihot esculenta,2009-02-08
FR675807,,East African cassava mosaic virus,Begomovirus manihotisafricaense,EACMV-Ybi Bobati2-Dual,DNA-A,"East African cassava mosaic virus, partial DNA-A segment, partial AC2 gene for activator of transcription protein, isolate EACMV-Ybi Bobati2-Dual",405,partial,"Democratic Republic of the Congo:Bobati2 village, Province orientale",Democratic Republic of the Congo,Manihot esculenta,2009-02-08
FR675808,,East African cassava mosaic virus,Begomovirus manihotisafricaense,EACMV-Ybi Mongandjo-Dual,DNA-A,"East African cassava mosaic virus, partial DNA-A segment, partial AC2 gene for activator of transcription protein, isolate EACMV-Ybi Mongandjo-Dual",405,partial,"Democratic Republic of the Congo:Mongandjo village, Province orientale",Democratic Republic of the Congo,Manihot esculenta,2009-02-14
FR675809,,East African cassava mosaic virus,Begomovirus manihotisafricaense,EACMV-Ybi Bogbalagbogbo-Dual,DNA-A,"East African cassava mosaic virus, partial DNA-A segment, partial AC2 gene for activator of transcription protein, isolate EACMV-Ybi Bogbalagbogbo-Dual",405,partial,"Democratic Republic of the Congo:Bogbalagbogbo village, Province orientale",Democratic Republic of the Congo,Manihot esculenta,2009-02-14
FR675810,,East African cassava mosaic virus,Begomovirus manihotisafricaense,EACMV-Ybi Bogbalagbogbo-Single,DNA-A,"East African cassava mosaic virus, partial DNA-A segment, partial AC2 gene for activator of transcription protein, isolate EACMV-Ybi Bogbalagbogbo-Single",405,partial,"Democratic Republic of the Congo:Bogbalagbogbo village, Province orientale",Democratic Republic of the Congo,Manihot esculenta,2009-02-14
FR675811,,East African cassava mosaic virus,Begomovirus manihotisafricaense,EACMV-Ybi Bogbogobo-Dual,DNA-A,"East African cassava mosaic virus, partial DNA-A segment, partial AC2 gene for activator of transcription protein, isolate EACMV-Ybi Bogbogobo-Dual",405,partial,"Democratic Republic of the Congo:Bogbogobo village, Province orientale",Democratic Republic of the Congo,Manihot esculenta,2009-02-14
FR675812,,East African cassava mosaic virus,Begomovirus manihotisafricaense,EACMV-Ybi Bogbogobo-Single,DNA-A,"East African cassava mosaic virus, partial DNA-A segment, partial AC2 gene for activator of transcription protein, isolate EACMV-Ybi Bogbogobo-Single",405,partial,"Democratic Republic of the Congo:Bogbogobo village, Province orientale",Democratic Republic of the Congo,Manihot esculenta,2009-02-14
FR675813,,East African cassava mosaic virus,Begomovirus manihotisafricaense,EACMV-Ybi Yambuya-Dual,DNA-A,"East African cassava mosaic virus, partial DNA-A segment, partial AC2 gene for activator of transcription protein, isolate EACMV-Ybi Yambuya-Dual",405,partial,"Democratic Republic of the Congo:Yambuya village, Province orientale",Democratic Republic of the Congo,Manihot esculenta,2009-02-15
FR675814,,East African cassava mosaic virus,Begomovirus manihotisafricaense,EACMV-Ybi Ekilo-Dual,DNA-A,"East African cassava mosaic virus, partial DNA-A segment, partial AC2 gene for activator of transcription protein, isolate EACMV-Ybi Ekilo-Dual",405,partial,"Democratic Republic of the Congo:Ekilo village,Province orientale",Democratic Republic of the Congo,Manihot esculenta,2009-02-15
FR675815,,East African cassava mosaic virus,Begomovirus manihotisafricaense,EACMV-Ybi Yalibongo-Dual,DNA-A,"East African cassava mosaic virus, partial DNA-A segment, partial AC2 gene for activator of transcription protein, isolate EACMV-Ybi Yalibongo-Dual",405,partial,"Democratic Republic of the Congo:Yalibongo village, Province orientale",Democratic Republic of the Congo,Manihot esculenta,2009-02-15
FR675816,,East African cassava mosaic virus,Begomovirus manihotisafricaense,EACMV-Ybi Yalibongo-Single,DNA-A,"East African cassava mosaic virus, partial DNA-A segment, partial AC2 gene for activator of transcription protein, isolate EACMV-Ybi Yalibongo-Single",405,partial,"Democratic Republic of the Congo:Yalibongo village, Province orientale",Democratic Republic of the Congo,Manihot esculenta,2009-02-15
FR675817,,East African cassava mosaic virus,Begomovirus manihotisafricaense,EACMV-Ybi Yalibutu-Dual,DNA-A,"East African cassava mosaic virus, partial DNA-A segment, partial AC2 gene for activator of transcription protein, isolate EACMV-Ybi Yalibutu-Dual",405,partial,"Democratic Republic of the Congo:Yalibutu village, Province orientale",Democratic Republic of the Congo,Manihot esculenta,2009-02-15
FR675818,,East African cassava mosaic virus,Begomovirus manihotisafricaense,EACMV-Ybi Yambauw-Dual,DNA-A,"East African cassava mosaic virus, partial DNA-A segment, partial AC2 gene for activator of transcription protein, isolate EACMV-Ybi Yambauw-Dual",405,partial,"Democratic Republic of the Congo:Yambauw village, Province orientale",Democratic Republic of the Congo,Manihot esculenta,2009-02-15
FR675819,,East African cassava mosaic virus,Begomovirus manihotisafricaense,EACMV-Ybi Bakere-Dual,DNA-A,"East African cassava mosaic virus, partial DNA-A segment, partial AC2 gene for activator of transcription protein, isolate EACMV-Ybi Bakere-Dual",405,partial,"Democratic Republic of the Congo:Bakere village,Province orientale",Democratic Republic of the Congo,Manihot esculenta,2009-02-18
FR675820,,East African cassava mosaic virus,Begomovirus manihotisafricaense,EACMV-Ybi Yambesa-Dual,DNA-A,"East African cassava mosaic virus, partial DNA-A segment, partial AC2 gene for activator of transcription protein, isolate EACMV-Ybi Yambesa-Dual",405,partial,"Democratic Republic of the Congo:Yambesa village, Province orientale",Democratic Republic of the Congo,Manihot esculenta,2009-02-18
FR675821,,East African cassava mosaic virus,Begomovirus manihotisafricaense,EACMV-Ybi Yaoloko-Dual,DNA-A,"East African cassava mosaic virus, partial DNA-A segment, partial AC2 gene for activator of transcription protein, isolate EACMV-Ybi Yaoloko-Dual",405,partial,"Democratic Republic of the Congo:Yaoloko village, Province orientale",Democratic Republic of the Congo,Manihot esculenta,2009-02-18
FR675822,,East African cassava mosaic virus,Begomovirus manihotisafricaense,EACMV-Ybi Mombana-Dual,DNA-A,"East African cassava mosaic virus, partial DNA-A segment, partial AC2 gene for activator of transcription protein, isolate EACMV-Ybi Mombana-Dual",405,partial,"Democratic Republic of the Congo:Mombana village, Province orientale",Democratic Republic of the Congo,Manihot esculenta,2009-02-18
FR675823,,East African cassava mosaic virus,Begomovirus manihotisafricaense,EACMV-Ybi Mombana-Single,DNA-A,"East African cassava mosaic virus, partial DNA-A segment, partial AC2 gene for activator of transcription protein, isolate EACMV-Ybi Mombana-Single",405,partial,"Democratic Republic of the Congo:Mombana village, Province orientale",Democratic Republic of the Congo,Manihot esculenta,2009-02-18
FR675824,,East African cassava mosaic virus,Begomovirus manihotisafricaense,EACMV-Ybi Bongwange-Dual,DNA-A,"East African cassava mosaic virus, partial DNA-A segment, partial AC2 gene for activator of transcription protein, isolate EACMV-Ybi Bongwange-Dual",405,partial,"Democratic Republic of the Congo:Bongwange village, Province orientale",Democratic Republic of the Congo,Manihot esculenta,2009-02-18
FR675825,,East African cassava mosaic virus,Begomovirus manihotisafricaense,EACMV-Ybi Yamabuki-Dual,DNA-A,"East African cassava mosaic virus, partial DNA-A segment, partial AC2 gene for activator of transcription protein, isolate EACMV-Ybi Yamabuki-Dual",405,partial,"Democratic Republic of the Congo:Yamabuki village, Province orientale",Democratic Republic of the Congo,Manihot esculenta,2009-02-18
GU395301,,East African cassava mosaic virus (Uganda variant),Begomovirus manihotisafricaense,Gamago,DNA A,"East African cassava mosaic virus (Uganda variant) isolate Gamago AC1 protein (AC1) gene, partial cds; AC4 protein (AC4) and AV2 protein (AV2) genes, complete cds; and nonfunctional AV4 protein (AV4) gene, partial sequence",1630,partial,Cameroon,Cameroon,Manihot esculenta,2009-03
FN668377,,East African cassava mosaic virus (Uganda variant),Begomovirus manihotisafricaense,EACMV-UG [Ca055],A,"East African cassava mosaic virus (Uganda variant) segment A, isolate EACMV-UG [Ca055]",2799,partial,Kenya:Kagamega,Kenya,Manihot esculenta,2000
FN668380,,East African cassava mosaic virus (Uganda variant),Begomovirus manihotisafricaense,EACMV-UG [Ca055],B,"East African cassava mosaic virus (Uganda variant) segment B, isolate EACMV-UG [Ca055]",2752,partial,Kenya:Kagamega,Kenya,Manihot esculenta,2000
FN435265,,East African cassava mosaic virus,Begomovirus manihotisafricaense,EACMV-Ybi1,DNA-A,"East African cassava mosaic virus partial AC2 gene for activator of transcription protein, isolate EACMV-Ybi1",405,partial,Democratic Republic of the Congo:Yangambi,Democratic Republic of the Congo,Manihot esculenta,2008-11-12
FN435266,,East African cassava mosaic virus,Begomovirus manihotisafricaense,EACMV-Ybi2,DNA-A,"East African cassava mosaic virus partial AC2 gene for activator of transcription protein, isolate EACMV-Ybi2",405,partial,Democratic Republic of the Congo:Yangambi,Democratic Republic of the Congo,Manihot esculenta,2008-11-12
FN435267,,East African cassava mosaic virus,Begomovirus manihotisafricaense,EACMV-Ybi3,DNA-A,"East African cassava mosaic virus partial AC2 gene for activator of transcription protein, isolate EACMV-Ybi3",405,partial,Democratic Republic of the Congo:Yangambi,Democratic Republic of the Congo,Manihot esculenta,2008-11-12
FN435268,,East African cassava mosaic virus,Begomovirus manihotisafricaense,EACMV-Ybi4,DNA-A,"East African cassava mosaic virus partial AC2 gene for activator of transcription protein, isolate EACMV-Ybi4",405,partial,Democratic Republic of the Congo:Yangambi,Democratic Republic of the Congo,Manihot esculenta,2008-11-12
FN435269,,East African cassava mosaic virus,Begomovirus manihotisafricaense,EACMV-Ybi5,DNA-A,"East African cassava mosaic virus partial AC2 gene for activator of transcription protein, isolate EACMV-Ybi5",405,partial,Democratic Republic of the Congo:Yangambi,Democratic Republic of the Congo,Manihot esculenta,2008-11-12
FN435270,,East African cassava mosaic virus,Begomovirus manihotisafricaense,EACMV-Ybi6,DNA-A,"East African cassava mosaic virus partial AC2 gene for activator of transcription protein, isolate EACMV-Ybi6",405,partial,Democratic Republic of the Congo:Yangambi,Democratic Republic of the Congo,Manihot esculenta,2008-11-12
FN433678,,East African cassava mosaic virus,Begomovirus manihotisafricaense,Kalehe33,,"East African cassava mosaic virus partial AC2 gene for transcriptional activator protein, isolate Kalehe33",231,partial,Democratic Republic of the Congo:South-Kivu,Democratic Republic of the Congo,Manihot esculenta,
FN433679,,East African cassava mosaic virus,Begomovirus manihotisafricaense,Kalehe34,,"East African cassava mosaic virus partial AC2 gene for transcriptional activator protein, isolate Kalehe34",231,partial,Democratic Republic of the Congo:South-Kivu,Democratic Republic of the Congo,Manihot esculenta,
FN433680,,East African cassava mosaic virus,Begomovirus manihotisafricaense,Walungu35,,"East African cassava mosaic virus partial AC2 gene for transcriptional activator protein, isolate Walungu35",231,partial,Democratic Republic of the Congo:South-Kivu,Democratic Republic of the Congo,Manihot esculenta,
FN433681,,East African cassava mosaic virus,Begomovirus manihotisafricaense,Walungu36,,"East African cassava mosaic virus partial AC2 gene for transcriptional activator protein, isolate Walungu36",231,partial,Democratic Republic of the Congo:South-Kivu,Democratic Republic of the Congo,Manihot esculenta,
FN433682,,East African cassava mosaic virus,Begomovirus manihotisafricaense,Nyangezi37,,"East African cassava mosaic virus partial AC2 gene for transcriptional activator protein, isolate Nyangezi37",231,partial,Democratic Republic of the Congo:South-Kivu,Democratic Republic of the Congo,Manihot esculenta,
FN433683,,East African cassava mosaic virus,Begomovirus manihotisafricaense,Nyangezi38,,"East African cassava mosaic virus partial AC2 gene for transcriptional activator protein, isolate Nyangezi38",231,partial,Democratic Republic of the Congo:South-Kivu,Democratic Republic of the Congo,Manihot esculenta,
FN433684,,East African cassava mosaic virus,Begomovirus manihotisafricaense,Uvira41,,"East African cassava mosaic virus partial AC2 gene for transcriptional activator protein, isolate Uvira41",231,partial,Democratic Republic of the Congo:South-Kivu,Democratic Republic of the Congo,Manihot esculenta,
FN433685,,East African cassava mosaic virus,Begomovirus manihotisafricaense,Uvira44,,"East African cassava mosaic virus partial AC2 gene for transcriptional activator protein, isolate Uvira44",231,partial,Democratic Republic of the Congo:South-Kivu,Democratic Republic of the Congo,Manihot esculenta,
FN433686,,East African cassava mosaic virus,Begomovirus manihotisafricaense,Uvira45,,"East African cassava mosaic virus partial AC2 gene for transcriptional activator protein, isolate Uvira45",231,partial,Democratic Republic of the Congo:South-Kivu,Democratic Republic of the Congo,Manihot esculenta,
FN433687,,East African cassava mosaic virus,Begomovirus manihotisafricaense,Uvira46,,"East African cassava mosaic virus partial AC2 gene for transcriptional activator protein, isolate Uvira46",231,partial,Democratic Republic of the Congo:South-Kivu,Democratic Republic of the Congo,Manihot esculenta,
FN433688,,East African cassava mosaic virus,Begomovirus manihotisafricaense,Nyangezi37b,,"East African cassava mosaic virus partial AC4 gene for symptom expression protein, isolate Nyangezi37b",405,partial,Democratic Republic of the Congo:South-Kivu,Democratic Republic of the Congo,Manihot esculenta,
FN433689,,East African cassava mosaic virus,Begomovirus manihotisafricaense,Nyangezi38b,,"East African cassava mosaic virus partial AC4 gene for symptom expression protein, isolate Nyangezi38b",405,partial,Democratic Republic of the Congo:South-Kivu,Democratic Republic of the Congo,Manihot esculenta,
FN433690,,East African cassava mosaic virus,Begomovirus manihotisafricaense,Walungu35b,,"East African cassava mosaic virus partial AC4 gene for symptom expression protein, isolate Walungu35b",405,partial,Democratic Republic of the Congo:South-Kivu,Democratic Republic of the Congo,Manihot esculenta,
FN433691,,East African cassava mosaic virus,Begomovirus manihotisafricaense,Walungu36b,,"East African cassava mosaic virus partial AC4 gene for symptom expression protein, isolate Walungu36b",405,partial,Democratic Republic of the Congo:South-Kivu,Democratic Republic of the Congo,Manihot esculenta,
FN433692,,East African cassava mosaic virus,Begomovirus manihotisafricaense,Uvira44b,,"East African cassava mosaic virus partial AC4 gene for symptom expression protein, isolate Uvira44b",405,partial,Democratic Republic of the Congo:South-Kivu,Democratic Republic of the Congo,Manihot esculenta,
FN433693,,East African cassava mosaic virus,Begomovirus manihotisafricaense,Uvira45b,,"East African cassava mosaic virus partial AC4 gene for symptom expression protein, isolate Uvira45b",405,partial,Democratic Republic of the Congo:South-Kivu,Democratic Republic of the Congo,Manihot esculenta,
FN433694,,East African cassava mosaic virus,Begomovirus manihotisafricaense,Uvira46b,,"East African cassava mosaic virus partial AC4 gene for symptom expression protein, isolate Uvira46b",297,partial,Democratic Republic of the Congo:South-Kivu,Democratic Republic of the Congo,Manihot esculenta,
FN433695,,East African cassava mosaic virus,Begomovirus manihotisafricaense,Uvira41b,,"East African cassava mosaic virus partial AC4 gene for symptom expression protein, isolate Uvira41b",297,partial,Democratic Republic of the Congo:South-Kivu,Democratic Republic of the Congo,Manihot esculenta,
FN433696,,East African cassava mosaic virus,Begomovirus manihotisafricaense,Kalehe34b,,"East African cassava mosaic virus partial AC4 gene for symptom expression protein, isolate Kalehe34b",297,partial,Democratic Republic of the Congo:South-Kivu,Democratic Republic of the Congo,Manihot esculenta,
FN433697,,East African cassava mosaic virus,Begomovirus manihotisafricaense,Kalehe33b,,"East African cassava mosaic virus partial AC4 gene for symptom expression protein, isolate Kalehe33b",297,partial,Democratic Republic of the Congo:South-Kivu,Democratic Republic of the Congo,Manihot esculenta,
FN435278,,East African cassava mosaic virus,Begomovirus manihotisafricaense,EACMV-Ybi1[Pr],DNA-A,"East African cassava mosaic virus segment DNA-A, complete sequence, isolate EACMV-Ybi1[Pr]",2799,partial,Democratic Republic of the Congo:Yangambi,Democratic Republic of the Congo,Neustanthus phaseoloides,2008-11-12
FN435279,,East African cassava mosaic virus,Begomovirus manihotisafricaense,EACMV-Ybi2[Pr],DNA-A,"East African cassava mosaic virus segment DNA-A, complete sequence, isolate EACMV-Ybi2[Pr]",2797,partial,Democratic Republic of the Congo:Yangambi,Democratic Republic of the Congo,Neustanthus phaseoloides,2008-11-12
FN435280,,East African cassava mosaic virus,Begomovirus manihotisafricaense,EACMV-Ybi1[Cm],DNA-A,"East African cassava mosaic virus segment DNA-A, complete sequence, isolate EACMV-Ybi1[Cm]",2799,partial,Democratic Republic of the Congo:Yangambi,Democratic Republic of the Congo,Centrosema pubescens,2008-11-12
FN435281,,East African cassava mosaic virus,Begomovirus manihotisafricaense,EACMV-Ybi2[Cm],DNA-A,"East African cassava mosaic virus segment DNA-A, complete sequence, isolate EACMV-Ybi2[Cm]",2800,partial,Democratic Republic of the Congo:Yangambi,Democratic Republic of the Congo,Centrosema pubescens,2008-11-12
FN435292,,East African cassava mosaic virus,Begomovirus manihotisafricaense,EACMV-Ybi1,DNA-A,"East African cassava mosaic virus partial AC4 gene for symptom expression protein, isolate EACMV-Ybi1",231,partial,Democratic Republic of the Congo:Yangambi,Democratic Republic of the Congo,Manihot esculenta,2008-11-12
FN435293,,East African cassava mosaic virus,Begomovirus manihotisafricaense,EACMV-Ybi2,DNA-A,"East African cassava mosaic virus partial AC4 gene for symptom expression protein, isolate EACMV-Ybi2",231,partial,Democratic Republic of the Congo:Yangambi,Democratic Republic of the Congo,Manihot esculenta,2008-11-12
FN435294,,East African cassava mosaic virus,Begomovirus manihotisafricaense,EACMV-Ybi3,DNA-A,"East African cassava mosaic virus partial AC4 gene for symptom expression protein, isolate EACMV-Ybi3",231,partial,Democratic Republic of the Congo:Yangambi,Democratic Republic of the Congo,Manihot esculenta,2008-11-12
FN435295,,East African cassava mosaic virus,Begomovirus manihotisafricaense,EACMV-Ybi4,DNA-A,"East African cassava mosaic virus partial AC4 gene for symptom expression protein, isolate EACMV-Ybi4",231,partial,Democratic Republic of the Congo:Yangambi,Democratic Republic of the Congo,Manihot esculenta,2008-11-12
FN435296,,East African cassava mosaic virus,Begomovirus manihotisafricaense,EACMV-Ybi5,DNA-A,"East African cassava mosaic virus partial AC4 gene for symptom expression protein, isolate EACMV-Ybi5",231,partial,Democratic Republic of the Congo:Yangambi,Democratic Republic of the Congo,Manihot esculenta,2008-11-12
FN435297,,East African cassava mosaic virus,Begomovirus manihotisafricaense,EACMV-Ybi6,DNA-A,"East African cassava mosaic virus partial AC4 gene for symptom expression protein, isolate EACMV-Ybi6",231,partial,Democratic Republic of the Congo:Yangambi,Democratic Republic of the Congo,Manihot esculenta,2008-11-12
FM877474,,East African cassava mosaic virus-Uganda BFA/2008,Begomovirus manihotisafricaense,Burkina Faso-Koubri-2008,,"East African cassava mosaic virus-Uganda BFA/2008 complete genome, isolate Burkina Faso-Koubri-2008",2799,complete,Burkina Faso,Burkina Faso,Manihot esculenta,2008-08
EU155148,,East African cassava mosaic virus,Begomovirus manihotisafricaense,EAC05-485M,DNA-A,"East African cassava mosaic virus isolate EAC05-485M capsid protein gene, partial cds",712,partial,Togo,Togo,Manihot esculenta,2006
EU155149,,East African cassava mosaic virus,Begomovirus manihotisafricaense,EAC05-330M,DNA-A,"East African cassava mosaic virus isolate EAC05-330M nonfunctional capsid protein gene, partial sequence",701,partial,Togo,Togo,Manihot esculenta,2006
AM502326,,East African cassava mosaic virus,Begomovirus manihotisafricaense,,,"East African cassava mosaic virus DNA-A, clone 24-ug177-10",2799,partial,Uganda:Arua,Uganda,,
AM502327,,East African cassava mosaic virus,Begomovirus manihotisafricaense,,,"East African cassava mosaic virus DNA-A, clone 24-ug175-8",2799,partial,Uganda:Arua,Uganda,,
AM502328,,East African cassava mosaic virus,Begomovirus manihotisafricaense,,,"East African cassava mosaic virus DNA-A, clone 32-ug441",2799,partial,Uganda:Iganga,Uganda,,
AM502329,,East African cassava mosaic virus,Begomovirus manihotisafricaense,,,"East African cassava mosaic virus DNA-A, clone 27-ug233-2",2799,partial,Uganda:Kalangala,Uganda,,
AM502330,,East African cassava mosaic virus,Begomovirus manihotisafricaense,,,"East African cassava mosaic virus DNA-A, clone 27-ug237-2",2799,partial,Uganda:Kalangala,Uganda,,
AM502331,,East African cassava mosaic virus,Begomovirus manihotisafricaense,,,"East African cassava mosaic virus DNA-A, clone 26-ug115a",2799,partial,Uganda:Wakiso,Uganda,,
AM502332,,East African cassava mosaic virus,Begomovirus manihotisafricaense,,,"East African cassava mosaic virus DNA-A, clone 25-ug128-2",2799,partial,Uganda:Wakiso,Uganda,,
AM502333,,East African cassava mosaic virus,Begomovirus manihotisafricaense,,,"East African cassava mosaic virus DNA-A, clone wcass3-5",2799,partial,Uganda:Rakai,Uganda,Manihot glaziovii,
AM502334,,East African cassava mosaic virus,Begomovirus manihotisafricaense,,,"East African cassava mosaic virus DNA-A, clone wcass6-8",2799,partial,Uganda:Rakai,Uganda,Manihot glaziovii,
AM502335,,East African cassava mosaic virus,Begomovirus manihotisafricaense,,,"East African cassava mosaic virus DNA-A, clone wcass1-2",2799,partial,Uganda:Wakiso,Uganda,Manihot glaziovii,
AM502336,,East African cassava mosaic virus,Begomovirus manihotisafricaense,,,"East African cassava mosaic virus DNA-A, clone wcass2-1",2799,partial,Uganda:Wakiso,Uganda,Manihot glaziovii,
AM502337,,East African cassava mosaic virus,Begomovirus manihotisafricaense,,,"East African cassava mosaic virus DNA-A, clone 28-ug289-5",2798,partial,Uganda:Bushenyi,Uganda,,
AM502341,,East African cassava mosaic virus,Begomovirus manihotisafricaense,,,"East African cassava mosaic virus DNA-B, clone 27-ug233-1",2775,partial,Uganda:Kalangala,Uganda,,
AM502342,,East African cassava mosaic virus,Begomovirus manihotisafricaense,,,"East African cassava mosaic virus DNA-B, clone 27-ug237-8",2775,partial,Uganda:Kalangala,Uganda,,
AM502343,,East African cassava mosaic virus,Begomovirus manihotisafricaense,,,"East African cassava mosaic virus DNA-B, clone wcass2-5",2775,partial,Uganda:Wakiso,Uganda,Manihot glaziovii,
AM502344,,East African cassava mosaic virus,Begomovirus manihotisafricaense,,,"East African cassava mosaic virus DNA-B, clone 20-ug1a8",2761,partial,Uganda:Nakasongola,Uganda,,
AJ704934,,East African cassava mosaic virus,Begomovirus manihotisafricaense,EACMV-[K35],DNA B,"East African cassava mosaic virus segment DNA B, complete sequence, isolate EACMV-[K35]",2752,partial,"Kenya:Kwale, Shirachi",Kenya,Manihot esculenta,
AJ704935,,East African cassava mosaic virus,Begomovirus manihotisafricaense,EACMV-[K211],DNA B,"East African cassava mosaic virus segment DNA B, complete sequence, isolate EACMV-[K211]",2757,partial,"Kenya:Kwale, Msambweni/Shauri Moyo",Kenya,Manihot esculenta,
AJ704936,,East African cassava mosaic virus,Begomovirus manihotisafricaense,EACMV-[K24],DNA B,"East African cassava mosaic virus segment DNA B, complete sequence, isolate EACMV-[K24]",2755,partial,"Kenya:Machakos, Katumani",Kenya,Manihot esculenta,
AJ704937,,East African cassava mosaic virus,Begomovirus manihotisafricaense,EACMV-[K325],DNA B,"East African cassava mosaic virus segment DNA B, complete sequence, isolate EACMV-[K325]",2754,partial,"Kenya:Kitui, Township",Kenya,Manihot esculenta,
AJ704938,,East African cassava mosaic virus,Begomovirus manihotisafricaense,EACMV-[K268],DNA B,"East African cassava mosaic virus segment DNA B, complete sequence, isolate EACMV-[K268]",2765,partial,"Kenya:Migori, Masala",Kenya,Manihot esculenta,
AJ704939,,East African cassava mosaic virus,Begomovirus manihotisafricaense,EACMV-[K29],DNA B,"East African cassava mosaic virus segment DNA B, complete sequence, isolate EACMV-[K29]",2775,partial,"Kenya:Kwale, Kibaoni",Kenya,Manihot esculenta,
AJ704949,,East African cassava mosaic virus-KE2,Begomovirus manihotisafricaense,EACMV-KE2[K48],DNA B,"East African cassava mosaic virus-KE2 segment DNA B, complete sequence, isolate EACMV-KE2[K48]",2757,partial,"Kenya:Kwale, Boa",Kenya,Manihot esculenta,
AJ704950,,East African cassava mosaic virus-KE2,Begomovirus manihotisafricaense,EACMV-KE2[K25],DNA B,"East African cassava mosaic virus-KE2 segment DNA B, complete sequence, isolate EACMV-KE2[K25]",2753,partial,"Kenya:Kwale, Misakwakwani",Kenya,Manihot esculenta,
AJ704951,,East African cassava mosaic virus-KE2,Begomovirus manihotisafricaense,EACMV-KE2[K27],DNA B,"East African cassava mosaic virus-KE2 segment DNA B, complete sequence, isolate EACMV-KE2[K27]",2754,partial,"Kenya:Kwale, Misakwakwani",Kenya,Manihot esculenta,
AJ704952,,East African cassava mosaic virus-KE2,Begomovirus manihotisafricaense,EACMV-KE2[K208],DNA B,"East African cassava mosaic virus-KE2 segment DNA B, complete sequence, isolate EACMV-KE2[K208]",2754,partial,"Kenya:Kwale, Mamba",Kenya,Manihot esculenta,
AJ704953,,East African cassava mosaic virus-KE2,Begomovirus manihotisafricaense,EACMV-KE2[K201],DNA B,"East African cassava mosaic virus-KE2 segment DNA B, complete sequence, isolate EACMV-KE2[K201]",2753,partial,"Kenya:Kwale, Msambweni/Kitsumbani",Kenya,Manihot esculenta,
AJ704954,,East African cassava mosaic virus (Uganda variant),Begomovirus manihotisafricaense,EACMV-UG[K66],DNA B,"East African cassava mosaic virus-Uganda variant segment DNA B, complete sequence, isolate EACMV-UG[K66]",2753,partial,"Kenya:Butere, Mumias/Enjinja",Kenya,Manihot esculenta,
AJ704955,,East African cassava mosaic virus (Uganda variant),Begomovirus manihotisafricaense,EACMV-UG[K262],DNA B,"East African cassava mosaic virus-Uganda variant segment DNA B, complete sequence, isolate EACMV-UG[K262]",2755,partial,"Kenya:Migori, Ratienyi",Kenya,Manihot esculenta,
AJ704956,,East African cassava mosaic virus (Uganda variant),Begomovirus manihotisafricaense,EACMV-UG[K223],DNA B,"East African cassava mosaic virus-Uganda variant segment DNA B, complete sequence, isolate EACMV-UG[K223]",2766,partial,"Kenya:Suba, Migori/Ragana",Kenya,Manihot esculenta,
AJ704957,,East African cassava mosaic virus (Uganda variant),Begomovirus manihotisafricaense,EACMV-UG[K140],DNA B,"East African cassava mosaic virus-Uganda variant segment DNA B, complete sequence, isolate EACMV-UG[K140]",2759,partial,"Kenya:Siaya, Ugunja/Ligega",Kenya,Manihot esculenta,
AJ704958,,East African cassava mosaic virus (Uganda variant),Begomovirus manihotisafricaense,EACMV-UG[K79],DNA B,"East African cassava mosaic virus-Uganda variant segment DNA B, complete sequence, isolate EACMV-UG[K79]",2774,partial,"Kenya:Bungoma, Nangeni",Kenya,Manihot esculenta,
AJ704959,,East African cassava mosaic virus (Uganda variant),Begomovirus manihotisafricaense,EACMV-UG[K81],DNA B,"East African cassava mosaic virus-Uganda variant segment DNA B, complete sequence, isolate EACMV-UG[K81]",2775,partial,"Kenya:Bungoma, Buema",Kenya,Manihot esculenta,
AJ704960,,East African cassava mosaic virus (Uganda variant),Begomovirus manihotisafricaense,EACMV-UG[K23],DNA B,"East African cassava mosaic virus-Uganda variant segment DNA B, complete sequence, isolate EACMV-UG[K23]",2775,partial,"Kenya:Machakos, Katumani",Kenya,Manihot esculenta,
AJ704961,,East African cassava mosaic virus (Uganda variant),Begomovirus manihotisafricaense,EACMV-UG[K282],DNA B,"East African cassava mosaic virus-Uganda variant segment DNA B, complete sequence, isolate EACMV-UG[K282]",2775,partial,"Kenya:Makueni, Wote",Kenya,Manihot esculenta,
AJ704962,,East African cassava mosaic virus (Uganda variant),Begomovirus manihotisafricaense,EACMV-UG[K90],DNA B,"East African cassava mosaic virus-Uganda variant segment DNA B, complete sequence, isolate EACMV-UG[K90]",2776,partial,"Kenya:Teso, Busia/Bugeni",Kenya,Manihot esculenta,
AJ704963,,East African cassava mosaic virus (Uganda variant),Begomovirus manihotisafricaense,EACMV-UG[K115],DNA B,"East African cassava mosaic virus-Uganda variant segment DNA B, complete sequence, isolate EACMV-UG[K115]",2775,partial,"Kenya:Busia, Busia/Esikulu",Kenya,Manihot esculenta,
AJ704964,,East African cassava mosaic virus (Uganda variant),Begomovirus manihotisafricaense,EACMV-UG[K137],DNA B,"East African cassava mosaic virus-Uganda variant segment DNA B, complete sequence, isolate EACMV-UG[K137]",2775,partial,"Kenya:Siaya, Sega/Gotinang",Kenya,Manihot esculenta,
AJ704973,,East African cassava mosaic virus-KE2,Begomovirus manihotisafricaense,EACMV-KE2[K197],DNA B,"East African cassava mosaic virus-KE2 segment DNA B, complete sequence, isolate EACMV-KE2[K197]",2752,partial,"Kenya:Kwale, Msambweni/Kitsumbani",Kenya,Manihot esculenta,
AJ704974,,East African cassava mosaic virus (Uganda variant),Begomovirus manihotisafricaense,EACMV-UG[K72],DNA B,"East African cassava mosaic virus-Uganda variant segment DNA B, complete sequence, isolate EACMV-UG[K72]",2752,partial,"Kenya:Busia, Mandende",Kenya,Manihot esculenta,
AJ717516,,East African cassava mosaic virus (Uganda variant),Begomovirus manihotisafricaense,EACMV-UG[K115],DNA A,"East African cassava mosaic virus-Uganda variant segment DNA A, complete sequence, isolate EACMV-UG[K115]",2799,partial,"Kenya:Busia, Busia/Esikulu",Kenya,Manihot esculenta,
AJ717517,,East African cassava mosaic virus (Uganda variant),Begomovirus manihotisafricaense,EACMV-UG[K127],DNA A,"East African cassava mosaic virus-Uganda variant segment DNA A, complete sequence, isolate EACMV-UG[K127]",2798,partial,"Kenya:Busia, Funyula/Agenga",Kenya,Manihot esculenta,
AJ717518,,East African cassava mosaic virus (Uganda variant),Begomovirus manihotisafricaense,EACMV-UG[K137],DNA A,"East African cassava mosaic virus-Uganda variant segment DNA A, complete sequence, isolate EACMV-UG[K137]",2799,partial,"Kenya:Siaya, Sega/Gotinang",Kenya,Manihot esculenta,
AJ717519,,East African cassava mosaic virus (Uganda variant),Begomovirus manihotisafricaense,EACMV-UG[K139],DNA A,"East African cassava mosaic virus-Uganda variant segment DNA A, complete sequence, isolate EACMV-UG[K139]",2799,partial,"Kenya:Siaya, Ugunja/Ligega",Kenya,Manihot esculenta,
AJ717520,,East African cassava mosaic virus (Uganda variant),Begomovirus manihotisafricaense,EACMV-UG[K136],DNA A,"East African cassava mosaic virus-Uganda variant segment DNA A, complete sequence, isolate EACMV-UG[K136]",2799,partial,"Kenya:Siaya, Sega",Kenya,Manihot esculenta,
AJ717521,,East African cassava mosaic virus (Uganda variant),Begomovirus manihotisafricaense,EACMV-UG[K140],DNA A,"East African cassava mosaic virus-Uganda variant segment DNA A, complete sequence, isolate EACMV-UG[K140]",2798,partial,"Kenya:Siaya, Ugunja/Ligega",Kenya,Manihot esculenta,
AJ717522,,East African cassava mosaic virus (Uganda variant),Begomovirus manihotisafricaense,EACMV-UG[K262],DNA A,"East African cassava mosaic virus-Uganda variant segment DNA A, complete sequence, isolate EACMV-UG[K262]",2799,partial,"Kenya:Migori, Ratienyi",Kenya,Manihot esculenta,
AJ717523,,East African cassava mosaic virus (Uganda variant),Begomovirus manihotisafricaense,EACMV-UG[K81],DNA A,"East African cassava mosaic virus-Uganda variant segment DNA A, complete sequence, isolate EACMV-UG[K81]",2798,partial,"Kenya:Bungoma, Buema",Kenya,Manihot esculenta,
AJ717524,,East African cassava mosaic virus (Uganda variant),Begomovirus manihotisafricaense,EACMV-UG[K66],DNA A,"East African cassava mosaic virus-Uganda variant segment DNA A, complete sequence, isolate EACMV-UG[K66]",2799,partial,"Kenya:Butere, Mumias/Enjinja",Kenya,Manihot esculenta,
AJ717525,,East African cassava mosaic virus (Uganda variant),Begomovirus manihotisafricaense,EACMV-UG[K78],DNA A,"East African cassava mosaic virus-Uganda variant segment DNA A, complete sequence, isolate EACMV-UG[K78]",2799,partial,"Kenya:Bungoma, Nakwana",Kenya,Manihot esculenta,
AJ717526,,East African cassava mosaic virus (Uganda variant),Begomovirus manihotisafricaense,EACMV-UG[K67],DNA A,"East African cassava mosaic virus-Uganda variant segment DNA A, complete sequence, isolate EACMV-UG[K67]",2798,partial,"Kenya:Butere, Mumias/Enjinja",Kenya,Manihot esculenta,
AJ717527,,East African cassava mosaic virus (Uganda variant),Begomovirus manihotisafricaense,EACMV-UG[K72],DNA A,"East African cassava mosaic virus-Uganda variant segment DNA A, complete sequence, isolate EACMV-UG[K72]",2798,partial,"Kenya:Busia, Mandende",Kenya,Manihot esculenta,
AJ717528,,East African cassava mosaic virus (Uganda variant),Begomovirus manihotisafricaense,EACMV-UG[K108],DNA A,"East African cassava mosaic virus-Uganda variant segment DNA A, complete sequence, isolate EACMV-UG[K108]",2799,partial,"Kenya:Teso, Malaba/Koteko",Kenya,Manihot esculenta,
AJ717529,,East African cassava mosaic virus (Uganda variant),Begomovirus manihotisafricaense,EACMV-UG[K79],DNA A,"East African cassava mosaic virus-Uganda variant segment DNA A, complete sequence, isolate EACMV-UG[K79]",2799,partial,"Kenya:Bungoma, Nangeni",Kenya,Manihot esculenta,
AJ717530,,East African cassava mosaic virus (Uganda variant),Begomovirus manihotisafricaense,EACMV-UG[K223],DNA A,"East African cassava mosaic virus-Uganda variant segment DNA A, complete sequence, isolate EACMV-UG[K223]",2799,partial,"Kenya:Suba, Migori/Ragana",Kenya,Manihot esculenta,
AJ717531,,East African cassava mosaic virus (Uganda variant),Begomovirus manihotisafricaense,EACMV-UG[K90],DNA A,"East African cassava mosaic virus-Uganda variant segment DNA A, complete sequence, isolate EACMV-UG[K90]",2800,partial,"Kenya:Teso, Busia/Bugeni",Kenya,Manihot esculenta,
AJ717532,,East African cassava mosaic virus (Uganda variant),Begomovirus manihotisafricaense,EACMV-UG[K73],DNA A,"East African cassava mosaic virus-Uganda variant segment DNA A, complete sequence, isolate EACMV-UG[K73]",2799,partial,"Kenya:Busia, Ekondokera",Kenya,Manihot esculenta,
AJ717533,,East African cassava mosaic virus (Uganda variant),Begomovirus manihotisafricaense,EACMV-UG[K277],DNA A,"East African cassava mosaic virus-Uganda variant segment DNA A, complete sequence, isolate EACMV-UG[K277]",2799,partial,"Kenya:Makueni, Wote",Kenya,Manihot esculenta,
AJ717534,,East African cassava mosaic virus (Uganda variant),Begomovirus manihotisafricaense,EACMV-UG[K23],DNA A,"East African cassava mosaic virus-Uganda variant segment DNA A, complete sequence, isolate EACMV-UG[K23]",2799,partial,"Kenya:Machakos, Katumani",Kenya,Manihot esculenta,
AJ717535,,East African cassava mosaic virus (Uganda variant),Begomovirus manihotisafricaense,EACMV-UG[K282],DNA A,"East African cassava mosaic virus-Uganda variant segment DNA A, complete sequence, isolate EACMV-UG[K282]",2799,partial,"Kenya:Makueni, Wote",Kenya,Manihot esculenta,
AJ717536,,East African cassava mosaic virus-KE2,Begomovirus manihotisafricaense,EACMV-KE2[K53],DNA A,"East African cassava mosaic virus-KE2 segment DNA A, complete sequence, isolate EACMV-KE2[K53]",2801,partial,"Kenya:Kwale, Kinyumbini",Kenya,Manihot esculenta,
AJ717537,,East African cassava mosaic virus-KE2,Begomovirus manihotisafricaense,EACMV-KE2[K27],DNA A,"East African cassava mosaic virus-KE2 segment DNA A, complete sequence, isolate EACMV-KE2[K27]",2801,partial,"Kenya:Kwale, Misakwakwani",Kenya,Manihot esculenta,
AJ717538,,East African cassava mosaic virus-KE2,Begomovirus manihotisafricaense,EACMV-KE2[K25],DNA A,"East African cassava mosaic virus-KE2 segment DNA A, complete sequence, isolate EACMV-KE2[K25]",2801,partial,"Kenya:Kwale, Misakwakwani",Kenya,Manihot esculenta,
AJ717539,,East African cassava mosaic virus-KE2,Begomovirus manihotisafricaense,EACMV-KE2[K49],DNA A,"East African cassava mosaic virus-KE2 segment DNA A, complete sequence, isolate EACMV-KE2[K49]",2801,partial,"Kenya:Kwale, Boa",Kenya,Manihot esculenta,
AJ717540,,East African cassava mosaic virus-KE2,Begomovirus manihotisafricaense,EACMV-KE2[K208],DNA A,"East African cassava mosaic virus-KE2 segment DNA A, complete sequence, isolate EACMV-KE2[K208]",2801,partial,"Kenya:Kwale, Mamba",Kenya,Manihot esculenta,
AJ717541,,East African cassava mosaic virus-KE2,Begomovirus manihotisafricaense,EACMV-KE2[K201],DNA A,"East African cassava mosaic virus-KE2 segment DNA A, complete sequence, isolate EACMV-KE2[K201]",2801,partial,"Kenya:Kwale, Msambweni/Kitsumbani",Kenya,Manihot esculenta,
AJ717542,,East African cassava mosaic virus-KE2,Begomovirus manihotisafricaense,EACMV-KE2[K48],DNA A,"East African cassava mosaic virus-KE2 segment DNA A, complete sequence, isolate EACMV-KE2[K48]",2801,partial,"Kenya:Kwale, Boa",Kenya,Manihot esculenta,
AJ717543,,East African cassava mosaic virus-KE2,Begomovirus manihotisafricaense,EACMV-KE2[K16],DNA A,"East African cassava mosaic virus-KE2 segment DNA A, complete sequence, isolate EACMV-KE2[K16]",2801,partial,"Kenya:Malindi, Msabaha-Kari",Kenya,Manihot esculenta,
AJ717544,,East African cassava mosaic virus,Begomovirus manihotisafricaense,EACMV-[K41],DNA A,"East African cassava mosaic virus segment DNA A, complete sequence, isolate EACMV-[K41]",2801,partial,"Kenya:Kwale, Perani",Kenya,Manihot esculenta,
AJ717545,,East African cassava mosaic virus,Begomovirus manihotisafricaense,EACMV-[K9],DNA A,"East African cassava mosaic virus segment DNA A, complete sequence, isolate EACMV-[K9]",2801,partial,"Kenya:Kilifi, Mwezangombe",Kenya,Manihot esculenta,
AJ717546,,East African cassava mosaic virus,Begomovirus manihotisafricaense,EACMV-[K6],DNA A,"East African cassava mosaic virus segment DNA A, complete sequence, isolate EACMV-[K6]",2800,partial,"Kenya:Kilifi, Sharian",Kenya,Manihot esculenta,
AJ717547,,East African cassava mosaic virus,Begomovirus manihotisafricaense,EACMV-[K312],DNA A,"East African cassava mosaic virus segment DNA A, complete sequence, isolate EACMV-[K312]",2801,partial,"Kenya:Machakos, Migwani/Tiuuni",Kenya,Manihot esculenta,
AJ717548,,East African cassava mosaic virus,Begomovirus manihotisafricaense,EACMV-[K325],DNA A,"East African cassava mosaic virus segment DNA A, complete sequence, isolate EACMV-[K325]",2801,partial,"Kenya:Kitui, Township",Kenya,Manihot esculenta,
AJ717549,,East African cassava mosaic virus,Begomovirus manihotisafricaense,EACMV-[K313],DNA A,"East African cassava mosaic virus segment DNA A, complete sequence, isolate EACMV-[K313]",2801,partial,"Kenya:Machakos, Migwani/Kasevi",Kenya,Manihot esculenta,
AJ717550,,East African cassava mosaic virus,Begomovirus manihotisafricaense,EACMV-[K315],DNA A,"East African cassava mosaic virus segment DNA A, complete sequence, isolate EACMV-[K315]",2801,partial,"Kenya:Machakos, Migwani/Kangutheni",Kenya,Manihot esculenta,
AJ717551,,East African cassava mosaic virus,Begomovirus manihotisafricaense,EACMV-[K29],DNA A,"East African cassava mosaic virus segment DNA A, complete sequence, isolate EACMV-[K29]",2801,partial,"Kenya:Kwale, Kibaoni",Kenya,Manihot esculenta,
AJ717552,,East African cassava mosaic virus,Begomovirus manihotisafricaense,EACMV-[K35],DNA A,"East African cassava mosaic virus segment DNA A, complete sequence, isolate EACMV-[K35]",2801,partial,"Kenya:Kwale, Shirachi",Kenya,Manihot esculenta,
AJ717553,,East African cassava mosaic virus,Begomovirus manihotisafricaense,EACMV-[K33],DNA A,"East African cassava mosaic virus segment DNA A, complete sequence, isolate EACMV-[K33]",2800,partial,"Kenya:Kwale, Shirachi",Kenya,Manihot esculenta,
AJ717554,,East African cassava mosaic virus,Begomovirus manihotisafricaense,EACMV-[K36],DNA A,"East African cassava mosaic virus segment DNA A, complete sequence, isolate EACMV-[K36]",2802,partial,"Kenya:Kwale, Boundary",Kenya,Manihot esculenta,
AJ717555,,East African cassava mosaic virus-KE2,Begomovirus manihotisafricaense,EACMV-KE2[K197],DNA A,"East African cassava mosaic virus-KE2 segment DNA A, complete sequence, isolate EACMV-KE2[K197]",2800,partial,"Kenya:Kwale, Msambweni/Kitsumbani",Kenya,Manihot esculenta,
AJ717556,,East African cassava mosaic virus,Begomovirus manihotisafricaense,EACMV-[K322],DNA A,"East African cassava mosaic virus segment DNA A, complete sequence, isolate EACMV-[K322]",2801,partial,"Kenya:Kitui, Township",Kenya,Manihot esculenta,
AJ717557,,East African cassava mosaic virus,Begomovirus manihotisafricaense,EACMV-[K24],DNA A,"East African cassava mosaic virus segment DNA A, complete sequence, isolate EACMV-[K24]",2799,partial,"Kenya:Machakos, Katumani",Kenya,Manihot esculenta,
AJ717558,,East African cassava mosaic virus,Begomovirus manihotisafricaense,EACMV-[K268],DNA A,"East African cassava mosaic virus segment DNA A, complete sequence, isolate EACMV-[K268]",2798,partial,"Kenya:Migori, Masala",Kenya,Manihot esculenta,
AJ618956,,East African cassava mosaic virus,Begomovirus manihotisafricaense,,DNA A,"East African cassava mosaic virus DNA A, clone 19-ug92b6",2799,partial,Uganda:Kaberamaido,Uganda,,
AJ618957,,East African cassava mosaic virus,Begomovirus manihotisafricaense,,DNA A,"East African cassava mosaic virus DNA A, clone 6-ug1a2-2",2799,partial,Uganda:Nakasongola,Uganda,,
AJ618958,,East African cassava mosaic virus,Begomovirus manihotisafricaense,,DNA A,"East African cassava mosaic virus DNA A, clone 20-ug50a8",2799,partial,Uganda:Mpigi,Uganda,,
AJ618959,,East African cassava mosaic virus,Begomovirus manihotisafricaense,,DNA A,"East African cassava mosaic virus DNA A, clone 17-ug108dnaa2",2799,partial,Uganda:Busia,Uganda,,
AY676464,,East African cassava mosaic virus,Begomovirus manihotisafricaense,15,DNA-A,"East African cassava mosaic virus DNA-A defective genome segment, complete sequence",1525,complete,Tanzania,Tanzania,,
AY828226,,East African cassava mosaic virus-[Tanzania],Begomovirus manihotisafricaense,TZ15,DNA-A,"East African cassava mosaic virus-[Tanzania] isolate TZ15 AC1 protein gene, partial cds",593,partial,Tanzania,Tanzania,Manihot esculenta,
AY795983,,East African cassava mosaic virus,Begomovirus manihotisafricaense,TZ1,A,"East African cassava mosaic virus segment A, complete sequence",2798,partial,Tanzania,Tanzania,,
AY795985,,East African cassava mosaic virus,Begomovirus manihotisafricaense,TZT,A,"East African cassava mosaic virus isolate TZT segment A, complete sequence",2801,partial,Tanzania,Tanzania,,
AY795986,,East African cassava mosaic virus,Begomovirus manihotisafricaense,TZM,A,"East African cassava mosaic virus isolate TZM segment A, complete sequence",2804,partial,Tanzania,Tanzania,,
AY795987,,East African cassava mosaic virus,Begomovirus manihotisafricaense,YV,A,"East African cassava mosaic virus isolate YV segment A, complete sequence",2800,partial,Tanzania,Tanzania,,
AY795988,,East African cassava mosaic virus,Begomovirus manihotisafricaense,TZ10,A,"East African cassava mosaic virus isolate TZ10 segment A, complete sequence",2799,partial,Tanzania,Tanzania,,
AY795989,,East African cassava mosaic virus,Begomovirus manihotisafricaense,TZ1,B,"East African cassava mosaic virus segment B, complete sequence",2726,partial,Tanzania,Tanzania,,
AY800251,,East African cassava mosaic virus,Begomovirus manihotisafricaense,TZ,B,"East African cassava mosaic virus isolate TZ segment B, partial sequence",544,partial,Tanzania,Tanzania,,
AY800252,,East African cassava mosaic virus,Begomovirus manihotisafricaense,TZ1,B,"East African cassava mosaic virus isolate TZ1 segment B, partial sequence",557,partial,Tanzania,Tanzania,,
AY800253,,East African cassava mosaic virus,Begomovirus manihotisafricaense,TZ2,B,"East African cassava mosaic virus isolate TZ2 segment B, partial sequence",544,partial,Tanzania,Tanzania,,
AY800254,,East African cassava mosaic virus,Begomovirus manihotisafricaense,TZ3,B,"East African cassava mosaic virus isolate TZ3 segment B, partial sequence",560,partial,Tanzania,Tanzania,,
AY800255,,East African cassava mosaic virus,Begomovirus manihotisafricaense,TZ4,B,"East African cassava mosaic virus isolate TZ4 segment B, partial sequence",544,partial,Tanzania,Tanzania,,
AY800256,,East African cassava mosaic virus,Begomovirus manihotisafricaense,TZ5,B,"East African cassava mosaic virus isolate TZ5 segment B, partial sequence",558,partial,Tanzania,Tanzania,,
AY800257,,East African cassava mosaic virus,Begomovirus manihotisafricaense,TZ6,B,"East African cassava mosaic virus isolate TZ6 segment B, partial sequence",557,partial,Tanzania,Tanzania,,
AY800258,,East African cassava mosaic virus,Begomovirus manihotisafricaense,TZ7,B,"East African cassava mosaic virus isolate TZ7 segment B, partial sequence",556,partial,Tanzania,Tanzania,,
AY800259,,East African cassava mosaic virus,Begomovirus manihotisafricaense,TZ8,B,"East African cassava mosaic virus isolate TZ8 segment B, partial sequence",557,partial,Tanzania,Tanzania,,
AY800260,,East African cassava mosaic virus,Begomovirus manihotisafricaense,TZ9,B,"East African cassava mosaic virus isolate TZ9 segment B, partial sequence",558,partial,Tanzania,Tanzania,,
AY800261,,East African cassava mosaic virus,Begomovirus manihotisafricaense,TZ11,B,"East African cassava mosaic virus isolate TZ11 segment B, partial sequence",559,partial,Tanzania,Tanzania,,
AY800262,,East African cassava mosaic virus,Begomovirus manihotisafricaense,TZT,B,"East African cassava mosaic virus isolate TZT segment B, partial sequence",544,partial,Tanzania,Tanzania,,
AY800263,,East African cassava mosaic virus,Begomovirus manihotisafricaense,TZM,B,"East African cassava mosaic virus isolate TZM segment B, partial sequence",545,partial,Tanzania,Tanzania,,
AY562424,,East African cassava mosaic virus-Uganda2 Severe,Begomovirus manihotisafricaense,eug112,DNA-A,"East African cassava mosaic virus-Uganda2 Severe isolate eug112 AV2 and AV1 genes, complete cds",1300,partial,Uganda,Uganda,,
AY562425,,East African cassava mosaic virus-Uganda2 (Uganda variant),Begomovirus manihotisafricaense,eug137,DNA-A,"East African cassava mosaic virus-Uganda2(Uganda variant) isolate eug137 AV2 and AV1 genes, complete cds",1300,partial,Uganda,Uganda,,
AY562426,,East African cassava mosaic virus-Uganda2 (Uganda variant),Begomovirus manihotisafricaense,eug228,DNA-A,"East African cassava mosaic virus-Uganda2(Uganda variant) isolate eug228 AV2 and AV1 genes, complete cds",1300,partial,Uganda,Uganda,,
AY562427,,East African cassava mosaic virus-Uganda2 Severe,Begomovirus manihotisafricaense,eug313,DNA-A,"East African cassava mosaic virus-Uganda2 Severe isolate eug313 AV2 and AV1 genes, complete cds",1300,partial,Uganda,Uganda,,
AY562428,,East African cassava mosaic virus-Uganda2 Mild,Begomovirus manihotisafricaense,eug322,DNA-A,"East African cassava mosaic virus-Uganda2 Mild isolate eug322 AV2 and AV1 genes, complete cds",1300,partial,Uganda,Uganda,,
AY562430,,East African cassava mosaic virus-Uganda2 Severe,Begomovirus manihotisafricaense,eug237,DNA-A,"East African cassava mosaic virus-Uganda2 Severe isolate eug237 AV2 and AV1 genes, complete cds",1300,partial,Uganda,Uganda,,
AY211887,,East African cassava mosaic virus,Begomovirus manihotisafricaense,KO,,"East African cassava mosaic virus isolate KO AV2, coat protein, AC3, AC2, and AC1 genes, complete cds",2800,partial,Cameroon: Konye,Cameroon,Manihot esculenta,
AY211467,,East African cassava mosaic virus,Begomovirus manihotisafricaense,KO,,"East African cassava mosaic virus isolate KO coat protein (AV1) gene, complete cds",774,partial,Cameroon: Konye,Cameroon,,
AY211468,,East African cassava mosaic virus,Begomovirus manihotisafricaense,BB,,"East African cassava mosaic virus isolate BB coat protein (AV1) gene, complete cds",774,partial,Cameroon: Banga Bakundu,Cameroon,,
AF423178,,East African cassava mosaic virus,Begomovirus manihotisafricaense,EACMV-UG[Nam],,"East African cassava mosaic virus isolate EACMV-UG[Nam] coat protein (AV1) gene, complete cds",774,partial,Uganda: Namulonge,Uganda,,
AF423179,,East African cassava mosaic virus,Begomovirus manihotisafricaense,EACMV-[Mtw],,"East African cassava mosaic virus isolate EACMV-[Mtw] coat protein (AV1) gene, complete cds",774,partial,Tanzania: Mtwara,Tanzania,,
AF230374,,East African cassava mosaic virus,Begomovirus manihotisafricaense,,DNA-A,"East African cassava mosaic virus DNA-A coat protein gene, partial cds",502,partial,,,,
AF230375,,East African cassava mosaic virus-[Uganda1],Begomovirus manihotisafricaense,,DNA-B,"East African cassava mosaic virus-[Uganda1] DNA-B, complete sequence",2780,complete,,,,
AF126804,,East African cassava mosaic virus-Uganda2 Mild,Begomovirus manihotisafricaense,,,"East African cassava mosaic virus-Uganda2 Mild DNA-A strain EACMV/Ug2//Mld AV2 (AV2) and AV1 (AV1) genes, complete cds",2798,partial,Uganda,Uganda,,
AF126805,,East African cassava mosaic virus-Uganda3 Mild,Begomovirus manihotisafricaense,,,"East African cassava mosaic virus-Uganda3 Mild DNA-B strain EACMV/Ug3//Mld BV1 (BV1) and BC1 (BC1) genes, complete cds",2776,partial,Uganda,Uganda,,
AF126806,,East African cassava mosaic virus,Begomovirus manihotisafricaense,,,"East African cassava mosaic virus-Uganda2 Severe DNA-A strain EACMV/Ug2//Svr AV2 (AV2) and AV1 (AV1) genes, complete cds",2799,partial,Uganda,Uganda,,
AF126807,,East African cassava mosaic virus,Begomovirus manihotisafricaense,,,"East African cassava mosaic virus-Uganda3 Severe DNA-B strain EACMV/Ug3//Svr BV1 (BV1) and BC1 (BC1) genes, complete cds",2777,partial,Uganda,Uganda,,
AJ006458,,East African cassava mosaic virus - [Kenya - K2B],Begomovirus manihotisafricaense,K2B,A,"East African cassava mosaic virus - [Kenya - K2B] AV1, AV2 and AC1 gene, isolate K2B",2801,partial,,,,
AJ006461,,East African cassava mosaic virus - [Malawi],Begomovirus manihotisafricaense,YG,A,"East African cassava mosaic virus - [Malawi] AV1 gene, isolate YG",1645,partial,,,,
Z83256,,East African cassava mosaic virus-[Tanzania],Begomovirus manihotisafricaense,Tanzania,A,"East African cassava mosaic virus-[Tanzania] segment A, complete sequence",2801,partial,,Tanzania,,
Z83257,,East African cassava mosaic virus-Uganda2 (Uganda variant),Begomovirus manihotisafricaense,Uganda,A,"East African cassava mosaic virus-Uganda2(Uganda variant) segment A, complete sequence",2799,partial,,Uganda,,
Z83258,,East African cassava mosaic virus - [Kenya - K2B],Begomovirus manihotisafricaense,Kenya,,East African cassava mosaic virus-[Kenya-k2B] coat protein gene and intergenic region,1396,partial,,Kenya,,
