Accession,GenBank_RefSeq,Assembly,SRA_Accession,BioSample,BioProject,Organism_Name,Species,Genus,Family,Genotype,Isolate,Segment,GenBank_Title,Length,Nuc_Completeness,Geo_Location,Country,USA,Host,Tissue_Specimen_Source,Submitters,Organization,Org_location,Publications,Collection_Date,Release_Date,Molecule_type,Component,Isolate_Clean,Isolate_Pair_Core,Pair_Key
NC_011583.1,RefSeq,GCF_000882315.1,,,PRJNA485481,East African cassava mosaic Kenya virus,Begomovirus manihotiskenyaense,Begomovirus,Geminiviridae,,EACMKV-[K298],DNA A,"East African cassava mosaic Kenya virus DNA A, complete genome",2797,complete,"Kenya:Machakos, Mitaboni/Ngiini",Kenya,,Manihot esculenta,,"Bull,S.E., Briddon,R.W., Sserubombwe,W.S., Ngugi,K., Markham,P.G., Stanley,J.","National Center for Biotechnology Information, NIH",USA,1,,2008-11-14,ssDNA(+/-),A,eacmkv-[k298],eacmkv-[k298]," || east african cassava mosaic kenya virus || begomovirus manihotiskenyaense || complete || kenya:machakos, mitaboni/ngiini || kenya || manihot esculenta ||  || eacmkv-[k298]"
NC_011584.1,RefSeq,GCF_000882315.1,,,PRJNA485481,East African cassava mosaic Kenya virus,Begomovirus manihotiskenyaense,Begomovirus,Geminiviridae,,EACMKV-[K298],DNA B,"East African cassava mosaic Kenya virus DNA B, complete genome",2776,complete,"Kenya:Machakos, Mitaboni/Ngiini",Kenya,,Manihot esculenta,,"Bull,S.E., Briddon,R.W., Sserubombwe,W.S., Ngugi,K., Markham,P.G., Stanley,J.","National Center for Biotechnology Information, NIH",USA,1,,2008-11-14,ssDNA(+/-),B,eacmkv-[k298],eacmkv-[k298]," || east african cassava mosaic kenya virus || begomovirus manihotiskenyaense || complete || kenya:machakos, mitaboni/ngiini || kenya || manihot esculenta ||  || eacmkv-[k298]"
KJ887581.1,GenBank,set:c580c349be5d2ac4fa2c42daf330ade11ad8a93f,,,,East African cassava mosaic Kenya virus,Begomovirus manihotiskenyaense,Begomovirus,Geminiviridae,,MG:MG635A6:11,A,"East African cassava mosaic Kenya virus isolate MG:MG635A6:11 segment A, complete sequence",2797,complete,Madagascar,Madagascar,,Manihot esculenta,,"Hoareau,M., Harimalala,M., Zinga,I., De Bruyn,A., Lett,J.-M., Lefeuvre,P.","CIRAD, UMR PVBMT",France,,2011-07-04,2014-09-24,ssDNA(+/-),A,mg:mg635a6:11,mg:mg635a6:11, || east african cassava mosaic kenya virus || begomovirus manihotiskenyaense || complete || madagascar || madagascar || manihot esculenta || 2011-07-04 || mg:mg635a6:11
KJ887687.1,GenBank,set:08b2a8b705cd8cbdfb66b04f04f06ee62888fab2,,,,East African cassava mosaic Kenya virus,Begomovirus manihotiskenyaense,Begomovirus,Geminiviridae,,MG:MG253A1:10,B,"East African cassava mosaic Kenya virus isolate MG:MG253A1:10 segment B, complete sequence",2687,complete,Madagascar,Madagascar,,Manihot esculenta,,"Hoareau,M., Harimalala,M., Zinga,I., De Bruyn,A., Lett,J.-M., Lefeuvre,P.","CIRAD, UMR PVBMT",France,,2010-04-29,2014-09-24,ssDNA(+/-),B,mg:mg253a1:10,mg:mg253a1:10, || east african cassava mosaic kenya virus || begomovirus manihotiskenyaense || complete || madagascar || madagascar || manihot esculenta || 2010-04-29 || mg:mg253a1:10
KJ887689.1,GenBank,set:5168e3098723c4065715c320994cb18577363730,,,,East African cassava mosaic Kenya virus,Begomovirus manihotiskenyaense,Begomovirus,Geminiviridae,,MG:MG273A1:10,B,"East African cassava mosaic Kenya virus isolate MG:MG273A1:10 segment B, complete sequence",2768,complete,Madagascar,Madagascar,,Manihot esculenta,,"Hoareau,M., Harimalala,M., Zinga,I., De Bruyn,A., Lett,J.-M., Lefeuvre,P.","CIRAD, UMR PVBMT",France,,2010-05-01,2014-09-24,ssDNA(+/-),B,mg:mg273a1:10,mg:mg273a1:10, || east african cassava mosaic kenya virus || begomovirus manihotiskenyaense || complete || madagascar || madagascar || manihot esculenta || 2010-05-01 || mg:mg273a1:10
KJ887691.1,GenBank,set:46437c442a3edd883c1c4619343ebce7896425d3,,,,East African cassava mosaic Kenya virus,Begomovirus manihotiskenyaense,Begomovirus,Geminiviridae,,MG:MG295A1:10,B,"East African cassava mosaic Kenya virus isolate MG:MG295A1:10 segment B, complete sequence",2735,complete,Madagascar,Madagascar,,Manihot esculenta,,"Hoareau,M., Harimalala,M., Zinga,I., De Bruyn,A., Lett,J.-M., Lefeuvre,P.","CIRAD, UMR PVBMT",France,,2010-05-03,2014-09-24,ssDNA(+/-),B,mg:mg295a1:10,mg:mg295a1:10, || east african cassava mosaic kenya virus || begomovirus manihotiskenyaense || complete || madagascar || madagascar || manihot esculenta || 2010-05-03 || mg:mg295a1:10
KJ887829.1,GenBank,set:493ffb14991bd08c3728eab83ea4f4c2d44bdf20,,,,East African cassava mosaic Kenya virus,Begomovirus manihotiskenyaense,Begomovirus,Geminiviridae,,MG:MG9B2:07,A,"East African cassava mosaic Kenya virus isolate MG:MG9B2:07 segment A, complete sequence",2797,complete,Madagascar,Madagascar,,Manihot esculenta,,"Hoareau,M., Harimalala,M., Zinga,I., De Bruyn,A., Lett,J.-M., Lefeuvre,P.","CIRAD, UMR PVBMT",France,,2006-01-05,2014-09-24,ssDNA(+/-),A,mg:mg9b2:07,mg:mg9b2:07, || east african cassava mosaic kenya virus || begomovirus manihotiskenyaense || complete || madagascar || madagascar || manihot esculenta || 2006-01-05 || mg:mg9b2:07
KJ887830.1,GenBank,set:a9e36c3544fe2b496fa410c4e8b9e9d7d180245f,,,,East African cassava mosaic Kenya virus,Begomovirus manihotiskenyaense,Begomovirus,Geminiviridae,,MG:MG10A48:06,A,"East African cassava mosaic Kenya virus isolate MG:MG10A48:06 segment A, complete sequence",2798,complete,Madagascar,Madagascar,,Manihot esculenta,,"Hoareau,M., Harimalala,M., Zinga,I., De Bruyn,A., Lett,J.-M., Lefeuvre,P.","CIRAD, UMR PVBMT",France,,2006-01-05,2014-09-24,ssDNA(+/-),A,mg:mg10a48:06,mg:mg10a48:06, || east african cassava mosaic kenya virus || begomovirus manihotiskenyaense || complete || madagascar || madagascar || manihot esculenta || 2006-01-05 || mg:mg10a48:06
KJ887831.1,GenBank,set:9652b339cdae4180ae1c7c9c9383720f48297e1c,,,,East African cassava mosaic Kenya virus,Begomovirus manihotiskenyaense,Begomovirus,Geminiviridae,,MG:MG11A3:06,A,"East African cassava mosaic Kenya virus isolate MG:MG11A3:06 segment A, complete sequence",2798,complete,Madagascar,Madagascar,,Manihot esculenta,,"Hoareau,M., Harimalala,M., Zinga,I., De Bruyn,A., Lett,J.-M., Lefeuvre,P.","CIRAD, UMR PVBMT",France,,2006-01-05,2014-09-24,ssDNA(+/-),A,mg:mg11a3:06,mg:mg11a3:06, || east african cassava mosaic kenya virus || begomovirus manihotiskenyaense || complete || madagascar || madagascar || manihot esculenta || 2006-01-05 || mg:mg11a3:06
KJ887903.1,GenBank,set:9a9721bbe01b8d8f03457efae091afe68919afde,,,,East African cassava mosaic Kenya virus,Begomovirus manihotiskenyaense,Begomovirus,Geminiviridae,,MG:MG90A1:07,A,"East African cassava mosaic Kenya virus isolate MG:MG90A1:07 segment A, complete sequence",2798,complete,Madagascar,Madagascar,,Manihot esculenta,,"Hoareau,M., Harimalala,M., Zinga,I., De Bruyn,A., Lett,J.-M., Lefeuvre,P.","CIRAD, UMR PVBMT",France,,2007-01-05,2014-09-24,ssDNA(+/-),A,mg:mg90a1:07,mg:mg90a1:07, || east african cassava mosaic kenya virus || begomovirus manihotiskenyaense || complete || madagascar || madagascar || manihot esculenta || 2007-01-05 || mg:mg90a1:07
KJ887939.1,GenBank,set:fe7c2e34b309fa69a2a0b5be2731188510977f5d,,,,East African cassava mosaic Kenya virus,Begomovirus manihotiskenyaense,Begomovirus,Geminiviridae,,MG:MG169A1:09,A,"East African cassava mosaic Kenya virus isolate MG:MG169A1:09 segment A, complete sequence",2798,complete,Madagascar,Madagascar,,Manihot esculenta,,"Hoareau,M., Harimalala,M., Zinga,I., De Bruyn,A., Lett,J.-M., Lefeuvre,P.","CIRAD, UMR PVBMT",France,,2009-06-02,2014-09-24,ssDNA(+/-),A,mg:mg169a1:09,mg:mg169a1:09, || east african cassava mosaic kenya virus || begomovirus manihotiskenyaense || complete || madagascar || madagascar || manihot esculenta || 2009-06-02 || mg:mg169a1:09
KJ887946.1,GenBank,set:fba5e9cbee7d346152a0a7eb6bb32ef3c4ee47bc,,,,East African cassava mosaic Kenya virus,Begomovirus manihotiskenyaense,Begomovirus,Geminiviridae,,MG:MG181A1:09,A,"East African cassava mosaic Kenya virus isolate MG:MG181A1:09 segment A, complete sequence",2796,complete,Madagascar,Madagascar,,Manihot esculenta,,"Hoareau,M., Harimalala,M., Zinga,I., De Bruyn,A., Lett,J.-M., Lefeuvre,P.","CIRAD, UMR PVBMT",France,,2009-06-03,2014-09-24,ssDNA(+/-),A,mg:mg181a1:09,mg:mg181a1:09, || east african cassava mosaic kenya virus || begomovirus manihotiskenyaense || complete || madagascar || madagascar || manihot esculenta || 2009-06-03 || mg:mg181a1:09
KJ887947.1,GenBank,set:5e40c8f68055558818c84a880fedb274058b4aad,,,,East African cassava mosaic Kenya virus,Begomovirus manihotiskenyaense,Begomovirus,Geminiviridae,,MG:MG183A1:09,A,"East African cassava mosaic Kenya virus isolate MG:MG183A1:09 segment A, complete sequence",2798,complete,Madagascar,Madagascar,,Manihot esculenta,,"Hoareau,M., Harimalala,M., Zinga,I., De Bruyn,A., Lett,J.-M., Lefeuvre,P.","CIRAD, UMR PVBMT",France,,2009-06-03,2014-09-24,ssDNA(+/-),A,mg:mg183a1:09,mg:mg183a1:09, || east african cassava mosaic kenya virus || begomovirus manihotiskenyaense || complete || madagascar || madagascar || manihot esculenta || 2009-06-03 || mg:mg183a1:09
KJ887948.1,GenBank,set:9e14aa78a29f7cc54a7aebb4c09b953f88b8edee,,,,East African cassava mosaic Kenya virus,Begomovirus manihotiskenyaense,Begomovirus,Geminiviridae,,MG:MG183A3:09,A,"East African cassava mosaic Kenya virus isolate MG:MG183A3:09 segment A, complete sequence",2799,complete,Madagascar,Madagascar,,Manihot esculenta,,"Hoareau,M., Harimalala,M., Zinga,I., De Bruyn,A., Lett,J.-M., Lefeuvre,P.","CIRAD, UMR PVBMT",France,,2009-06-03,2014-09-24,ssDNA(+/-),A,mg:mg183a3:09,mg:mg183a3:09, || east african cassava mosaic kenya virus || begomovirus manihotiskenyaense || complete || madagascar || madagascar || manihot esculenta || 2009-06-03 || mg:mg183a3:09
KJ887949.1,GenBank,set:59e249a59d3aab8db1af811beef5173cbcbd607b,,,,East African cassava mosaic Kenya virus,Begomovirus manihotiskenyaense,Begomovirus,Geminiviridae,,MG:MG192A1:09,A,"East African cassava mosaic Kenya virus isolate MG:MG192A1:09 segment A, complete sequence",2798,complete,Madagascar,Madagascar,,Manihot esculenta,,"Hoareau,M., Harimalala,M., Zinga,I., De Bruyn,A., Lett,J.-M., Lefeuvre,P.","CIRAD, UMR PVBMT",France,,2009-06-04,2014-09-24,ssDNA(+/-),A,mg:mg192a1:09,mg:mg192a1:09, || east african cassava mosaic kenya virus || begomovirus manihotiskenyaense || complete || madagascar || madagascar || manihot esculenta || 2009-06-04 || mg:mg192a1:09
KJ887950.1,GenBank,set:fc1565ebf3f12774ead6541be320d244c9a571d4,,,,East African cassava mosaic Kenya virus,Begomovirus manihotiskenyaense,Begomovirus,Geminiviridae,,MG:MG207A1:09,A,"East African cassava mosaic Kenya virus isolate MG:MG207A1:09 segment A, complete sequence",2798,complete,Madagascar,Madagascar,,Manihot esculenta,,"Hoareau,M., Harimalala,M., Zinga,I., De Bruyn,A., Lett,J.-M., Lefeuvre,P.","CIRAD, UMR PVBMT",France,,2009-06-10,2014-09-24,ssDNA(+/-),A,mg:mg207a1:09,mg:mg207a1:09, || east african cassava mosaic kenya virus || begomovirus manihotiskenyaense || complete || madagascar || madagascar || manihot esculenta || 2009-06-10 || mg:mg207a1:09
KJ887951.1,GenBank,set:77ccc79dc3bddb4ae8e9e3fa6c07d18d19139099,,,,East African cassava mosaic Kenya virus,Begomovirus manihotiskenyaense,Begomovirus,Geminiviridae,,MG:MG208A1:09,A,"East African cassava mosaic Kenya virus isolate MG:MG208A1:09 segment A, complete sequence",2799,complete,Madagascar,Madagascar,,Manihot esculenta,,"Hoareau,M., Harimalala,M., Zinga,I., De Bruyn,A., Lett,J.-M., Lefeuvre,P.","CIRAD, UMR PVBMT",France,,2009-06-10,2014-09-24,ssDNA(+/-),A,mg:mg208a1:09,mg:mg208a1:09, || east african cassava mosaic kenya virus || begomovirus manihotiskenyaense || complete || madagascar || madagascar || manihot esculenta || 2009-06-10 || mg:mg208a1:09
KJ887953.1,GenBank,set:1e246a3cd7eeb37ffe2081f4f828df421c171385,,,,East African cassava mosaic Kenya virus,Begomovirus manihotiskenyaense,Begomovirus,Geminiviridae,,MG:MG213A1:09,A,"East African cassava mosaic Kenya virus isolate MG:MG213A1:09 segment A, complete sequence",2799,complete,Madagascar,Madagascar,,Manihot esculenta,,"Hoareau,M., Harimalala,M., Zinga,I., De Bruyn,A., Lett,J.-M., Lefeuvre,P.","CIRAD, UMR PVBMT",France,,2009-06-10,2014-09-24,ssDNA(+/-),A,mg:mg213a1:09,mg:mg213a1:09, || east african cassava mosaic kenya virus || begomovirus manihotiskenyaense || complete || madagascar || madagascar || manihot esculenta || 2009-06-10 || mg:mg213a1:09
KJ887957.1,GenBank,set:530ee252acc553c14f4b81f71c27e14423960944,,,,East African cassava mosaic Kenya virus,Begomovirus manihotiskenyaense,Begomovirus,Geminiviridae,,MG:MG226A1:10,A,"East African cassava mosaic Kenya virus isolate MG:MG226A1:10 segment A, complete sequence",2798,complete,Madagascar,Madagascar,,Manihot esculenta,,"Hoareau,M., Harimalala,M., Zinga,I., De Bruyn,A., Lett,J.-M., Lefeuvre,P.","CIRAD, UMR PVBMT",France,,2010-04-27,2014-09-24,ssDNA(+/-),A,mg:mg226a1:10,mg:mg226a1:10, || east african cassava mosaic kenya virus || begomovirus manihotiskenyaense || complete || madagascar || madagascar || manihot esculenta || 2010-04-27 || mg:mg226a1:10
KJ887959.1,GenBank,set:dcebf5bebb60eff6dcc52fd24f553d97fe1e21c2,,,,East African cassava mosaic Kenya virus,Begomovirus manihotiskenyaense,Begomovirus,Geminiviridae,,MG:MG234A1:10,A,"East African cassava mosaic Kenya virus isolate MG:MG234A1:10 segment A, complete sequence",2761,complete,Madagascar,Madagascar,,Manihot esculenta,,"Hoareau,M., Harimalala,M., Zinga,I., De Bruyn,A., Lett,J.-M., Lefeuvre,P.","CIRAD, UMR PVBMT",France,,2010-04-27,2014-09-24,ssDNA(+/-),A,mg:mg234a1:10,mg:mg234a1:10, || east african cassava mosaic kenya virus || begomovirus manihotiskenyaense || complete || madagascar || madagascar || manihot esculenta || 2010-04-27 || mg:mg234a1:10
KJ887960.1,GenBank,set:2eb934d19afa0311b5bcd5a32e1528f4674b5758,,,,East African cassava mosaic Kenya virus,Begomovirus manihotiskenyaense,Begomovirus,Geminiviridae,,MG:MG235A2:10,A,"East African cassava mosaic Kenya virus isolate MG:MG235A2:10 segment A, complete sequence",2798,complete,Madagascar,Madagascar,,Manihot esculenta,,"Hoareau,M., Harimalala,M., Zinga,I., De Bruyn,A., Lett,J.-M., Lefeuvre,P.","CIRAD, UMR PVBMT",France,,2010-04-27,2014-09-24,ssDNA(+/-),A,mg:mg235a2:10,mg:mg235a2:10, || east african cassava mosaic kenya virus || begomovirus manihotiskenyaense || complete || madagascar || madagascar || manihot esculenta || 2010-04-27 || mg:mg235a2:10
KJ887962.1,GenBank,set:1c055e940e92c0543bbd76e9fcfa9965c4fd9ee0,,,,East African cassava mosaic Kenya virus,Begomovirus manihotiskenyaense,Begomovirus,Geminiviridae,,MG:MG239A13:10,A,"East African cassava mosaic Kenya virus isolate MG:MG239A13:10 segment A, complete sequence",2795,complete,Madagascar,Madagascar,,Manihot esculenta,,"Hoareau,M., Harimalala,M., Zinga,I., De Bruyn,A., Lett,J.-M., Lefeuvre,P.","CIRAD, UMR PVBMT",France,,2010-04-28,2014-09-24,ssDNA(+/-),A,mg:mg239a13:10,mg:mg239a13:10, || east african cassava mosaic kenya virus || begomovirus manihotiskenyaense || complete || madagascar || madagascar || manihot esculenta || 2010-04-28 || mg:mg239a13:10
KJ887963.1,GenBank,set:705adb5fab08a8e3b3ca902bd951b96ff4636829,,,,East African cassava mosaic Kenya virus,Begomovirus manihotiskenyaense,Begomovirus,Geminiviridae,,MG:MG241A1:10,A,"East African cassava mosaic Kenya virus isolate MG:MG241A1:10 segment A, complete sequence",2798,complete,Madagascar,Madagascar,,Manihot esculenta,,"Hoareau,M., Harimalala,M., Zinga,I., De Bruyn,A., Lett,J.-M., Lefeuvre,P.","CIRAD, UMR PVBMT",France,,2010-04-28,2014-09-24,ssDNA(+/-),A,mg:mg241a1:10,mg:mg241a1:10, || east african cassava mosaic kenya virus || begomovirus manihotiskenyaense || complete || madagascar || madagascar || manihot esculenta || 2010-04-28 || mg:mg241a1:10
KJ887973.1,GenBank,set:ac265df6ca1d9594468bb2cdd05a74c0b8e2610c,,,,East African cassava mosaic Kenya virus,Begomovirus manihotiskenyaense,Begomovirus,Geminiviridae,,MG:MG294A1:10,A,"East African cassava mosaic Kenya virus isolate MG:MG294A1:10 segment A, complete sequence",2798,complete,Madagascar,Madagascar,,Manihot esculenta,,"Hoareau,M., Harimalala,M., Zinga,I., De Bruyn,A., Lett,J.-M., Lefeuvre,P.","CIRAD, UMR PVBMT",France,,2010-05-03,2014-09-24,ssDNA(+/-),A,mg:mg294a1:10,mg:mg294a1:10, || east african cassava mosaic kenya virus || begomovirus manihotiskenyaense || complete || madagascar || madagascar || manihot esculenta || 2010-05-03 || mg:mg294a1:10
KJ888035.1,GenBank,set:38879c3d3e7ce6b17056b49fca6eb960763a2c6f,,,,East African cassava mosaic Kenya virus,Begomovirus manihotiskenyaense,Begomovirus,Geminiviridae,,MG:MG537A7:11,A,"East African cassava mosaic Kenya virus isolate MG:MG537A7:11 segment A, complete sequence",2799,complete,Madagascar,Madagascar,,Manihot esculenta,,"Hoareau,M., Harimalala,M., Zinga,I., De Bruyn,A., Lett,J.-M., Lefeuvre,P.","CIRAD, UMR PVBMT",France,,2011-07-01,2014-09-24,ssDNA(+/-),A,mg:mg537a7:11,mg:mg537a7:11, || east african cassava mosaic kenya virus || begomovirus manihotiskenyaense || complete || madagascar || madagascar || manihot esculenta || 2011-07-01 || mg:mg537a7:11
KJ888038.1,GenBank,set:d8d24d9b9bd53bf8262a403eb8444e59522e9109,,,,East African cassava mosaic Kenya virus,Begomovirus manihotiskenyaense,Begomovirus,Geminiviridae,,MG:MG552A2:11,A,"East African cassava mosaic Kenya virus isolate MG:MG552A2:11 segment A, complete sequence",2798,complete,Madagascar,Madagascar,,Manihot esculenta,,"Hoareau,M., Harimalala,M., Zinga,I., De Bruyn,A., Lett,J.-M., Lefeuvre,P.","CIRAD, UMR PVBMT",France,,2011-07-01,2014-09-24,ssDNA(+/-),A,mg:mg552a2:11,mg:mg552a2:11, || east african cassava mosaic kenya virus || begomovirus manihotiskenyaense || complete || madagascar || madagascar || manihot esculenta || 2011-07-01 || mg:mg552a2:11
KJ888047.1,GenBank,set:955cef8b7b564dcb8da06597bd2c02dda63ca54b,,,,East African cassava mosaic Kenya virus,Begomovirus manihotiskenyaense,Begomovirus,Geminiviridae,,MG:MG578A2:11,A,"East African cassava mosaic Kenya virus isolate MG:MG578A2:11 segment A, complete sequence",2798,complete,Madagascar,Madagascar,,Manihot esculenta,,"Hoareau,M., Harimalala,M., Zinga,I., De Bruyn,A., Lett,J.-M., Lefeuvre,P.","CIRAD, UMR PVBMT",France,,2011-07-02,2014-09-24,ssDNA(+/-),A,mg:mg578a2:11,mg:mg578a2:11, || east african cassava mosaic kenya virus || begomovirus manihotiskenyaense || complete || madagascar || madagascar || manihot esculenta || 2011-07-02 || mg:mg578a2:11
KJ888048.1,GenBank,set:63aa1136b389bed0a5b83e545ca2f6453a91d3bd,,,,East African cassava mosaic Kenya virus,Begomovirus manihotiskenyaense,Begomovirus,Geminiviridae,,MG:MG579A3:11,A,"East African cassava mosaic Kenya virus isolate MG:MG579A3:11 segment A, complete sequence",2798,complete,Madagascar,Madagascar,,Manihot esculenta,,"Hoareau,M., Harimalala,M., Zinga,I., De Bruyn,A., Lett,J.-M., Lefeuvre,P.","CIRAD, UMR PVBMT",France,,2011-07-02,2014-09-24,ssDNA(+/-),A,mg:mg579a3:11,mg:mg579a3:11, || east african cassava mosaic kenya virus || begomovirus manihotiskenyaense || complete || madagascar || madagascar || manihot esculenta || 2011-07-02 || mg:mg579a3:11
KJ888050.1,GenBank,set:2d5f8d606ff23587b71ca52b97f72e6b08ab4ab7,,,,East African cassava mosaic Kenya virus,Begomovirus manihotiskenyaense,Begomovirus,Geminiviridae,,MG:MG582A1:11,A,"East African cassava mosaic Kenya virus isolate MG:MG582A1:11 segment A, complete sequence",2798,complete,Madagascar,Madagascar,,Manihot esculenta,,"Hoareau,M., Harimalala,M., Zinga,I., De Bruyn,A., Lett,J.-M., Lefeuvre,P.","CIRAD, UMR PVBMT",France,,2011-07-02,2014-09-24,ssDNA(+/-),A,mg:mg582a1:11,mg:mg582a1:11, || east african cassava mosaic kenya virus || begomovirus manihotiskenyaense || complete || madagascar || madagascar || manihot esculenta || 2011-07-02 || mg:mg582a1:11
KJ888051.1,GenBank,set:9bab1466fbfaa52ac8c528d3f6fd68e6c61338b9,,,,East African cassava mosaic Kenya virus,Begomovirus manihotiskenyaense,Begomovirus,Geminiviridae,,MG:MG583A1:11,A,"East African cassava mosaic Kenya virus isolate MG:MG583A1:11 segment A, complete sequence",2798,complete,Madagascar,Madagascar,,Manihot esculenta,,"Hoareau,M., Harimalala,M., Zinga,I., De Bruyn,A., Lett,J.-M., Lefeuvre,P.","CIRAD, UMR PVBMT",France,,2011-07-02,2014-09-24,ssDNA(+/-),A,mg:mg583a1:11,mg:mg583a1:11, || east african cassava mosaic kenya virus || begomovirus manihotiskenyaense || complete || madagascar || madagascar || manihot esculenta || 2011-07-02 || mg:mg583a1:11
KJ888053.1,GenBank,set:5aa096d31f6db43bdc82ecdd83d9c25c1937ad81,,,,East African cassava mosaic Kenya virus,Begomovirus manihotiskenyaense,Begomovirus,Geminiviridae,,MG:MG584A6:11,A,"East African cassava mosaic Kenya virus isolate MG:MG584A6:11 segment A, complete sequence",2798,complete,Madagascar,Madagascar,,Manihot esculenta,,"Hoareau,M., Harimalala,M., Zinga,I., De Bruyn,A., Lett,J.-M., Lefeuvre,P.","CIRAD, UMR PVBMT",France,,2011-07-02,2014-09-24,ssDNA(+/-),A,mg:mg584a6:11,mg:mg584a6:11, || east african cassava mosaic kenya virus || begomovirus manihotiskenyaense || complete || madagascar || madagascar || manihot esculenta || 2011-07-02 || mg:mg584a6:11
KJ888055.1,GenBank,set:eed2af9077e2254197cfae0015029fea3a84a729,,,,East African cassava mosaic Kenya virus,Begomovirus manihotiskenyaense,Begomovirus,Geminiviridae,,MG:MG603A5:11,A,"East African cassava mosaic Kenya virus isolate MG:MG603A5:11 segment A, complete sequence",2798,complete,Madagascar,Madagascar,,Manihot esculenta,,"Hoareau,M., Harimalala,M., Zinga,I., De Bruyn,A., Lett,J.-M., Lefeuvre,P.","CIRAD, UMR PVBMT",France,,2011-07-03,2014-09-24,ssDNA(+/-),A,mg:mg603a5:11,mg:mg603a5:11, || east african cassava mosaic kenya virus || begomovirus manihotiskenyaense || complete || madagascar || madagascar || manihot esculenta || 2011-07-03 || mg:mg603a5:11
KJ888058.1,GenBank,set:c070be121ce2ad39be99b0eaddd1fb1002b3ef8c,,,,East African cassava mosaic Kenya virus,Begomovirus manihotiskenyaense,Begomovirus,Geminiviridae,,MG:MG619A1:11,A,"East African cassava mosaic Kenya virus isolate MG:MG619A1:11 segment A, complete sequence",2775,complete,Madagascar,Madagascar,,Manihot esculenta,,"Hoareau,M., Harimalala,M., Zinga,I., De Bruyn,A., Lett,J.-M., Lefeuvre,P.","CIRAD, UMR PVBMT",France,,2011-07-03,2014-09-24,ssDNA(+/-),A,mg:mg619a1:11,mg:mg619a1:11, || east african cassava mosaic kenya virus || begomovirus manihotiskenyaense || complete || madagascar || madagascar || manihot esculenta || 2011-07-03 || mg:mg619a1:11
KJ888061.1,GenBank,set:3f5667063f92ed5157fc9902fd9818483e6deed9,,,,East African cassava mosaic Kenya virus,Begomovirus manihotiskenyaense,Begomovirus,Geminiviridae,,MG:MG619A2:11,A,"East African cassava mosaic Kenya virus isolate MG:MG619A2:11 segment A, complete sequence",2775,complete,Madagascar,Madagascar,,Manihot esculenta,,"Hoareau,M., Harimalala,M., Zinga,I., De Bruyn,A., Lett,J.-M., Lefeuvre,P.","CIRAD, UMR PVBMT",France,,2011-07-03,2014-09-24,ssDNA(+/-),A,mg:mg619a2:11,mg:mg619a2:11, || east african cassava mosaic kenya virus || begomovirus manihotiskenyaense || complete || madagascar || madagascar || manihot esculenta || 2011-07-03 || mg:mg619a2:11
KJ888066.1,GenBank,set:4c9cf3cda39c77c275c3d340f6ce9653e55b09fe,,,,East African cassava mosaic Kenya virus,Begomovirus manihotiskenyaense,Begomovirus,Geminiviridae,,MG:MG632A1:11,A,"East African cassava mosaic Kenya virus isolate MG:MG632A1:11 segment A, complete sequence",2798,complete,Madagascar,Madagascar,,Manihot esculenta,,"Hoareau,M., Harimalala,M., Zinga,I., De Bruyn,A., Lett,J.-M., Lefeuvre,P.","CIRAD, UMR PVBMT",France,,2011-07-04,2014-09-24,ssDNA(+/-),A,mg:mg632a1:11,mg:mg632a1:11, || east african cassava mosaic kenya virus || begomovirus manihotiskenyaense || complete || madagascar || madagascar || manihot esculenta || 2011-07-04 || mg:mg632a1:11
KJ888068.1,GenBank,set:5882121098c96fadf0c5b3b89f66172c41e05da4,,,,East African cassava mosaic Kenya virus,Begomovirus manihotiskenyaense,Begomovirus,Geminiviridae,,MG:MG633A7:11,A,"East African cassava mosaic Kenya virus isolate MG:MG633A7:11 segment A, complete sequence",2796,complete,Madagascar,Madagascar,,Manihot esculenta,,"Hoareau,M., Harimalala,M., Zinga,I., De Bruyn,A., Lett,J.-M., Lefeuvre,P.","CIRAD, UMR PVBMT",France,,2011-07-04,2014-09-24,ssDNA(+/-),A,mg:mg633a7:11,mg:mg633a7:11, || east african cassava mosaic kenya virus || begomovirus manihotiskenyaense || complete || madagascar || madagascar || manihot esculenta || 2011-07-04 || mg:mg633a7:11
KJ888069.1,GenBank,set:ab367efa118e9c3af7f4490527b29959e64e47ef,,,,East African cassava mosaic Kenya virus,Begomovirus manihotiskenyaense,Begomovirus,Geminiviridae,,MG:MG637A4:11,A,"East African cassava mosaic Kenya virus isolate MG:MG637A4:11 segment A, complete sequence",2797,complete,Madagascar,Madagascar,,Manihot esculenta,,"Hoareau,M., Harimalala,M., Zinga,I., De Bruyn,A., Lett,J.-M., Lefeuvre,P.","CIRAD, UMR PVBMT",France,,2011-07-04,2014-09-24,ssDNA(+/-),A,mg:mg637a4:11,mg:mg637a4:11, || east african cassava mosaic kenya virus || begomovirus manihotiskenyaense || complete || madagascar || madagascar || manihot esculenta || 2011-07-04 || mg:mg637a4:11
KJ888071.1,GenBank,set:fd00a0f38ee543f0f896d4a0ec065ba627a994ba,,,,East African cassava mosaic Kenya virus,Begomovirus manihotiskenyaense,Begomovirus,Geminiviridae,,MG:MG638A5:11,A,"East African cassava mosaic Kenya virus isolate MG:MG638A5:11 segment A, complete sequence",2798,complete,Madagascar,Madagascar,,Manihot esculenta,,"Hoareau,M., Harimalala,M., Zinga,I., De Bruyn,A., Lett,J.-M., Lefeuvre,P.","CIRAD, UMR PVBMT",France,,2011-07-04,2014-09-24,ssDNA(+/-),A,mg:mg638a5:11,mg:mg638a5:11, || east african cassava mosaic kenya virus || begomovirus manihotiskenyaense || complete || madagascar || madagascar || manihot esculenta || 2011-07-04 || mg:mg638a5:11
KJ888072.1,GenBank,set:eff3468fce085f0bfa9dab7123a0a31562eeb177,,,,East African cassava mosaic Kenya virus,Begomovirus manihotiskenyaense,Begomovirus,Geminiviridae,,MG:MG638A8:11,A,"East African cassava mosaic Kenya virus isolate MG:MG638A8:11 segment A, complete sequence",2798,complete,Madagascar,Madagascar,,Manihot esculenta,,"Hoareau,M., Harimalala,M., Zinga,I., De Bruyn,A., Lett,J.-M., Lefeuvre,P.","CIRAD, UMR PVBMT",France,,2011-07-04,2014-09-24,ssDNA(+/-),A,mg:mg638a8:11,mg:mg638a8:11, || east african cassava mosaic kenya virus || begomovirus manihotiskenyaense || complete || madagascar || madagascar || manihot esculenta || 2011-07-04 || mg:mg638a8:11
KJ888073.1,GenBank,set:d755d065fc98e598b49c5557b890725c7e53a94a,,,,East African cassava mosaic Kenya virus,Begomovirus manihotiskenyaense,Begomovirus,Geminiviridae,,MG:MG640A1:11,A,"East African cassava mosaic Kenya virus isolate MG:MG640A1:11 segment A, complete sequence",2797,complete,Madagascar,Madagascar,,Manihot esculenta,,"Hoareau,M., Harimalala,M., Zinga,I., De Bruyn,A., Lett,J.-M., Lefeuvre,P.","CIRAD, UMR PVBMT",France,,2011-07-04,2014-09-24,ssDNA(+/-),A,mg:mg640a1:11,mg:mg640a1:11, || east african cassava mosaic kenya virus || begomovirus manihotiskenyaense || complete || madagascar || madagascar || manihot esculenta || 2011-07-04 || mg:mg640a1:11
KJ888074.1,GenBank,set:a8847045d4b7b4c1ebbf424285d988c2f13ac3ef,,,,East African cassava mosaic Kenya virus,Begomovirus manihotiskenyaense,Begomovirus,Geminiviridae,,MG:MG640A3:11,A,"East African cassava mosaic Kenya virus isolate MG:MG640A3:11 segment A, complete sequence",2797,complete,Madagascar,Madagascar,,Manihot esculenta,,"Hoareau,M., Harimalala,M., Zinga,I., De Bruyn,A., Lett,J.-M., Lefeuvre,P.","CIRAD, UMR PVBMT",France,,2011-07-04,2014-09-24,ssDNA(+/-),A,mg:mg640a3:11,mg:mg640a3:11, || east african cassava mosaic kenya virus || begomovirus manihotiskenyaense || complete || madagascar || madagascar || manihot esculenta || 2011-07-04 || mg:mg640a3:11
KJ888076.1,GenBank,set:c785a86e40c6c0e1446ad1fc02afd09f4a605e3f,,,,East African cassava mosaic Kenya virus,Begomovirus manihotiskenyaense,Begomovirus,Geminiviridae,,MG:MG648A8:11,A,"East African cassava mosaic Kenya virus isolate MG:MG648A8:11 segment A, complete sequence",2797,complete,Madagascar,Madagascar,,Manihot esculenta,,"Hoareau,M., Harimalala,M., Zinga,I., De Bruyn,A., Lett,J.-M., Lefeuvre,P.","CIRAD, UMR PVBMT",France,,2011-07-04,2014-09-24,ssDNA(+/-),A,mg:mg648a8:11,mg:mg648a8:11, || east african cassava mosaic kenya virus || begomovirus manihotiskenyaense || complete || madagascar || madagascar || manihot esculenta || 2011-07-04 || mg:mg648a8:11
KJ888079.1,GenBank,set:ad8007097fe5bf794d6673073be91ed51b10773b,,,,East African cassava mosaic Kenya virus,Begomovirus manihotiskenyaense,Begomovirus,Geminiviridae,,MG:MG649A1:11,A,"East African cassava mosaic Kenya virus isolate MG:MG649A1:11 segment A, complete sequence",2798,complete,Madagascar,Madagascar,,Manihot esculenta,,"Hoareau,M., Harimalala,M., Zinga,I., De Bruyn,A., Lett,J.-M., Lefeuvre,P.","CIRAD, UMR PVBMT",France,,2011-07-04,2014-09-24,ssDNA(+/-),A,mg:mg649a1:11,mg:mg649a1:11, || east african cassava mosaic kenya virus || begomovirus manihotiskenyaense || complete || madagascar || madagascar || manihot esculenta || 2011-07-04 || mg:mg649a1:11
KJ888081.1,GenBank,set:8f081226b609ea13170f234bcaa02412c5e35519,,,,East African cassava mosaic Kenya virus,Begomovirus manihotiskenyaense,Begomovirus,Geminiviridae,,MG:MG650A7:11,A,"East African cassava mosaic Kenya virus isolate MG:MG650A7:11 segment A, complete sequence",2798,complete,Madagascar,Madagascar,,Manihot esculenta,,"Hoareau,M., Harimalala,M., Zinga,I., De Bruyn,A., Lett,J.-M., Lefeuvre,P.","CIRAD, UMR PVBMT",France,,2011-07-04,2014-09-24,ssDNA(+/-),A,mg:mg650a7:11,mg:mg650a7:11, || east african cassava mosaic kenya virus || begomovirus manihotiskenyaense || complete || madagascar || madagascar || manihot esculenta || 2011-07-04 || mg:mg650a7:11
KJ888083.1,GenBank,set:3e918bd4728839f285f00e8ea441c0d95928dbf0,,,,East African cassava mosaic Kenya virus,Begomovirus manihotiskenyaense,Begomovirus,Geminiviridae,,MG:MG652A11:11,A,"East African cassava mosaic Kenya virus isolate MG:MG652A11:11 segment A, complete sequence",2797,complete,Madagascar,Madagascar,,Manihot esculenta,,"Hoareau,M., Harimalala,M., Zinga,I., De Bruyn,A., Lett,J.-M., Lefeuvre,P.","CIRAD, UMR PVBMT",France,,2011-07-04,2014-09-24,ssDNA(+/-),A,mg:mg652a11:11,mg:mg652a11:11, || east african cassava mosaic kenya virus || begomovirus manihotiskenyaense || complete || madagascar || madagascar || manihot esculenta || 2011-07-04 || mg:mg652a11:11
KJ888084.1,GenBank,set:c02ee4bedbd32ae4f87f9cbe003b43f72a2c7d66,,,,East African cassava mosaic Kenya virus,Begomovirus manihotiskenyaense,Begomovirus,Geminiviridae,,MG:MG653A3:11,A,"East African cassava mosaic Kenya virus isolate MG:MG653A3:11 segment A, complete sequence",2798,complete,Madagascar,Madagascar,,Manihot esculenta,,"Hoareau,M., Harimalala,M., Zinga,I., De Bruyn,A., Lett,J.-M., Lefeuvre,P.","CIRAD, UMR PVBMT",France,,2011-07-04,2014-09-24,ssDNA(+/-),A,mg:mg653a3:11,mg:mg653a3:11, || east african cassava mosaic kenya virus || begomovirus manihotiskenyaense || complete || madagascar || madagascar || manihot esculenta || 2011-07-04 || mg:mg653a3:11
KJ888085.1,GenBank,set:44fee13ddc5d3560e2d7a6a518962a457dbc09dc,,,,East African cassava mosaic Kenya virus,Begomovirus manihotiskenyaense,Begomovirus,Geminiviridae,,MG:MG655A2:11,A,"East African cassava mosaic Kenya virus isolate MG:MG655A2:11 segment A, complete sequence",2798,complete,Madagascar,Madagascar,,Manihot esculenta,,"Hoareau,M., Harimalala,M., Zinga,I., De Bruyn,A., Lett,J.-M., Lefeuvre,P.","CIRAD, UMR PVBMT",France,,2011-07-04,2014-09-24,ssDNA(+/-),A,mg:mg655a2:11,mg:mg655a2:11, || east african cassava mosaic kenya virus || begomovirus manihotiskenyaense || complete || madagascar || madagascar || manihot esculenta || 2011-07-04 || mg:mg655a2:11
KJ888087.1,GenBank,set:272959bd246548b67b70a9d8beacbb218821cabc,,,,East African cassava mosaic Kenya virus,Begomovirus manihotiskenyaense,Begomovirus,Geminiviridae,,MG:MG656A2:11,A,"East African cassava mosaic Kenya virus isolate MG:MG656A2:11 segment A, complete sequence",2798,complete,Madagascar,Madagascar,,Manihot esculenta,,"Hoareau,M., Harimalala,M., Zinga,I., De Bruyn,A., Lett,J.-M., Lefeuvre,P.","CIRAD, UMR PVBMT",France,,2011-07-04,2014-09-24,ssDNA(+/-),A,mg:mg656a2:11,mg:mg656a2:11, || east african cassava mosaic kenya virus || begomovirus manihotiskenyaense || complete || madagascar || madagascar || manihot esculenta || 2011-07-04 || mg:mg656a2:11
JF909078.1,GenBank,set:b18b3bd6fe772677b3a0d23080be8640a004a273,,,,East African cassava mosaic Kenya virus,Begomovirus manihotiskenyaense,Begomovirus,Geminiviridae,,Comoros:Grande-Comore:GC01B01:2005,DNA-A,"East African cassava mosaic Kenya virus isolate Comoros:Grande-Comore:GC01B01:2005 segment DNA-A, complete sequence",2797,complete,Comoros: Grande-Comore,Comoros,,Manihot esculenta,,"De Bruyn,A., Villemot,J., Lefeuvre,P., Villar,E., Hoareau,M., Harimalala,M., Abdoul-Karime,A.L., Abdou-Chakour,C., Reynaud,B., Harkins,G.W., Varsani,A., Martin,D.P., Lett,J.M., Lett,J.-M.","CIRAD, UMR PVBMT",France,1,2005,2012-06-20,ssDNA(+/-),A,comoros:grande-comore:gc01b01:2005,comoros:grande-comore:gc01b01:2005, || east african cassava mosaic kenya virus || begomovirus manihotiskenyaense || complete || comoros: grande-comore || comoros || manihot esculenta || 2005 || comoros:grande-comore:gc01b01:2005
JF909079.1,GenBank,set:555e315e01a2d929ccbd84b1d95bf9568af2df56,,,,East African cassava mosaic Kenya virus,Begomovirus manihotiskenyaense,Begomovirus,Geminiviridae,,Comoros:Grande-Comore:GC03B13:2005,DNA-A,"East African cassava mosaic Kenya virus isolate Comoros:Grande-Comore:GC03B13:2005 segment DNA-A, complete sequence",2798,complete,Comoros: Grande-Comore,Comoros,,Manihot esculenta,,"De Bruyn,A., Villemot,J., Lefeuvre,P., Villar,E., Hoareau,M., Harimalala,M., Abdoul-Karime,A.L., Abdou-Chakour,C., Reynaud,B., Harkins,G.W., Varsani,A., Martin,D.P., Lett,J.M., Lett,J.-M.","CIRAD, UMR PVBMT",France,1,2005,2012-06-20,ssDNA(+/-),A,comoros:grande-comore:gc03b13:2005,comoros:grande-comore:gc03b13:2005, || east african cassava mosaic kenya virus || begomovirus manihotiskenyaense || complete || comoros: grande-comore || comoros || manihot esculenta || 2005 || comoros:grande-comore:gc03b13:2005
JF909080.1,GenBank,set:98d712034e93c5f2ca90e195fb5e0ebcc3056ab7,,,,East African cassava mosaic Kenya virus,Begomovirus manihotiskenyaense,Begomovirus,Geminiviridae,,Comoros:Grande-Comore:GC03E02:2006,DNA-A,"East African cassava mosaic Kenya virus isolate Comoros:Grande-Comore:GC03E02:2006 segment DNA-A, complete sequence",2798,complete,Comoros: Grande-Comore,Comoros,,Manihot esculenta,,"De Bruyn,A., Villemot,J., Lefeuvre,P., Villar,E., Hoareau,M., Harimalala,M., Abdoul-Karime,A.L., Abdou-Chakour,C., Reynaud,B., Harkins,G.W., Varsani,A., Martin,D.P., Lett,J.M., Lett,J.-M.","CIRAD, UMR PVBMT",France,1,2006,2012-06-20,ssDNA(+/-),A,comoros:grande-comore:gc03e02:2006,comoros:grande-comore:gc03e02:2006, || east african cassava mosaic kenya virus || begomovirus manihotiskenyaense || complete || comoros: grande-comore || comoros || manihot esculenta || 2006 || comoros:grande-comore:gc03e02:2006
JF909081.1,GenBank,set:cba56b8db9e3675a548b8c0d5df8316dcb28e6e7,,,,East African cassava mosaic Kenya virus,Begomovirus manihotiskenyaense,Begomovirus,Geminiviridae,,Comoros:Grande-Comore:GC04B19:2005,DNA-A,"East African cassava mosaic Kenya virus isolate Comoros:Grande-Comore:GC04B19:2005 segment DNA-A, complete sequence",2799,complete,Comoros: Grande-Comore,Comoros,,Manihot esculenta,,"De Bruyn,A., Villemot,J., Lefeuvre,P., Villar,E., Hoareau,M., Harimalala,M., Abdoul-Karime,A.L., Abdou-Chakour,C., Reynaud,B., Harkins,G.W., Varsani,A., Martin,D.P., Lett,J.M., Lett,J.-M.","CIRAD, UMR PVBMT",France,1,2005,2012-06-20,ssDNA(+/-),A,comoros:grande-comore:gc04b19:2005,comoros:grande-comore:gc04b19:2005, || east african cassava mosaic kenya virus || begomovirus manihotiskenyaense || complete || comoros: grande-comore || comoros || manihot esculenta || 2005 || comoros:grande-comore:gc04b19:2005
JF909083.1,GenBank,set:f65d699968af98ffb07546188888f68da9c5a40e,,,,East African cassava mosaic Kenya virus,Begomovirus manihotiskenyaense,Begomovirus,Geminiviridae,,Comoros:Grande-Comore:GC07B31:2008,DNA-A,"East African cassava mosaic Kenya virus isolate Comoros:Grande-Comore:GC07B31:2008 segment DNA-A, complete sequence",2799,complete,Comoros: Grande-Comore,Comoros,,Manihot esculenta,,"De Bruyn,A., Villemot,J., Lefeuvre,P., Villar,E., Hoareau,M., Harimalala,M., Abdoul-Karime,A.L., Abdou-Chakour,C., Reynaud,B., Harkins,G.W., Varsani,A., Martin,D.P., Lett,J.M., Lett,J.-M.","CIRAD, UMR PVBMT",France,1,2008,2012-06-20,ssDNA(+/-),A,comoros:grande-comore:gc07b31:2008,comoros:grande-comore:gc07b31:2008, || east african cassava mosaic kenya virus || begomovirus manihotiskenyaense || complete || comoros: grande-comore || comoros || manihot esculenta || 2008 || comoros:grande-comore:gc07b31:2008
JF909085.1,GenBank,set:6d887050a6cf6f9ff4233c67d1a18658dd183d33,,,,East African cassava mosaic Kenya virus,Begomovirus manihotiskenyaense,Begomovirus,Geminiviridae,,Comoros:Grande-Comore:GC09B43:2008,DNA-A,"East African cassava mosaic Kenya virus isolate Comoros:Grande-Comore:GC09B43:2008 segment DNA-A, complete sequence",2799,complete,Comoros: Grande-Comore,Comoros,,Manihot esculenta,,"De Bruyn,A., Villemot,J., Lefeuvre,P., Villar,E., Hoareau,M., Harimalala,M., Abdoul-Karime,A.L., Abdou-Chakour,C., Reynaud,B., Harkins,G.W., Varsani,A., Martin,D.P., Lett,J.M., Lett,J.-M.","CIRAD, UMR PVBMT",France,1,2008,2012-06-20,ssDNA(+/-),A,comoros:grande-comore:gc09b43:2008,comoros:grande-comore:gc09b43:2008, || east african cassava mosaic kenya virus || begomovirus manihotiskenyaense || complete || comoros: grande-comore || comoros || manihot esculenta || 2008 || comoros:grande-comore:gc09b43:2008
JF909086.1,GenBank,set:b81f5909d399c433d800644cc33b8ace0690df57,,,,East African cassava mosaic Kenya virus,Begomovirus manihotiskenyaense,Begomovirus,Geminiviridae,,Comoros:Grande-Comore:GC10B53:2008,DNA-A,"East African cassava mosaic Kenya virus isolate Comoros:Grande-Comore:GC10B53:2008 segment DNA-A, complete sequence",2799,complete,Comoros: Grande-Comore,Comoros,,Manihot esculenta,,"De Bruyn,A., Villemot,J., Lefeuvre,P., Villar,E., Hoareau,M., Harimalala,M., Abdoul-Karime,A.L., Abdou-Chakour,C., Reynaud,B., Harkins,G.W., Varsani,A., Martin,D.P., Lett,J.M., Lett,J.-M.","CIRAD, UMR PVBMT",France,1,2008,2012-06-20,ssDNA(+/-),A,comoros:grande-comore:gc10b53:2008,comoros:grande-comore:gc10b53:2008, || east african cassava mosaic kenya virus || begomovirus manihotiskenyaense || complete || comoros: grande-comore || comoros || manihot esculenta || 2008 || comoros:grande-comore:gc10b53:2008
JF909087.1,GenBank,set:697c1112133267bc7321e8e5ca293f08e5239d3f,,,,East African cassava mosaic Kenya virus,Begomovirus manihotiskenyaense,Begomovirus,Geminiviridae,,Comoros:Grande-Comore:GC11AA6:2008,DNA-A,"East African cassava mosaic Kenya virus isolate Comoros:Grande-Comore:GC11AA6:2008 segment DNA-A, complete sequence",2800,complete,Comoros: Grande-Comore,Comoros,,Manihot esculenta,,"De Bruyn,A., Villemot,J., Lefeuvre,P., Villar,E., Hoareau,M., Harimalala,M., Abdoul-Karime,A.L., Abdou-Chakour,C., Reynaud,B., Harkins,G.W., Varsani,A., Martin,D.P., Lett,J.M., Lett,J.-M.","CIRAD, UMR PVBMT",France,1,2008,2012-06-20,ssDNA(+/-),A,comoros:grande-comore:gc11aa6:2008,comoros:grande-comore:gc11aa6:2008, || east african cassava mosaic kenya virus || begomovirus manihotiskenyaense || complete || comoros: grande-comore || comoros || manihot esculenta || 2008 || comoros:grande-comore:gc11aa6:2008
JF909088.1,GenBank,set:2066f7f142c0a91ab7f8ca83657b64e33a2e83e7,,,,East African cassava mosaic Kenya virus,Begomovirus manihotiskenyaense,Begomovirus,Geminiviridae,,Comoros:Grande-Comore:GC11B32:2008,DNA-A,"East African cassava mosaic Kenya virus isolate Comoros:Grande-Comore:GC11B32:2008 segment DNA-A, complete sequence",2799,complete,Comoros: Grande-Comore,Comoros,,Manihot esculenta,,"De Bruyn,A., Villemot,J., Lefeuvre,P., Villar,E., Hoareau,M., Harimalala,M., Abdoul-Karime,A.L., Abdou-Chakour,C., Reynaud,B., Harkins,G.W., Varsani,A., Martin,D.P., Lett,J.M., Lett,J.-M.","CIRAD, UMR PVBMT",France,1,2008,2012-06-20,ssDNA(+/-),A,comoros:grande-comore:gc11b32:2008,comoros:grande-comore:gc11b32:2008, || east african cassava mosaic kenya virus || begomovirus manihotiskenyaense || complete || comoros: grande-comore || comoros || manihot esculenta || 2008 || comoros:grande-comore:gc11b32:2008
JF909089.1,GenBank,set:69d78a7b7e2e5771c6bdd8cc6009bfa8a684c077,,,,East African cassava mosaic Kenya virus,Begomovirus manihotiskenyaense,Begomovirus,Geminiviridae,,Comoros:Grande-Comore:GC11B55:2008,DNA-A,"East African cassava mosaic Kenya virus isolate Comoros:Grande-Comore:GC11B55:2008 segment DNA-A, complete sequence",2799,complete,Comoros: Grande-Comore,Comoros,,Manihot esculenta,,"De Bruyn,A., Villemot,J., Lefeuvre,P., Villar,E., Hoareau,M., Harimalala,M., Abdoul-Karime,A.L., Abdou-Chakour,C., Reynaud,B., Harkins,G.W., Varsani,A., Martin,D.P., Lett,J.M., Lett,J.-M.","CIRAD, UMR PVBMT",France,1,2008,2012-06-20,ssDNA(+/-),A,comoros:grande-comore:gc11b55:2008,comoros:grande-comore:gc11b55:2008, || east african cassava mosaic kenya virus || begomovirus manihotiskenyaense || complete || comoros: grande-comore || comoros || manihot esculenta || 2008 || comoros:grande-comore:gc11b55:2008
JF909091.1,GenBank,set:c2b28f3c22a9b9ca4e6062ee9c86d83aca5a50f0,,,,East African cassava mosaic Kenya virus,Begomovirus manihotiskenyaense,Begomovirus,Geminiviridae,,Comoros:Grande-Comore:GC14B73:2008,DNA-A,"East African cassava mosaic Kenya virus isolate Comoros:Grande-Comore:GC14B73:2008 segment DNA-A, complete sequence",2799,complete,Comoros: Grande-Comore,Comoros,,Manihot esculenta,,"De Bruyn,A., Villemot,J., Lefeuvre,P., Villar,E., Hoareau,M., Harimalala,M., Abdoul-Karime,A.L., Abdou-Chakour,C., Reynaud,B., Harkins,G.W., Varsani,A., Martin,D.P., Lett,J.M., Lett,J.-M.","CIRAD, UMR PVBMT",France,1,2008,2012-06-20,ssDNA(+/-),A,comoros:grande-comore:gc14b73:2008,comoros:grande-comore:gc14b73:2008, || east african cassava mosaic kenya virus || begomovirus manihotiskenyaense || complete || comoros: grande-comore || comoros || manihot esculenta || 2008 || comoros:grande-comore:gc14b73:2008
JF909093.1,GenBank,set:37df84366275d5cd2032e0cb1377359ff2c09803,,,,East African cassava mosaic Kenya virus,Begomovirus manihotiskenyaense,Begomovirus,Geminiviridae,,Comoros:Grande-Comore:GC15B21:2008,DNA-A,"East African cassava mosaic Kenya virus isolate Comoros:Grande-Comore:GC15B21:2008 segment DNA-A, complete sequence",2800,complete,Comoros: Grande-Comore,Comoros,,Manihot esculenta,,"De Bruyn,A., Villemot,J., Lefeuvre,P., Villar,E., Hoareau,M., Harimalala,M., Abdoul-Karime,A.L., Abdou-Chakour,C., Reynaud,B., Harkins,G.W., Varsani,A., Martin,D.P., Lett,J.M., Lett,J.-M.","CIRAD, UMR PVBMT",France,1,2008,2012-06-20,ssDNA(+/-),A,comoros:grande-comore:gc15b21:2008,comoros:grande-comore:gc15b21:2008, || east african cassava mosaic kenya virus || begomovirus manihotiskenyaense || complete || comoros: grande-comore || comoros || manihot esculenta || 2008 || comoros:grande-comore:gc15b21:2008
JF909095.1,GenBank,set:1a9b9bbf05e65f272b59cf03d2587cf6257cdec9,,,,East African cassava mosaic Kenya virus,Begomovirus manihotiskenyaense,Begomovirus,Geminiviridae,,Comoros:Grande-Comore:GC16B00:2004,DNA-A,"East African cassava mosaic Kenya virus isolate Comoros:Grande-Comore:GC16B00:2004 segment DNA-A, complete sequence",2799,complete,Comoros: Grande-Comore,Comoros,,Manihot esculenta,,"De Bruyn,A., Villemot,J., Lefeuvre,P., Villar,E., Hoareau,M., Harimalala,M., Abdoul-Karime,A.L., Abdou-Chakour,C., Reynaud,B., Harkins,G.W., Varsani,A., Martin,D.P., Lett,J.M., Lett,J.-M.","CIRAD, UMR PVBMT",France,1,2004,2012-06-20,ssDNA(+/-),A,comoros:grande-comore:gc16b00:2004,comoros:grande-comore:gc16b00:2004, || east african cassava mosaic kenya virus || begomovirus manihotiskenyaense || complete || comoros: grande-comore || comoros || manihot esculenta || 2004 || comoros:grande-comore:gc16b00:2004
JF909098.1,GenBank,set:808b78ba42c5c5871ce8f6495e74ff960e703a00,,,,East African cassava mosaic Kenya virus,Begomovirus manihotiskenyaense,Begomovirus,Geminiviridae,,Comoros:Grande-Comore:GC21AT2:2004,DNA-A,"East African cassava mosaic Kenya virus isolate Comoros:Grande-Comore:GC21AT2:2004 segment DNA-A, complete sequence",2799,complete,Comoros: Grande-Comore,Comoros,,Manihot esculenta,,"De Bruyn,A., Villemot,J., Lefeuvre,P., Villar,E., Hoareau,M., Harimalala,M., Abdoul-Karime,A.L., Abdou-Chakour,C., Reynaud,B., Harkins,G.W., Varsani,A., Martin,D.P., Lett,J.M., Lett,J.-M.","CIRAD, UMR PVBMT",France,1,2004,2012-06-20,ssDNA(+/-),A,comoros:grande-comore:gc21at2:2004,comoros:grande-comore:gc21at2:2004, || east african cassava mosaic kenya virus || begomovirus manihotiskenyaense || complete || comoros: grande-comore || comoros || manihot esculenta || 2004 || comoros:grande-comore:gc21at2:2004
JF909100.1,GenBank,set:21ce137f9dd3e855eb9e0631d7455cb30ef53ffc,,,,East African cassava mosaic Kenya virus,Begomovirus manihotiskenyaense,Begomovirus,Geminiviridae,,Comoros:Grande-Comore:GC26BA1:2009,DNA-A,"East African cassava mosaic Kenya virus isolate Comoros:Grande-Comore:GC26BA1:2009 segment DNA-A, complete sequence",2798,complete,Comoros: Grande-Comore,Comoros,,Manihot esculenta,,"De Bruyn,A., Villemot,J., Lefeuvre,P., Villar,E., Hoareau,M., Harimalala,M., Abdoul-Karime,A.L., Abdou-Chakour,C., Reynaud,B., Harkins,G.W., Varsani,A., Martin,D.P., Lett,J.M., Lett,J.-M.","CIRAD, UMR PVBMT",France,1,2009,2012-06-20,ssDNA(+/-),A,comoros:grande-comore:gc26ba1:2009,comoros:grande-comore:gc26ba1:2009, || east african cassava mosaic kenya virus || begomovirus manihotiskenyaense || complete || comoros: grande-comore || comoros || manihot esculenta || 2009 || comoros:grande-comore:gc26ba1:2009
JF909101.1,GenBank,set:3b7bb8f9db915633d390e11937276e7c94cb7b1a,,,,East African cassava mosaic Kenya virus,Begomovirus manihotiskenyaense,Begomovirus,Geminiviridae,,Comoros:Grande-Comore:GC27AG1:2009,DNA-A,"East African cassava mosaic Kenya virus isolate Comoros:Grande-Comore:GC27AG1:2009 segment DNA-A, complete sequence",2797,complete,Comoros: Grande-Comore,Comoros,,Manihot esculenta,,"De Bruyn,A., Villemot,J., Lefeuvre,P., Villar,E., Hoareau,M., Harimalala,M., Abdoul-Karime,A.L., Abdou-Chakour,C., Reynaud,B., Harkins,G.W., Varsani,A., Martin,D.P., Lett,J.M., Lett,J.-M.","CIRAD, UMR PVBMT",France,1,2009,2012-06-20,ssDNA(+/-),A,comoros:grande-comore:gc27ag1:2009,comoros:grande-comore:gc27ag1:2009, || east african cassava mosaic kenya virus || begomovirus manihotiskenyaense || complete || comoros: grande-comore || comoros || manihot esculenta || 2009 || comoros:grande-comore:gc27ag1:2009
JF909102.1,GenBank,set:f9fe9993456a5103dc05fd9f0f9e88a3f10b6e41,,,,East African cassava mosaic Kenya virus,Begomovirus manihotiskenyaense,Begomovirus,Geminiviridae,,Comoros:Grande-Comore:GC27BF1:2009,DNA-A,"East African cassava mosaic Kenya virus isolate Comoros:Grande-Comore:GC27BF1:2009 segment DNA-A, complete sequence",2798,complete,Comoros: Grande-Comore,Comoros,,Manihot esculenta,,"De Bruyn,A., Villemot,J., Lefeuvre,P., Villar,E., Hoareau,M., Harimalala,M., Abdoul-Karime,A.L., Abdou-Chakour,C., Reynaud,B., Harkins,G.W., Varsani,A., Martin,D.P., Lett,J.M., Lett,J.-M.","CIRAD, UMR PVBMT",France,1,2009,2012-06-20,ssDNA(+/-),A,comoros:grande-comore:gc27bf1:2009,comoros:grande-comore:gc27bf1:2009, || east african cassava mosaic kenya virus || begomovirus manihotiskenyaense || complete || comoros: grande-comore || comoros || manihot esculenta || 2009 || comoros:grande-comore:gc27bf1:2009
JF909103.1,GenBank,set:f6e5485d45b112df1e3063dcbccf465c6d24eb59,,,,East African cassava mosaic Kenya virus,Begomovirus manihotiskenyaense,Begomovirus,Geminiviridae,,Comoros:Grande-Comore:GC28AK1:2009,DNA-A,"East African cassava mosaic Kenya virus isolate Comoros:Grande-Comore:GC28AK1:2009 segment DNA-A, complete sequence",2799,complete,Comoros: Grande-Comore,Comoros,,Manihot esculenta,,"De Bruyn,A., Villemot,J., Lefeuvre,P., Villar,E., Hoareau,M., Harimalala,M., Abdoul-Karime,A.L., Abdou-Chakour,C., Reynaud,B., Harkins,G.W., Varsani,A., Martin,D.P., Lett,J.M., Lett,J.-M.","CIRAD, UMR PVBMT",France,1,2009,2012-06-20,ssDNA(+/-),A,comoros:grande-comore:gc28ak1:2009,comoros:grande-comore:gc28ak1:2009, || east african cassava mosaic kenya virus || begomovirus manihotiskenyaense || complete || comoros: grande-comore || comoros || manihot esculenta || 2009 || comoros:grande-comore:gc28ak1:2009
JF909104.1,GenBank,set:ff0595a2fc7955f15a7f6de90cb1dde9ec60aba3,,,,East African cassava mosaic Kenya virus,Begomovirus manihotiskenyaense,Begomovirus,Geminiviridae,,Comoros:Grande-Comore:GC29AK1:2009,DNA-A,"East African cassava mosaic Kenya virus isolate Comoros:Grande-Comore:GC29AK1:2009 segment DNA-A, complete sequence",2799,complete,Comoros: Grande-Comore,Comoros,,Manihot esculenta,,"De Bruyn,A., Villemot,J., Lefeuvre,P., Villar,E., Hoareau,M., Harimalala,M., Abdoul-Karime,A.L., Abdou-Chakour,C., Reynaud,B., Harkins,G.W., Varsani,A., Martin,D.P., Lett,J.M., Lett,J.-M.","CIRAD, UMR PVBMT",France,1,2009,2012-06-20,ssDNA(+/-),A,comoros:grande-comore:gc29ak1:2009,comoros:grande-comore:gc29ak1:2009, || east african cassava mosaic kenya virus || begomovirus manihotiskenyaense || complete || comoros: grande-comore || comoros || manihot esculenta || 2009 || comoros:grande-comore:gc29ak1:2009
JF909105.1,GenBank,set:00e03fb3c5dff821bb5b48e36fbd2b5ada12e93b,,,,East African cassava mosaic Kenya virus,Begomovirus manihotiskenyaense,Begomovirus,Geminiviridae,,Comoros:Grande-Comore:GC29BG1:2009,DNA-A,"East African cassava mosaic Kenya virus isolate Comoros:Grande-Comore:GC29BG1:2009 segment DNA-A, complete sequence",2799,complete,Comoros: Grande-Comore,Comoros,,Manihot esculenta,,"De Bruyn,A., Villemot,J., Lefeuvre,P., Villar,E., Hoareau,M., Harimalala,M., Abdoul-Karime,A.L., Abdou-Chakour,C., Reynaud,B., Harkins,G.W., Varsani,A., Martin,D.P., Lett,J.M., Lett,J.-M.","CIRAD, UMR PVBMT",France,1,2009,2012-06-20,ssDNA(+/-),A,comoros:grande-comore:gc29bg1:2009,comoros:grande-comore:gc29bg1:2009, || east african cassava mosaic kenya virus || begomovirus manihotiskenyaense || complete || comoros: grande-comore || comoros || manihot esculenta || 2009 || comoros:grande-comore:gc29bg1:2009
JF909107.1,GenBank,set:a10d5d14a6cdf6ec4fdeb3b8b3a060a70ea18f23,,,,East African cassava mosaic Kenya virus,Begomovirus manihotiskenyaense,Begomovirus,Geminiviridae,,Comoros:Grande-Comore:GC31AB2:2009,DNA-A,"East African cassava mosaic Kenya virus isolate Comoros:Grande-Comore:GC31AB2:2009 segment DNA-A, complete sequence",2799,complete,Comoros: Grande-Comore,Comoros,,Manihot esculenta,,"De Bruyn,A., Villemot,J., Lefeuvre,P., Villar,E., Hoareau,M., Harimalala,M., Abdoul-Karime,A.L., Abdou-Chakour,C., Reynaud,B., Harkins,G.W., Varsani,A., Martin,D.P., Lett,J.M., Lett,J.-M.","CIRAD, UMR PVBMT",France,1,2009,2012-06-20,ssDNA(+/-),A,comoros:grande-comore:gc31ab2:2009,comoros:grande-comore:gc31ab2:2009, || east african cassava mosaic kenya virus || begomovirus manihotiskenyaense || complete || comoros: grande-comore || comoros || manihot esculenta || 2009 || comoros:grande-comore:gc31ab2:2009
JF909108.1,GenBank,set:2bfb468b75c8d0016da301d0c7f652770691fff7,,,,East African cassava mosaic Kenya virus,Begomovirus manihotiskenyaense,Begomovirus,Geminiviridae,,Comoros:Grande-Comore:GC31BL1:2009,DNA-A,"East African cassava mosaic Kenya virus isolate Comoros:Grande-Comore:GC31BL1:2009 segment DNA-A, complete sequence",2799,complete,Comoros: Grande-Comore,Comoros,,Manihot esculenta,,"De Bruyn,A., Villemot,J., Lefeuvre,P., Villar,E., Hoareau,M., Harimalala,M., Abdoul-Karime,A.L., Abdou-Chakour,C., Reynaud,B., Harkins,G.W., Varsani,A., Martin,D.P., Lett,J.M., Lett,J.-M.","CIRAD, UMR PVBMT",France,1,2009,2012-06-20,ssDNA(+/-),A,comoros:grande-comore:gc31bl1:2009,comoros:grande-comore:gc31bl1:2009, || east african cassava mosaic kenya virus || begomovirus manihotiskenyaense || complete || comoros: grande-comore || comoros || manihot esculenta || 2009 || comoros:grande-comore:gc31bl1:2009
JF909109.1,GenBank,set:97099df55ce7fd73481487b0bbc8fd49c9a719b9,,,,East African cassava mosaic Kenya virus,Begomovirus manihotiskenyaense,Begomovirus,Geminiviridae,,Comoros:Grande-Comore:GC31BT1:2009,DNA-A,"East African cassava mosaic Kenya virus isolate Comoros:Grande-Comore:GC31BT1:2009 segment DNA-A, complete sequence",2799,complete,Comoros: Grande-Comore,Comoros,,Manihot esculenta,,"De Bruyn,A., Villemot,J., Lefeuvre,P., Villar,E., Hoareau,M., Harimalala,M., Abdoul-Karime,A.L., Abdou-Chakour,C., Reynaud,B., Harkins,G.W., Varsani,A., Martin,D.P., Lett,J.M., Lett,J.-M.","CIRAD, UMR PVBMT",France,1,2009,2012-06-20,ssDNA(+/-),A,comoros:grande-comore:gc31bt1:2009,comoros:grande-comore:gc31bt1:2009, || east african cassava mosaic kenya virus || begomovirus manihotiskenyaense || complete || comoros: grande-comore || comoros || manihot esculenta || 2009 || comoros:grande-comore:gc31bt1:2009
JF909112.1,GenBank,set:adf29022f5e47e2b7241b1399d71e9213e4768a3,,,,East African cassava mosaic Kenya virus,Begomovirus manihotiskenyaense,Begomovirus,Geminiviridae,,Comoros:Grande-Comore:GC33BD2:2009,DNA-A,"East African cassava mosaic Kenya virus isolate Comoros:Grande-Comore:GC33BD2:2009 segment DNA-A, complete sequence",2798,complete,Comoros: Grande-Comore,Comoros,,Manihot esculenta,,"De Bruyn,A., Villemot,J., Lefeuvre,P., Villar,E., Hoareau,M., Harimalala,M., Abdoul-Karime,A.L., Abdou-Chakour,C., Reynaud,B., Harkins,G.W., Varsani,A., Martin,D.P., Lett,J.M., Lett,J.-M.","CIRAD, UMR PVBMT",France,1,2009,2012-06-20,ssDNA(+/-),A,comoros:grande-comore:gc33bd2:2009,comoros:grande-comore:gc33bd2:2009, || east african cassava mosaic kenya virus || begomovirus manihotiskenyaense || complete || comoros: grande-comore || comoros || manihot esculenta || 2009 || comoros:grande-comore:gc33bd2:2009
JF909113.1,GenBank,set:93cd75a3a72a14bfe33f24dec41154b838ef3eaf,,,,East African cassava mosaic Kenya virus,Begomovirus manihotiskenyaense,Begomovirus,Geminiviridae,,Comoros:Grande-Comore:GC33BN1:2009,DNA-A,"East African cassava mosaic Kenya virus isolate Comoros:Grande-Comore:GC33BN1:2009 segment DNA-A, complete sequence",2799,complete,Comoros: Grande-Comore,Comoros,,Manihot esculenta,,"De Bruyn,A., Villemot,J., Lefeuvre,P., Villar,E., Hoareau,M., Harimalala,M., Abdoul-Karime,A.L., Abdou-Chakour,C., Reynaud,B., Harkins,G.W., Varsani,A., Martin,D.P., Lett,J.M., Lett,J.-M.","CIRAD, UMR PVBMT",France,1,2009,2012-06-20,ssDNA(+/-),A,comoros:grande-comore:gc33bn1:2009,comoros:grande-comore:gc33bn1:2009, || east african cassava mosaic kenya virus || begomovirus manihotiskenyaense || complete || comoros: grande-comore || comoros || manihot esculenta || 2009 || comoros:grande-comore:gc33bn1:2009
JF909114.1,GenBank,set:d46751392eb335a2d01e2c368cd6f8eff711430c,,,,East African cassava mosaic Kenya virus,Begomovirus manihotiskenyaense,Begomovirus,Geminiviridae,,Comoros:Grande-Comore:GC35BC1:2009,DNA-A,"East African cassava mosaic Kenya virus isolate Comoros:Grande-Comore:GC35BC1:2009 segment DNA-A, complete sequence",2800,complete,Comoros: Grande-Comore,Comoros,,Manihot esculenta,,"De Bruyn,A., Villemot,J., Lefeuvre,P., Villar,E., Hoareau,M., Harimalala,M., Abdoul-Karime,A.L., Abdou-Chakour,C., Reynaud,B., Harkins,G.W., Varsani,A., Martin,D.P., Lett,J.M., Lett,J.-M.","CIRAD, UMR PVBMT",France,1,2009,2012-06-20,ssDNA(+/-),A,comoros:grande-comore:gc35bc1:2009,comoros:grande-comore:gc35bc1:2009, || east african cassava mosaic kenya virus || begomovirus manihotiskenyaense || complete || comoros: grande-comore || comoros || manihot esculenta || 2009 || comoros:grande-comore:gc35bc1:2009
JF909116.1,GenBank,set:dac8cf3584c592f1d1eabf8c5c4250e71e93e089,,,,East African cassava mosaic Kenya virus,Begomovirus manihotiskenyaense,Begomovirus,Geminiviridae,,Comoros:Grande-Comore:GC40BR2:2009,DNA-A,"East African cassava mosaic Kenya virus isolate Comoros:Grande-Comore:GC40BR2:2009 segment DNA-A, complete sequence",2798,complete,Comoros: Grande-Comore,Comoros,,Manihot esculenta,,"De Bruyn,A., Villemot,J., Lefeuvre,P., Villar,E., Hoareau,M., Harimalala,M., Abdoul-Karime,A.L., Abdou-Chakour,C., Reynaud,B., Harkins,G.W., Varsani,A., Martin,D.P., Lett,J.M., Lett,J.-M.","CIRAD, UMR PVBMT",France,1,2009,2012-06-20,ssDNA(+/-),A,comoros:grande-comore:gc40br2:2009,comoros:grande-comore:gc40br2:2009, || east african cassava mosaic kenya virus || begomovirus manihotiskenyaense || complete || comoros: grande-comore || comoros || manihot esculenta || 2009 || comoros:grande-comore:gc40br2:2009
JF909122.1,GenBank,set:c4eda50b261e80dd79d08a4b443475bb267ec104,,,,East African cassava mosaic Kenya virus,Begomovirus manihotiskenyaense,Begomovirus,Geminiviridae,,Comoros:Grande-Comore:GC49AI4:2009,DNA-A,"East African cassava mosaic Kenya virus isolate Comoros:Grande-Comore:GC49AI4:2009 segment DNA-A, complete sequence",2798,complete,Comoros: Grande-Comore,Comoros,,Manihot esculenta,,"De Bruyn,A., Villemot,J., Lefeuvre,P., Villar,E., Hoareau,M., Harimalala,M., Abdoul-Karime,A.L., Abdou-Chakour,C., Reynaud,B., Harkins,G.W., Varsani,A., Martin,D.P., Lett,J.M., Lett,J.-M.","CIRAD, UMR PVBMT",France,1,2009,2012-06-20,ssDNA(+/-),A,comoros:grande-comore:gc49ai4:2009,comoros:grande-comore:gc49ai4:2009, || east african cassava mosaic kenya virus || begomovirus manihotiskenyaense || complete || comoros: grande-comore || comoros || manihot esculenta || 2009 || comoros:grande-comore:gc49ai4:2009
JF909123.1,GenBank,set:ef23b1ad76d82a55bce9445ff2af6f1b9ef87797,,,,East African cassava mosaic Kenya virus,Begomovirus manihotiskenyaense,Begomovirus,Geminiviridae,,Comoros:Grande-Comore:GC49BE3:2009,DNA-A,"East African cassava mosaic Kenya virus isolate Comoros:Grande-Comore:GC49BE3:2009 segment DNA-A, complete sequence",2797,complete,Comoros: Grande-Comore,Comoros,,Manihot esculenta,,"De Bruyn,A., Villemot,J., Lefeuvre,P., Villar,E., Hoareau,M., Harimalala,M., Abdoul-Karime,A.L., Abdou-Chakour,C., Reynaud,B., Harkins,G.W., Varsani,A., Martin,D.P., Lett,J.M., Lett,J.-M.","CIRAD, UMR PVBMT",France,1,2009,2012-06-20,ssDNA(+/-),A,comoros:grande-comore:gc49be3:2009,comoros:grande-comore:gc49be3:2009, || east african cassava mosaic kenya virus || begomovirus manihotiskenyaense || complete || comoros: grande-comore || comoros || manihot esculenta || 2009 || comoros:grande-comore:gc49be3:2009
JF909124.1,GenBank,set:d67e7a45f9f5f3e3b169a89803a68910d769634a,,,,East African cassava mosaic Kenya virus,Begomovirus manihotiskenyaense,Begomovirus,Geminiviridae,,Comoros:Grande-Comore:GC49BO2:2009,DNA-A,"East African cassava mosaic Kenya virus isolate Comoros:Grande-Comore:GC49BO2:2009 segment DNA-A, complete sequence",2797,complete,Comoros: Grande-Comore,Comoros,,Manihot esculenta,,"De Bruyn,A., Villemot,J., Lefeuvre,P., Villar,E., Hoareau,M., Harimalala,M., Abdoul-Karime,A.L., Abdou-Chakour,C., Reynaud,B., Harkins,G.W., Varsani,A., Martin,D.P., Lett,J.M., Lett,J.-M.","CIRAD, UMR PVBMT",France,1,2009,2012-06-20,ssDNA(+/-),A,comoros:grande-comore:gc49bo2:2009,comoros:grande-comore:gc49bo2:2009, || east african cassava mosaic kenya virus || begomovirus manihotiskenyaense || complete || comoros: grande-comore || comoros || manihot esculenta || 2009 || comoros:grande-comore:gc49bo2:2009
JF909125.1,GenBank,set:2701ab49786f3ff667d1f00c4f78722c30ac2241,,,,East African cassava mosaic Kenya virus,Begomovirus manihotiskenyaense,Begomovirus,Geminiviridae,,Comoros:Grande-Comore:GC59BH1:2009,DNA-A,"East African cassava mosaic Kenya virus isolate Comoros:Grande-Comore:GC59BH1:2009 segment DNA-A, complete sequence",2798,complete,Comoros: Grande-Comore,Comoros,,Manihot esculenta,,"De Bruyn,A., Villemot,J., Lefeuvre,P., Villar,E., Hoareau,M., Harimalala,M., Abdoul-Karime,A.L., Abdou-Chakour,C., Reynaud,B., Harkins,G.W., Varsani,A., Martin,D.P., Lett,J.M., Lett,J.-M.","CIRAD, UMR PVBMT",France,1,2009,2012-06-20,ssDNA(+/-),A,comoros:grande-comore:gc59bh1:2009,comoros:grande-comore:gc59bh1:2009, || east african cassava mosaic kenya virus || begomovirus manihotiskenyaense || complete || comoros: grande-comore || comoros || manihot esculenta || 2009 || comoros:grande-comore:gc59bh1:2009
JF909126.1,GenBank,set:97977fcc7cde0c885661da3ae9a7c9ca2873d1e7,,,,East African cassava mosaic Kenya virus,Begomovirus manihotiskenyaense,Begomovirus,Geminiviridae,,Comoros:Grande-Comore:GC60BO1:2009,DNA-A,"East African cassava mosaic Kenya virus isolate Comoros:Grande-Comore:GC60BO1:2009 segment DNA-A, complete sequence",2798,complete,Comoros: Grande-Comore,Comoros,,Manihot esculenta,,"De Bruyn,A., Villemot,J., Lefeuvre,P., Villar,E., Hoareau,M., Harimalala,M., Abdoul-Karime,A.L., Abdou-Chakour,C., Reynaud,B., Harkins,G.W., Varsani,A., Martin,D.P., Lett,J.M., Lett,J.-M.","CIRAD, UMR PVBMT",France,1,2009,2012-06-20,ssDNA(+/-),A,comoros:grande-comore:gc60bo1:2009,comoros:grande-comore:gc60bo1:2009, || east african cassava mosaic kenya virus || begomovirus manihotiskenyaense || complete || comoros: grande-comore || comoros || manihot esculenta || 2009 || comoros:grande-comore:gc60bo1:2009
JF909127.1,GenBank,set:b6fb33809851c48cb74f85adad832f4d55b3eb0f,,,,East African cassava mosaic Kenya virus,Begomovirus manihotiskenyaense,Begomovirus,Geminiviridae,,Comoros:Moheli:MO02B00:2005,DNA-A,"East African cassava mosaic Kenya virus isolate Comoros:Moheli:MO02B00:2005 segment DNA-A, complete sequence",2798,complete,Comoros: Moheli,Comoros,,Manihot esculenta,,"De Bruyn,A., Villemot,J., Lefeuvre,P., Villar,E., Hoareau,M., Harimalala,M., Abdoul-Karime,A.L., Abdou-Chakour,C., Reynaud,B., Harkins,G.W., Varsani,A., Martin,D.P., Lett,J.M., Lett,J.-M.","CIRAD, UMR PVBMT",France,1,2005,2012-06-20,ssDNA(+/-),A,comoros:moheli:mo02b00:2005,comoros:moheli:mo02b00:2005, || east african cassava mosaic kenya virus || begomovirus manihotiskenyaense || complete || comoros: moheli || comoros || manihot esculenta || 2005 || comoros:moheli:mo02b00:2005
JF909128.1,GenBank,set:98c21b72460417cd1c183877d82b33107f896438,,,,East African cassava mosaic Kenya virus,Begomovirus manihotiskenyaense,Begomovirus,Geminiviridae,,Comoros:Moheli:MO04AF2:2009,DNA-A,"East African cassava mosaic Kenya virus isolate Comoros:Moheli:MO04AF2:2009 segment DNA-A, complete sequence",2798,complete,Comoros: Moheli,Comoros,,Manihot esculenta,,"De Bruyn,A., Villemot,J., Lefeuvre,P., Villar,E., Hoareau,M., Harimalala,M., Abdoul-Karime,A.L., Abdou-Chakour,C., Reynaud,B., Harkins,G.W., Varsani,A., Martin,D.P., Lett,J.M., Lett,J.-M.","CIRAD, UMR PVBMT",France,1,2009,2012-06-20,ssDNA(+/-),A,comoros:moheli:mo04af2:2009,comoros:moheli:mo04af2:2009, || east african cassava mosaic kenya virus || begomovirus manihotiskenyaense || complete || comoros: moheli || comoros || manihot esculenta || 2009 || comoros:moheli:mo04af2:2009
JF909129.1,GenBank,set:7d738ea8e689f84407fa2530520f42dcde2a1578,,,,East African cassava mosaic Kenya virus,Begomovirus manihotiskenyaense,Begomovirus,Geminiviridae,,Comoros:Moheli:MO05AK2:2009,DNA-A,"East African cassava mosaic Kenya virus isolate Comoros:Moheli:MO05AK2:2009 segment DNA-A, complete sequence",2798,complete,Comoros: Moheli,Comoros,,Manihot esculenta,,"De Bruyn,A., Villemot,J., Lefeuvre,P., Villar,E., Hoareau,M., Harimalala,M., Abdoul-Karime,A.L., Abdou-Chakour,C., Reynaud,B., Harkins,G.W., Varsani,A., Martin,D.P., Lett,J.M., Lett,J.-M.","CIRAD, UMR PVBMT",France,1,2009,2012-06-20,ssDNA(+/-),A,comoros:moheli:mo05ak2:2009,comoros:moheli:mo05ak2:2009, || east african cassava mosaic kenya virus || begomovirus manihotiskenyaense || complete || comoros: moheli || comoros || manihot esculenta || 2009 || comoros:moheli:mo05ak2:2009
JF909130.1,GenBank,set:911083eb3089f9b94e4c5f0e167c77b9bab8ae22,,,,East African cassava mosaic Kenya virus,Begomovirus manihotiskenyaense,Begomovirus,Geminiviridae,,Comoros:Moheli:MO05BD3:2009,DNA-A,"East African cassava mosaic Kenya virus isolate Comoros:Moheli:MO05BD3:2009 segment DNA-A, complete sequence",2798,complete,Comoros: Moheli,Comoros,,Manihot esculenta,,"De Bruyn,A., Villemot,J., Lefeuvre,P., Villar,E., Hoareau,M., Harimalala,M., Abdoul-Karime,A.L., Abdou-Chakour,C., Reynaud,B., Harkins,G.W., Varsani,A., Martin,D.P., Lett,J.M., Lett,J.-M.","CIRAD, UMR PVBMT",France,1,2009,2012-06-20,ssDNA(+/-),A,comoros:moheli:mo05bd3:2009,comoros:moheli:mo05bd3:2009, || east african cassava mosaic kenya virus || begomovirus manihotiskenyaense || complete || comoros: moheli || comoros || manihot esculenta || 2009 || comoros:moheli:mo05bd3:2009
JF909132.1,GenBank,set:8aab9b0ba077db7daf73fa532ce0a2840177a986,,,,East African cassava mosaic Kenya virus,Begomovirus manihotiskenyaense,Begomovirus,Geminiviridae,,Comoros:Moheli:MO09BI3:2009,DNA-A,"East African cassava mosaic Kenya virus isolate Comoros:Moheli:MO09BI3:2009 segment DNA-A, complete sequence",2799,complete,Comoros: Moheli,Comoros,,Manihot esculenta,,"De Bruyn,A., Villemot,J., Lefeuvre,P., Villar,E., Hoareau,M., Harimalala,M., Abdoul-Karime,A.L., Abdou-Chakour,C., Reynaud,B., Harkins,G.W., Varsani,A., Martin,D.P., Lett,J.M., Lett,J.-M.","CIRAD, UMR PVBMT",France,1,2009,2012-06-20,ssDNA(+/-),A,comoros:moheli:mo09bi3:2009,comoros:moheli:mo09bi3:2009, || east african cassava mosaic kenya virus || begomovirus manihotiskenyaense || complete || comoros: moheli || comoros || manihot esculenta || 2009 || comoros:moheli:mo09bi3:2009
JF909134.1,GenBank,set:995f6cbbc573840547006963b32872e9e66ee042,,,,East African cassava mosaic Kenya virus,Begomovirus manihotiskenyaense,Begomovirus,Geminiviridae,,Comoros:Moheli:MO11BP3:2009,DNA-A,"East African cassava mosaic Kenya virus isolate Comoros:Moheli:MO11BP3:2009 segment DNA-A, complete sequence",2798,complete,Comoros: Moheli,Comoros,,Manihot esculenta,,"De Bruyn,A., Villemot,J., Lefeuvre,P., Villar,E., Hoareau,M., Harimalala,M., Abdoul-Karime,A.L., Abdou-Chakour,C., Reynaud,B., Harkins,G.W., Varsani,A., Martin,D.P., Lett,J.M., Lett,J.-M.","CIRAD, UMR PVBMT",France,1,2009,2012-06-20,ssDNA(+/-),A,comoros:moheli:mo11bp3:2009,comoros:moheli:mo11bp3:2009, || east african cassava mosaic kenya virus || begomovirus manihotiskenyaense || complete || comoros: moheli || comoros || manihot esculenta || 2009 || comoros:moheli:mo11bp3:2009
JF909135.1,GenBank,set:6b6927e9e47489a7d7f87722eae3f96db0cad52c,,,,East African cassava mosaic Kenya virus,Begomovirus manihotiskenyaense,Begomovirus,Geminiviridae,,Comoros:Moheli:MO12BS3:2009,DNA-A,"East African cassava mosaic Kenya virus isolate Comoros:Moheli:MO12BS3:2009 segment DNA-A, complete sequence",2798,complete,Comoros: Moheli,Comoros,,Manihot esculenta,,"De Bruyn,A., Villemot,J., Lefeuvre,P., Villar,E., Hoareau,M., Harimalala,M., Abdoul-Karime,A.L., Abdou-Chakour,C., Reynaud,B., Harkins,G.W., Varsani,A., Martin,D.P., Lett,J.M., Lett,J.-M.","CIRAD, UMR PVBMT",France,1,2009,2012-06-20,ssDNA(+/-),A,comoros:moheli:mo12bs3:2009,comoros:moheli:mo12bs3:2009, || east african cassava mosaic kenya virus || begomovirus manihotiskenyaense || complete || comoros: moheli || comoros || manihot esculenta || 2009 || comoros:moheli:mo12bs3:2009
JF909136.1,GenBank,set:524e45c80966ac473c5895174c7a9f7f35da71dd,,,,East African cassava mosaic Kenya virus,Begomovirus manihotiskenyaense,Begomovirus,Geminiviridae,,Comoros:Moheli:MO13AA3:2009,DNA-A,"East African cassava mosaic Kenya virus isolate Comoros:Moheli:MO13AA3:2009 segment DNA-A, complete sequence",2798,complete,Comoros: Moheli,Comoros,,Manihot esculenta,,"De Bruyn,A., Villemot,J., Lefeuvre,P., Villar,E., Hoareau,M., Harimalala,M., Abdoul-Karime,A.L., Abdou-Chakour,C., Reynaud,B., Harkins,G.W., Varsani,A., Martin,D.P., Lett,J.M., Lett,J.-M.","CIRAD, UMR PVBMT",France,1,2009,2012-06-20,ssDNA(+/-),A,comoros:moheli:mo13aa3:2009,comoros:moheli:mo13aa3:2009, || east african cassava mosaic kenya virus || begomovirus manihotiskenyaense || complete || comoros: moheli || comoros || manihot esculenta || 2009 || comoros:moheli:mo13aa3:2009
JF909137.1,GenBank,set:c3470ed7dc85ad5df220520636ac542a52a9f2a6,,,,East African cassava mosaic Kenya virus,Begomovirus manihotiskenyaense,Begomovirus,Geminiviridae,,Comoros:Moheli:MO13AY2:2009,DNA-A,"East African cassava mosaic Kenya virus isolate Comoros:Moheli:MO13AY2:2009 segment DNA-A, complete sequence",2798,complete,Comoros: Moheli,Comoros,,Manihot esculenta,,"De Bruyn,A., Villemot,J., Lefeuvre,P., Villar,E., Hoareau,M., Harimalala,M., Abdoul-Karime,A.L., Abdou-Chakour,C., Reynaud,B., Harkins,G.W., Varsani,A., Martin,D.P., Lett,J.M., Lett,J.-M.","CIRAD, UMR PVBMT",France,1,2009,2012-06-20,ssDNA(+/-),A,comoros:moheli:mo13ay2:2009,comoros:moheli:mo13ay2:2009, || east african cassava mosaic kenya virus || begomovirus manihotiskenyaense || complete || comoros: moheli || comoros || manihot esculenta || 2009 || comoros:moheli:mo13ay2:2009
JF909138.1,GenBank,set:17f5c6ad74504a833a4cbd566e86da4e0c90f32b,,,,East African cassava mosaic Kenya virus,Begomovirus manihotiskenyaense,Begomovirus,Geminiviridae,,Comoros:Moheli:MO13BW3:2009,DNA-A,"East African cassava mosaic Kenya virus isolate Comoros:Moheli:MO13BW3:2009 segment DNA-A, complete sequence",2798,complete,Comoros: Moheli,Comoros,,Manihot esculenta,,"De Bruyn,A., Villemot,J., Lefeuvre,P., Villar,E., Hoareau,M., Harimalala,M., Abdoul-Karime,A.L., Abdou-Chakour,C., Reynaud,B., Harkins,G.W., Varsani,A., Martin,D.P., Lett,J.M., Lett,J.-M.","CIRAD, UMR PVBMT",France,1,2009,2012-06-20,ssDNA(+/-),A,comoros:moheli:mo13bw3:2009,comoros:moheli:mo13bw3:2009, || east african cassava mosaic kenya virus || begomovirus manihotiskenyaense || complete || comoros: moheli || comoros || manihot esculenta || 2009 || comoros:moheli:mo13bw3:2009
JF909140.1,GenBank,set:37fd754dcd2fde651c35beac53dcd02119eefc7d,,,,East African cassava mosaic Kenya virus,Begomovirus manihotiskenyaense,Begomovirus,Geminiviridae,,Comoros:Moheli:MO16AI2:2009,DNA-A,"East African cassava mosaic Kenya virus isolate Comoros:Moheli:MO16AI2:2009 segment DNA-A, complete sequence",2796,complete,Comoros: Moheli,Comoros,,Manihot esculenta,,"De Bruyn,A., Villemot,J., Lefeuvre,P., Villar,E., Hoareau,M., Harimalala,M., Abdoul-Karime,A.L., Abdou-Chakour,C., Reynaud,B., Harkins,G.W., Varsani,A., Martin,D.P., Lett,J.M., Lett,J.-M.","CIRAD, UMR PVBMT",France,1,2009,2012-06-20,ssDNA(+/-),A,comoros:moheli:mo16ai2:2009,comoros:moheli:mo16ai2:2009, || east african cassava mosaic kenya virus || begomovirus manihotiskenyaense || complete || comoros: moheli || comoros || manihot esculenta || 2009 || comoros:moheli:mo16ai2:2009
JF909141.1,GenBank,set:06e5594fdd91a3bc00a72b0fc0153cf8d62b0b5f,,,,East African cassava mosaic Kenya virus,Begomovirus manihotiskenyaense,Begomovirus,Geminiviridae,,Comoros:Moheli:MO16BF1:2009,DNA-A,"East African cassava mosaic Kenya virus isolate Comoros:Moheli:MO16BF1:2009 segment DNA-A, complete sequence",2796,complete,Comoros: Moheli,Comoros,,Manihot esculenta,,"De Bruyn,A., Villemot,J., Lefeuvre,P., Villar,E., Hoareau,M., Harimalala,M., Abdoul-Karime,A.L., Abdou-Chakour,C., Reynaud,B., Harkins,G.W., Varsani,A., Martin,D.P., Lett,J.M., Lett,J.-M.","CIRAD, UMR PVBMT",France,1,2009,2012-06-20,ssDNA(+/-),A,comoros:moheli:mo16bf1:2009,comoros:moheli:mo16bf1:2009, || east african cassava mosaic kenya virus || begomovirus manihotiskenyaense || complete || comoros: moheli || comoros || manihot esculenta || 2009 || comoros:moheli:mo16bf1:2009
JF909142.1,GenBank,set:882c3279dc90bab0abbc4ae826c72ae4d82be094,,,,East African cassava mosaic Kenya virus,Begomovirus manihotiskenyaense,Begomovirus,Geminiviridae,,Comoros:Moheli:MO17AL2:2009,DNA-A,"East African cassava mosaic Kenya virus isolate Comoros:Moheli:MO17AL2:2009 segment DNA-A, complete sequence",2797,complete,Comoros: Moheli,Comoros,,Manihot esculenta,,"De Bruyn,A., Villemot,J., Lefeuvre,P., Villar,E., Hoareau,M., Harimalala,M., Abdoul-Karime,A.L., Abdou-Chakour,C., Reynaud,B., Harkins,G.W., Varsani,A., Martin,D.P., Lett,J.M., Lett,J.-M.","CIRAD, UMR PVBMT",France,1,2009,2012-06-20,ssDNA(+/-),A,comoros:moheli:mo17al2:2009,comoros:moheli:mo17al2:2009, || east african cassava mosaic kenya virus || begomovirus manihotiskenyaense || complete || comoros: moheli || comoros || manihot esculenta || 2009 || comoros:moheli:mo17al2:2009
JF909143.1,GenBank,set:fdd74b3c5f1da8f1807af3e3e144c78e9bc69a80,,,,East African cassava mosaic Kenya virus,Begomovirus manihotiskenyaense,Begomovirus,Geminiviridae,,Comoros:Moheli:MO17BI1:2009,DNA-A,"East African cassava mosaic Kenya virus isolate Comoros:Moheli:MO17BI1:2009 segment DNA-A, complete sequence",2797,complete,Comoros: Moheli,Comoros,,Manihot esculenta,,"De Bruyn,A., Villemot,J., Lefeuvre,P., Villar,E., Hoareau,M., Harimalala,M., Abdoul-Karime,A.L., Abdou-Chakour,C., Reynaud,B., Harkins,G.W., Varsani,A., Martin,D.P., Lett,J.M., Lett,J.-M.","CIRAD, UMR PVBMT",France,1,2009,2012-06-20,ssDNA(+/-),A,comoros:moheli:mo17bi1:2009,comoros:moheli:mo17bi1:2009, || east african cassava mosaic kenya virus || begomovirus manihotiskenyaense || complete || comoros: moheli || comoros || manihot esculenta || 2009 || comoros:moheli:mo17bi1:2009
JF909144.1,GenBank,set:3dfead97dbe614a061f15ce2f9e554bec97b8db4,,,,East African cassava mosaic Kenya virus,Begomovirus manihotiskenyaense,Begomovirus,Geminiviridae,,Comoros:Moheli:MO18AP2:2009,DNA-A,"East African cassava mosaic Kenya virus isolate Comoros:Moheli:MO18AP2:2009 segment DNA-A, complete sequence",2797,complete,Comoros: Moheli,Comoros,,Manihot esculenta,,"De Bruyn,A., Villemot,J., Lefeuvre,P., Villar,E., Hoareau,M., Harimalala,M., Abdoul-Karime,A.L., Abdou-Chakour,C., Reynaud,B., Harkins,G.W., Varsani,A., Martin,D.P., Lett,J.M., Lett,J.-M.","CIRAD, UMR PVBMT",France,1,2009,2012-06-20,ssDNA(+/-),A,comoros:moheli:mo18ap2:2009,comoros:moheli:mo18ap2:2009, || east african cassava mosaic kenya virus || begomovirus manihotiskenyaense || complete || comoros: moheli || comoros || manihot esculenta || 2009 || comoros:moheli:mo18ap2:2009
JF909145.1,GenBank,set:bdb43b4d45c8a6fbfad7620ce8c12212dea241a4,,,,East African cassava mosaic Kenya virus,Begomovirus manihotiskenyaense,Begomovirus,Geminiviridae,,Comoros:Moheli:MO18BN1:2009,DNA-A,"East African cassava mosaic Kenya virus isolate Comoros:Moheli:MO18BN1:2009 segment DNA-A, complete sequence",2797,complete,Comoros: Moheli,Comoros,,Manihot esculenta,,"De Bruyn,A., Villemot,J., Lefeuvre,P., Villar,E., Hoareau,M., Harimalala,M., Abdoul-Karime,A.L., Abdou-Chakour,C., Reynaud,B., Harkins,G.W., Varsani,A., Martin,D.P., Lett,J.M., Lett,J.-M.","CIRAD, UMR PVBMT",France,1,2009,2012-06-20,ssDNA(+/-),A,comoros:moheli:mo18bn1:2009,comoros:moheli:mo18bn1:2009, || east african cassava mosaic kenya virus || begomovirus manihotiskenyaense || complete || comoros: moheli || comoros || manihot esculenta || 2009 || comoros:moheli:mo18bn1:2009
JF909146.1,GenBank,set:9b9e6040979506359892a5c014f2d453197eb17d,,,,East African cassava mosaic Kenya virus,Begomovirus manihotiskenyaense,Begomovirus,Geminiviridae,,Comoros:Moheli:MO20AZ2:2009,DNA-A,"East African cassava mosaic Kenya virus isolate Comoros:Moheli:MO20AZ2:2009 segment DNA-A, complete sequence",2798,complete,Comoros: Moheli,Comoros,,Manihot esculenta,,"De Bruyn,A., Villemot,J., Lefeuvre,P., Villar,E., Hoareau,M., Harimalala,M., Abdoul-Karime,A.L., Abdou-Chakour,C., Reynaud,B., Harkins,G.W., Varsani,A., Martin,D.P., Lett,J.M., Lett,J.-M.","CIRAD, UMR PVBMT",France,1,2009,2012-06-20,ssDNA(+/-),A,comoros:moheli:mo20az2:2009,comoros:moheli:mo20az2:2009, || east african cassava mosaic kenya virus || begomovirus manihotiskenyaense || complete || comoros: moheli || comoros || manihot esculenta || 2009 || comoros:moheli:mo20az2:2009
JF909147.1,GenBank,set:db87ce6a3b82a494b1e3b4a438313d70a222113d,,,,East African cassava mosaic Kenya virus,Begomovirus manihotiskenyaense,Begomovirus,Geminiviridae,,Comoros:Moheli:MO20BS1:2009,DNA-A,"East African cassava mosaic Kenya virus isolate Comoros:Moheli:MO20BS1:2009 segment DNA-A, complete sequence",2798,complete,Comoros: Moheli,Comoros,,Manihot esculenta,,"De Bruyn,A., Villemot,J., Lefeuvre,P., Villar,E., Hoareau,M., Harimalala,M., Abdoul-Karime,A.L., Abdou-Chakour,C., Reynaud,B., Harkins,G.W., Varsani,A., Martin,D.P., Lett,J.M., Lett,J.-M.","CIRAD, UMR PVBMT",France,1,2009,2012-06-20,ssDNA(+/-),A,comoros:moheli:mo20bs1:2009,comoros:moheli:mo20bs1:2009, || east african cassava mosaic kenya virus || begomovirus manihotiskenyaense || complete || comoros: moheli || comoros || manihot esculenta || 2009 || comoros:moheli:mo20bs1:2009
JF909148.1,GenBank,set:dfdb0a913510a18d898bf2ee547252f1559fe5a8,,,,East African cassava mosaic Kenya virus,Begomovirus manihotiskenyaense,Begomovirus,Geminiviridae,,Comoros:Moheli:MO21AH3:2009,DNA-A,"East African cassava mosaic Kenya virus isolate Comoros:Moheli:MO21AH3:2009 segment DNA-A, complete sequence",2798,complete,Comoros: Moheli,Comoros,,Manihot esculenta,,"De Bruyn,A., Villemot,J., Lefeuvre,P., Villar,E., Hoareau,M., Harimalala,M., Abdoul-Karime,A.L., Abdou-Chakour,C., Reynaud,B., Harkins,G.W., Varsani,A., Martin,D.P., Lett,J.M., Lett,J.-M.","CIRAD, UMR PVBMT",France,1,2009,2012-06-20,ssDNA(+/-),A,comoros:moheli:mo21ah3:2009,comoros:moheli:mo21ah3:2009, || east african cassava mosaic kenya virus || begomovirus manihotiskenyaense || complete || comoros: moheli || comoros || manihot esculenta || 2009 || comoros:moheli:mo21ah3:2009
JF909172.1,GenBank,set:d7b1973f74df1572f0ff2714ab10b7b4a14f3ffc,,,,East African cassava mosaic Kenya virus,Begomovirus manihotiskenyaense,Begomovirus,Geminiviridae,,Comoros:Mayotte:YT14B79:2005,DNA-A,"East African cassava mosaic Kenya virus isolate Comoros:Mayotte:YT14B79:2005 segment DNA-A, complete sequence",2797,complete,Mayotte,Mayotte,,Manihot esculenta,,"De Bruyn,A., Villemot,J., Lefeuvre,P., Villar,E., Hoareau,M., Harimalala,M., Abdoul-Karime,A.L., Abdou-Chakour,C., Reynaud,B., Harkins,G.W., Varsani,A., Martin,D.P., Lett,J.M., Lett,J.-M.","CIRAD, UMR PVBMT",France,1,2005,2012-06-20,ssDNA(+/-),A,comoros:mayotte:yt14b79:2005,comoros:mayotte:yt14b79:2005, || east african cassava mosaic kenya virus || begomovirus manihotiskenyaense || complete || mayotte || mayotte || manihot esculenta || 2005 || comoros:mayotte:yt14b79:2005
JF909186.1,GenBank,set:8166a954dbfa33da0807ddf1a2e6863f3e3f8914,,,,East African cassava mosaic Kenya virus,Begomovirus manihotiskenyaense,Begomovirus,Geminiviridae,,Comoros:Mayotte:YT45B12:2008,DNA-A,"East African cassava mosaic Kenya virus isolate Comoros:Mayotte:YT45B12:2008 segment DNA-A, complete sequence",2798,complete,Mayotte,Mayotte,,Manihot esculenta,,"De Bruyn,A., Villemot,J., Lefeuvre,P., Villar,E., Hoareau,M., Harimalala,M., Abdoul-Karime,A.L., Abdou-Chakour,C., Reynaud,B., Harkins,G.W., Varsani,A., Martin,D.P., Lett,J.M., Lett,J.-M.","CIRAD, UMR PVBMT",France,1,2008,2012-06-20,ssDNA(+/-),A,comoros:mayotte:yt45b12:2008,comoros:mayotte:yt45b12:2008, || east african cassava mosaic kenya virus || begomovirus manihotiskenyaense || complete || mayotte || mayotte || manihot esculenta || 2008 || comoros:mayotte:yt45b12:2008
JF909187.1,GenBank,set:09a6b805a337d8af403dd7ad951577416950a879,,,,East African cassava mosaic Kenya virus,Begomovirus manihotiskenyaense,Begomovirus,Geminiviridae,,Comoros:Mayotte:YT48B08:2008,DNA-A,"East African cassava mosaic Kenya virus isolate Comoros:Mayotte:YT48B08:2008 segment DNA-A, complete sequence",2798,complete,Mayotte,Mayotte,,Manihot esculenta,,"De Bruyn,A., Villemot,J., Lefeuvre,P., Villar,E., Hoareau,M., Harimalala,M., Abdoul-Karime,A.L., Abdou-Chakour,C., Reynaud,B., Harkins,G.W., Varsani,A., Martin,D.P., Lett,J.M., Lett,J.-M.","CIRAD, UMR PVBMT",France,1,2008,2012-06-20,ssDNA(+/-),A,comoros:mayotte:yt48b08:2008,comoros:mayotte:yt48b08:2008, || east african cassava mosaic kenya virus || begomovirus manihotiskenyaense || complete || mayotte || mayotte || manihot esculenta || 2008 || comoros:mayotte:yt48b08:2008
JF909197.1,GenBank,set:baa1860977a56cdadfec663ea647bfca201c235f,,,,East African cassava mosaic Kenya virus,Begomovirus manihotiskenyaense,Begomovirus,Geminiviridae,,Comoros:Mayotte:YT64B02:2008,DNA-A,"East African cassava mosaic Kenya virus isolate Comoros:Mayotte:YT64B02:2008 segment DNA-A, complete sequence",2798,complete,Mayotte,Mayotte,,Manihot esculenta,,"De Bruyn,A., Villemot,J., Lefeuvre,P., Villar,E., Hoareau,M., Harimalala,M., Abdoul-Karime,A.L., Abdou-Chakour,C., Reynaud,B., Harkins,G.W., Varsani,A., Martin,D.P., Lett,J.M., Lett,J.-M.","CIRAD, UMR PVBMT",France,1,2008,2012-06-20,ssDNA(+/-),A,comoros:mayotte:yt64b02:2008,comoros:mayotte:yt64b02:2008, || east african cassava mosaic kenya virus || begomovirus manihotiskenyaense || complete || mayotte || mayotte || manihot esculenta || 2008 || comoros:mayotte:yt64b02:2008
JF909199.1,GenBank,set:0b2ffb63aa957a88069d070fc23116706b3dfbb2,,,,East African cassava mosaic Kenya virus,Begomovirus manihotiskenyaense,Begomovirus,Geminiviridae,,Comoros:Mayotte:YT69B17:2008,DNA-A,"East African cassava mosaic Kenya virus isolate Comoros:Mayotte:YT69B17:2008 segment DNA-A, complete sequence",2798,complete,Mayotte,Mayotte,,Manihot esculenta,,"De Bruyn,A., Villemot,J., Lefeuvre,P., Villar,E., Hoareau,M., Harimalala,M., Abdoul-Karime,A.L., Abdou-Chakour,C., Reynaud,B., Harkins,G.W., Varsani,A., Martin,D.P., Lett,J.M., Lett,J.-M.","CIRAD, UMR PVBMT",France,1,2008,2012-06-20,ssDNA(+/-),A,comoros:mayotte:yt69b17:2008,comoros:mayotte:yt69b17:2008, || east african cassava mosaic kenya virus || begomovirus manihotiskenyaense || complete || mayotte || mayotte || manihot esculenta || 2008 || comoros:mayotte:yt69b17:2008
JF909200.1,GenBank,set:bc2f7e5dde920fe66eba216b704b279c6cd3a0d1,,,,East African cassava mosaic Kenya virus,Begomovirus manihotiskenyaense,Begomovirus,Geminiviridae,,Comoros:Anjouan:AJ03AN3:2004,DNA-B,"East African cassava mosaic Kenya virus isolate Comoros:Anjouan:AJ03AN3:2004 segment DNA-B, complete sequence",2764,complete,Comoros: Anjouan,Comoros,,Manihot esculenta,,"De Bruyn,A., Villemot,J., Lefeuvre,P., Villar,E., Hoareau,M., Harimalala,M., Abdoul-Karime,A.L., Abdou-Chakour,C., Reynaud,B., Harkins,G.W., Varsani,A., Martin,D.P., Lett,J.M., Lett,J.-M.","CIRAD, UMR PVBMT",France,1,2004,2012-06-20,ssDNA(+/-),B,comoros:anjouan:aj03an3:2004,comoros:anjouan:aj03an3:2004, || east african cassava mosaic kenya virus || begomovirus manihotiskenyaense || complete || comoros: anjouan || comoros || manihot esculenta || 2004 || comoros:anjouan:aj03an3:2004
JF909201.1,GenBank,set:20eadf75d740ffb46385120b891a094f912a0d4b,,,,East African cassava mosaic Kenya virus,Begomovirus manihotiskenyaense,Begomovirus,Geminiviridae,,Comoros:Anjouan:AJ04AS3:2004,DNA-B,"East African cassava mosaic Kenya virus isolate Comoros:Anjouan:AJ04AS3:2004 segment DNA-B, complete sequence",2764,complete,Comoros: Anjouan,Comoros,,Manihot esculenta,,"De Bruyn,A., Villemot,J., Lefeuvre,P., Villar,E., Hoareau,M., Harimalala,M., Abdoul-Karime,A.L., Abdou-Chakour,C., Reynaud,B., Harkins,G.W., Varsani,A., Martin,D.P., Lett,J.M., Lett,J.-M.","CIRAD, UMR PVBMT",France,1,2004,2012-06-20,ssDNA(+/-),B,comoros:anjouan:aj04as3:2004,comoros:anjouan:aj04as3:2004, || east african cassava mosaic kenya virus || begomovirus manihotiskenyaense || complete || comoros: anjouan || comoros || manihot esculenta || 2004 || comoros:anjouan:aj04as3:2004
JF909202.1,GenBank,set:59bbf70e3fb50f99c708e1c1207dc9c29d35ffd5,,,,East African cassava mosaic Kenya virus,Begomovirus manihotiskenyaense,Begomovirus,Geminiviridae,,Comoros:Anjouan:AJ10AK1:2005,DNA-B,"East African cassava mosaic Kenya virus isolate Comoros:Anjouan:AJ10AK1:2005 segment DNA-B, complete sequence",2767,complete,Comoros: Anjouan,Comoros,,Manihot esculenta,,"De Bruyn,A., Villemot,J., Lefeuvre,P., Villar,E., Hoareau,M., Harimalala,M., Abdoul-Karime,A.L., Abdou-Chakour,C., Reynaud,B., Harkins,G.W., Varsani,A., Martin,D.P., Lett,J.M., Lett,J.-M.","CIRAD, UMR PVBMT",France,1,2005,2012-06-20,ssDNA(+/-),B,comoros:anjouan:aj10ak1:2005,comoros:anjouan:aj10ak1:2005, || east african cassava mosaic kenya virus || begomovirus manihotiskenyaense || complete || comoros: anjouan || comoros || manihot esculenta || 2005 || comoros:anjouan:aj10ak1:2005
JF909203.1,GenBank,set:5d823b8d35d78a4e33afa244b808fe34e13590d3,,,,East African cassava mosaic Kenya virus,Begomovirus manihotiskenyaense,Begomovirus,Geminiviridae,,Comoros:Anjouan:AJ15AK2:2009,DNA-B,"East African cassava mosaic Kenya virus isolate Comoros:Anjouan:AJ15AK2:2009 segment DNA-B, complete sequence",2766,complete,Comoros: Anjouan,Comoros,,Manihot esculenta,,"De Bruyn,A., Villemot,J., Lefeuvre,P., Villar,E., Hoareau,M., Harimalala,M., Abdoul-Karime,A.L., Abdou-Chakour,C., Reynaud,B., Harkins,G.W., Varsani,A., Martin,D.P., Lett,J.M., Lett,J.-M.","CIRAD, UMR PVBMT",France,1,2009,2012-06-20,ssDNA(+/-),B,comoros:anjouan:aj15ak2:2009,comoros:anjouan:aj15ak2:2009, || east african cassava mosaic kenya virus || begomovirus manihotiskenyaense || complete || comoros: anjouan || comoros || manihot esculenta || 2009 || comoros:anjouan:aj15ak2:2009
JF909204.1,GenBank,set:a8b2586c34fe346068ba9ba7c6a1e77afd87709c,,,,East African cassava mosaic Kenya virus,Begomovirus manihotiskenyaense,Begomovirus,Geminiviridae,,Comoros:Anjouan:AJ19AQ1:2009,DNA-B,"East African cassava mosaic Kenya virus isolate Comoros:Anjouan:AJ19AQ1:2009 segment DNA-B, complete sequence",2761,complete,Comoros: Anjouan,Comoros,,Manihot esculenta,,"De Bruyn,A., Villemot,J., Lefeuvre,P., Villar,E., Hoareau,M., Harimalala,M., Abdoul-Karime,A.L., Abdou-Chakour,C., Reynaud,B., Harkins,G.W., Varsani,A., Martin,D.P., Lett,J.M., Lett,J.-M.","CIRAD, UMR PVBMT",France,1,2009,2012-06-20,ssDNA(+/-),B,comoros:anjouan:aj19aq1:2009,comoros:anjouan:aj19aq1:2009, || east african cassava mosaic kenya virus || begomovirus manihotiskenyaense || complete || comoros: anjouan || comoros || manihot esculenta || 2009 || comoros:anjouan:aj19aq1:2009
JF909205.1,GenBank,set:ed0fd555cab5b3618e3a9a2284189f73fc3589a4,,,,East African cassava mosaic Kenya virus,Begomovirus manihotiskenyaense,Begomovirus,Geminiviridae,,Comoros:Anjouan:AJ20AF3:2009,DNA-B,"East African cassava mosaic Kenya virus isolate Comoros:Anjouan:AJ20AF3:2009 segment DNA-B, complete sequence",2764,complete,Comoros: Anjouan,Comoros,,Manihot esculenta,,"De Bruyn,A., Villemot,J., Lefeuvre,P., Villar,E., Hoareau,M., Harimalala,M., Abdoul-Karime,A.L., Abdou-Chakour,C., Reynaud,B., Harkins,G.W., Varsani,A., Martin,D.P., Lett,J.M., Lett,J.-M.","CIRAD, UMR PVBMT",France,1,2009,2012-06-20,ssDNA(+/-),B,comoros:anjouan:aj20af3:2009,comoros:anjouan:aj20af3:2009, || east african cassava mosaic kenya virus || begomovirus manihotiskenyaense || complete || comoros: anjouan || comoros || manihot esculenta || 2009 || comoros:anjouan:aj20af3:2009
JF909206.1,GenBank,set:56887d09b7428f302d998ff5b4c8cbd2cfbe0df5,,,,East African cassava mosaic Kenya virus,Begomovirus manihotiskenyaense,Begomovirus,Geminiviridae,,Comoros:Anjouan:AJ21AI3:2009,DNA-B,"East African cassava mosaic Kenya virus isolate Comoros:Anjouan:AJ21AI3:2009 segment DNA-B, complete sequence",2765,complete,Comoros: Anjouan,Comoros,,Manihot esculenta,,"De Bruyn,A., Villemot,J., Lefeuvre,P., Villar,E., Hoareau,M., Harimalala,M., Abdoul-Karime,A.L., Abdou-Chakour,C., Reynaud,B., Harkins,G.W., Varsani,A., Martin,D.P., Lett,J.M., Lett,J.-M.","CIRAD, UMR PVBMT",France,1,2009,2012-06-20,ssDNA(+/-),B,comoros:anjouan:aj21ai3:2009,comoros:anjouan:aj21ai3:2009, || east african cassava mosaic kenya virus || begomovirus manihotiskenyaense || complete || comoros: anjouan || comoros || manihot esculenta || 2009 || comoros:anjouan:aj21ai3:2009
JF909207.1,GenBank,set:4ec12f3c1d1d4e2d8d253b24803e7adc713dcb8b,,,,East African cassava mosaic Kenya virus,Begomovirus manihotiskenyaense,Begomovirus,Geminiviridae,,Comoros:Anjouan:AJ23AS3:2009,DNA-B,"East African cassava mosaic Kenya virus isolate Comoros:Anjouan:AJ23AS3:2009 segment DNA-B, complete sequence",2768,complete,Comoros: Anjouan,Comoros,,Manihot esculenta,,"De Bruyn,A., Villemot,J., Lefeuvre,P., Villar,E., Hoareau,M., Harimalala,M., Abdoul-Karime,A.L., Abdou-Chakour,C., Reynaud,B., Harkins,G.W., Varsani,A., Martin,D.P., Lett,J.M., Lett,J.-M.","CIRAD, UMR PVBMT",France,1,2009,2012-06-20,ssDNA(+/-),B,comoros:anjouan:aj23as3:2009,comoros:anjouan:aj23as3:2009, || east african cassava mosaic kenya virus || begomovirus manihotiskenyaense || complete || comoros: anjouan || comoros || manihot esculenta || 2009 || comoros:anjouan:aj23as3:2009
JF909208.1,GenBank,set:309309776250204a54ed4651ea67a5f5ad49cd37,,,,East African cassava mosaic Kenya virus,Begomovirus manihotiskenyaense,Begomovirus,Geminiviridae,,Comoros:Anjouan:AJ23BE1:2009,DNA-B,"East African cassava mosaic Kenya virus isolate Comoros:Anjouan:AJ23BE1:2009 segment DNA-B, complete sequence",2768,complete,Comoros: Anjouan,Comoros,,Manihot esculenta,,"De Bruyn,A., Villemot,J., Lefeuvre,P., Villar,E., Hoareau,M., Harimalala,M., Abdoul-Karime,A.L., Abdou-Chakour,C., Reynaud,B., Harkins,G.W., Varsani,A., Martin,D.P., Lett,J.M., Lett,J.-M.","CIRAD, UMR PVBMT",France,1,2009,2012-06-20,ssDNA(+/-),B,comoros:anjouan:aj23be1:2009,comoros:anjouan:aj23be1:2009, || east african cassava mosaic kenya virus || begomovirus manihotiskenyaense || complete || comoros: anjouan || comoros || manihot esculenta || 2009 || comoros:anjouan:aj23be1:2009
JF909209.1,GenBank,set:1bb7384606cfa1a8849f43ee5fd3065fe70fc960,,,,East African cassava mosaic Kenya virus,Begomovirus manihotiskenyaense,Begomovirus,Geminiviridae,,Comoros:Anjouan:AJ24AY3:2009,DNA-B,"East African cassava mosaic Kenya virus isolate Comoros:Anjouan:AJ24AY3:2009 segment DNA-B, complete sequence",2765,complete,Comoros: Anjouan,Comoros,,Manihot esculenta,,"De Bruyn,A., Villemot,J., Lefeuvre,P., Villar,E., Hoareau,M., Harimalala,M., Abdoul-Karime,A.L., Abdou-Chakour,C., Reynaud,B., Harkins,G.W., Varsani,A., Martin,D.P., Lett,J.M., Lett,J.-M.","CIRAD, UMR PVBMT",France,1,2009,2012-06-20,ssDNA(+/-),B,comoros:anjouan:aj24ay3:2009,comoros:anjouan:aj24ay3:2009, || east african cassava mosaic kenya virus || begomovirus manihotiskenyaense || complete || comoros: anjouan || comoros || manihot esculenta || 2009 || comoros:anjouan:aj24ay3:2009
JF909210.1,GenBank,set:6df43db5731be38071c4566e806f0878709ef17c,,,,East African cassava mosaic Kenya virus,Begomovirus manihotiskenyaense,Begomovirus,Geminiviridae,,Comoros:Anjouan:AJ25AE4:2009,DNA-B,"East African cassava mosaic Kenya virus isolate Comoros:Anjouan:AJ25AE4:2009 segment DNA-B, complete sequence",2767,complete,Comoros: Anjouan,Comoros,,Manihot esculenta,,"De Bruyn,A., Villemot,J., Lefeuvre,P., Villar,E., Hoareau,M., Harimalala,M., Abdoul-Karime,A.L., Abdou-Chakour,C., Reynaud,B., Harkins,G.W., Varsani,A., Martin,D.P., Lett,J.M., Lett,J.-M.","CIRAD, UMR PVBMT",France,1,2009,2012-06-20,ssDNA(+/-),B,comoros:anjouan:aj25ae4:2009,comoros:anjouan:aj25ae4:2009, || east african cassava mosaic kenya virus || begomovirus manihotiskenyaense || complete || comoros: anjouan || comoros || manihot esculenta || 2009 || comoros:anjouan:aj25ae4:2009
JF909211.1,GenBank,set:3b44b9a9d014a4a5b96d6dd6c31c364d76785c8a,,,,East African cassava mosaic Kenya virus,Begomovirus manihotiskenyaense,Begomovirus,Geminiviridae,,Comoros:Anjouan:AJ29AQ1:2009,DNA-B,"East African cassava mosaic Kenya virus isolate Comoros:Anjouan:AJ29AQ1:2009 segment DNA-B, complete sequence",2767,complete,Comoros: Anjouan,Comoros,,Manihot esculenta,,"De Bruyn,A., Villemot,J., Lefeuvre,P., Villar,E., Hoareau,M., Harimalala,M., Abdoul-Karime,A.L., Abdou-Chakour,C., Reynaud,B., Harkins,G.W., Varsani,A., Martin,D.P., Lett,J.M., Lett,J.-M.","CIRAD, UMR PVBMT",France,1,2009,2012-06-20,ssDNA(+/-),B,comoros:anjouan:aj29aq1:2009,comoros:anjouan:aj29aq1:2009, || east african cassava mosaic kenya virus || begomovirus manihotiskenyaense || complete || comoros: anjouan || comoros || manihot esculenta || 2009 || comoros:anjouan:aj29aq1:2009
JF909212.1,GenBank,set:69e884ed6a07d1832725ec122bfda8f373c767c8,,,,East African cassava mosaic Kenya virus,Begomovirus manihotiskenyaense,Begomovirus,Geminiviridae,,Comoros:Anjouan:AJ31AW1:2009,DNA-B,"East African cassava mosaic Kenya virus isolate Comoros:Anjouan:AJ31AW1:2009 segment DNA-B, complete sequence",2767,complete,Comoros: Anjouan,Comoros,,Manihot esculenta,,"De Bruyn,A., Villemot,J., Lefeuvre,P., Villar,E., Hoareau,M., Harimalala,M., Abdoul-Karime,A.L., Abdou-Chakour,C., Reynaud,B., Harkins,G.W., Varsani,A., Martin,D.P., Lett,J.M., Lett,J.-M.","CIRAD, UMR PVBMT",France,1,2009,2012-06-20,ssDNA(+/-),B,comoros:anjouan:aj31aw1:2009,comoros:anjouan:aj31aw1:2009, || east african cassava mosaic kenya virus || begomovirus manihotiskenyaense || complete || comoros: anjouan || comoros || manihot esculenta || 2009 || comoros:anjouan:aj31aw1:2009
JF909213.1,GenBank,set:c4843b91b0bc79cdb4e8d0b5039e5e1ced25fcdf,,,,East African cassava mosaic Kenya virus,Begomovirus manihotiskenyaense,Begomovirus,Geminiviridae,,Comoros:Grande-Comore:GC07AI3:2008,DNA-B,"East African cassava mosaic Kenya virus isolate Comoros:Grande-Comore:GC07AI3:2008 segment DNA-B, complete sequence",2744,complete,Comoros: Grande-Comore,Comoros,,Manihot esculenta,,"De Bruyn,A., Villemot,J., Lefeuvre,P., Villar,E., Hoareau,M., Harimalala,M., Abdoul-Karime,A.L., Abdou-Chakour,C., Reynaud,B., Harkins,G.W., Varsani,A., Martin,D.P., Lett,J.M., Lett,J.-M.","CIRAD, UMR PVBMT",France,1,2008,2012-06-20,ssDNA(+/-),B,comoros:grande-comore:gc07ai3:2008,comoros:grande-comore:gc07ai3:2008, || east african cassava mosaic kenya virus || begomovirus manihotiskenyaense || complete || comoros: grande-comore || comoros || manihot esculenta || 2008 || comoros:grande-comore:gc07ai3:2008
JF909214.1,GenBank,set:c3725a83b36a4da031fe476f29b928e000c83dbd,,,,East African cassava mosaic Kenya virus,Begomovirus manihotiskenyaense,Begomovirus,Geminiviridae,,Comoros:Grande-Comore:GC12AD4:2008,DNA-B,"East African cassava mosaic Kenya virus isolate Comoros:Grande-Comore:GC12AD4:2008 segment DNA-B, complete sequence",2745,complete,Comoros: Grande-Comore,Comoros,,Manihot esculenta,,"De Bruyn,A., Villemot,J., Lefeuvre,P., Villar,E., Hoareau,M., Harimalala,M., Abdoul-Karime,A.L., Abdou-Chakour,C., Reynaud,B., Harkins,G.W., Varsani,A., Martin,D.P., Lett,J.M., Lett,J.-M.","CIRAD, UMR PVBMT",France,1,2008,2012-06-20,ssDNA(+/-),B,comoros:grande-comore:gc12ad4:2008,comoros:grande-comore:gc12ad4:2008, || east african cassava mosaic kenya virus || begomovirus manihotiskenyaense || complete || comoros: grande-comore || comoros || manihot esculenta || 2008 || comoros:grande-comore:gc12ad4:2008
JF909215.1,GenBank,set:9c1d6960b747a689ce8453d52d8599bc516011d9,,,,East African cassava mosaic Kenya virus,Begomovirus manihotiskenyaense,Begomovirus,Geminiviridae,,Comoros:Grande-Comore:GC16AZ1:2004,DNA-B,"East African cassava mosaic Kenya virus isolate Comoros:Grande-Comore:GC16AZ1:2004 segment DNA-B, complete sequence",2754,complete,Comoros: Grande-Comore,Comoros,,Manihot esculenta,,"De Bruyn,A., Villemot,J., Lefeuvre,P., Villar,E., Hoareau,M., Harimalala,M., Abdoul-Karime,A.L., Abdou-Chakour,C., Reynaud,B., Harkins,G.W., Varsani,A., Martin,D.P., Lett,J.M., Lett,J.-M.","CIRAD, UMR PVBMT",France,1,2004,2012-06-20,ssDNA(+/-),B,comoros:grande-comore:gc16az1:2004,comoros:grande-comore:gc16az1:2004, || east african cassava mosaic kenya virus || begomovirus manihotiskenyaense || complete || comoros: grande-comore || comoros || manihot esculenta || 2004 || comoros:grande-comore:gc16az1:2004
JF909216.1,GenBank,set:25f7c43aefe83ca602a3fcfcd0480404b4d4f3da,,,,East African cassava mosaic Kenya virus,Begomovirus manihotiskenyaense,Begomovirus,Geminiviridae,,Comoros:Grande-Comore:GC26AA1:2009,DNA-B,"East African cassava mosaic Kenya virus isolate Comoros:Grande-Comore:GC26AA1:2009 segment DNA-B, complete sequence",2755,complete,Comoros: Grande-Comore,Comoros,,Manihot esculenta,,"De Bruyn,A., Villemot,J., Lefeuvre,P., Villar,E., Hoareau,M., Harimalala,M., Abdoul-Karime,A.L., Abdou-Chakour,C., Reynaud,B., Harkins,G.W., Varsani,A., Martin,D.P., Lett,J.M., Lett,J.-M.","CIRAD, UMR PVBMT",France,1,2009,2012-06-20,ssDNA(+/-),B,comoros:grande-comore:gc26aa1:2009,comoros:grande-comore:gc26aa1:2009, || east african cassava mosaic kenya virus || begomovirus manihotiskenyaense || complete || comoros: grande-comore || comoros || manihot esculenta || 2009 || comoros:grande-comore:gc26aa1:2009
JF909217.1,GenBank,set:ad6c565b6d946113ccb06cef17250388b5e0e8eb,,,,East African cassava mosaic Kenya virus,Begomovirus manihotiskenyaense,Begomovirus,Geminiviridae,,Comoros:Grande-Comore:GC34AA1:2009,DNA-B,"East African cassava mosaic Kenya virus isolate Comoros:Grande-Comore:GC34AA1:2009 segment DNA-B, complete sequence",2754,complete,Comoros: Grande-Comore,Comoros,,Manihot esculenta,,"De Bruyn,A., Villemot,J., Lefeuvre,P., Villar,E., Hoareau,M., Harimalala,M., Abdoul-Karime,A.L., Abdou-Chakour,C., Reynaud,B., Harkins,G.W., Varsani,A., Martin,D.P., Lett,J.M., Lett,J.-M.","CIRAD, UMR PVBMT",France,1,2009,2012-06-20,ssDNA(+/-),B,comoros:grande-comore:gc34aa1:2009,comoros:grande-comore:gc34aa1:2009, || east african cassava mosaic kenya virus || begomovirus manihotiskenyaense || complete || comoros: grande-comore || comoros || manihot esculenta || 2009 || comoros:grande-comore:gc34aa1:2009
JF909218.1,GenBank,set:86c8dd0973a27ca7eb19b5ba1b837862fe6fd262,,,,East African cassava mosaic Kenya virus,Begomovirus manihotiskenyaense,Begomovirus,Geminiviridae,,Comoros:Grande-Comore:GC40AF3:2009,DNA-B,"East African cassava mosaic Kenya virus isolate Comoros:Grande-Comore:GC40AF3:2009 segment DNA-B, complete sequence",2770,complete,Comoros: Grande-Comore,Comoros,,Manihot esculenta,,"De Bruyn,A., Villemot,J., Lefeuvre,P., Villar,E., Hoareau,M., Harimalala,M., Abdoul-Karime,A.L., Abdou-Chakour,C., Reynaud,B., Harkins,G.W., Varsani,A., Martin,D.P., Lett,J.M., Lett,J.-M.","CIRAD, UMR PVBMT",France,1,2009,2012-06-20,ssDNA(+/-),B,comoros:grande-comore:gc40af3:2009,comoros:grande-comore:gc40af3:2009, || east african cassava mosaic kenya virus || begomovirus manihotiskenyaense || complete || comoros: grande-comore || comoros || manihot esculenta || 2009 || comoros:grande-comore:gc40af3:2009
JF909219.1,GenBank,set:471e49d82c2513cc378ae69c8b568ade4e9e647a,,,,East African cassava mosaic Kenya virus,Begomovirus manihotiskenyaense,Begomovirus,Geminiviridae,,Comoros:Grande-Comore:GC40BY1:2009,DNA-B,"East African cassava mosaic Kenya virus isolate Comoros:Grande-Comore:GC40BY1:2009 segment DNA-B, complete sequence",2770,complete,Comoros: Grande-Comore,Comoros,,Manihot esculenta,,"De Bruyn,A., Villemot,J., Lefeuvre,P., Villar,E., Hoareau,M., Harimalala,M., Abdoul-Karime,A.L., Abdou-Chakour,C., Reynaud,B., Harkins,G.W., Varsani,A., Martin,D.P., Lett,J.M., Lett,J.-M.","CIRAD, UMR PVBMT",France,1,2009,2012-06-20,ssDNA(+/-),B,comoros:grande-comore:gc40by1:2009,comoros:grande-comore:gc40by1:2009, || east african cassava mosaic kenya virus || begomovirus manihotiskenyaense || complete || comoros: grande-comore || comoros || manihot esculenta || 2009 || comoros:grande-comore:gc40by1:2009
JF909220.1,GenBank,set:7c67835ddb79c6ff6f1ccb3bb8af911642f47962,,,,East African cassava mosaic Kenya virus,Begomovirus manihotiskenyaense,Begomovirus,Geminiviridae,,Comoros:Grande-Comore:GC45AF1:2009,DNA-B,"East African cassava mosaic Kenya virus isolate Comoros:Grande-Comore:GC45AF1:2009 segment DNA-B, complete sequence",2767,complete,Comoros: Grande-Comore,Comoros,,Manihot esculenta,,"De Bruyn,A., Villemot,J., Lefeuvre,P., Villar,E., Hoareau,M., Harimalala,M., Abdoul-Karime,A.L., Abdou-Chakour,C., Reynaud,B., Harkins,G.W., Varsani,A., Martin,D.P., Lett,J.M., Lett,J.-M.","CIRAD, UMR PVBMT",France,1,2009,2012-06-20,ssDNA(+/-),B,comoros:grande-comore:gc45af1:2009,comoros:grande-comore:gc45af1:2009, || east african cassava mosaic kenya virus || begomovirus manihotiskenyaense || complete || comoros: grande-comore || comoros || manihot esculenta || 2009 || comoros:grande-comore:gc45af1:2009
JF909221.1,GenBank,set:668f3705e3990bd639a9bda637e53b10cd8f0eb6,,,,East African cassava mosaic Kenya virus,Begomovirus manihotiskenyaense,Begomovirus,Geminiviridae,,Comoros:Grande-Comore:GC50AM4:2009,DNA-B,"East African cassava mosaic Kenya virus isolate Comoros:Grande-Comore:GC50AM4:2009 segment DNA-B, complete sequence",2750,complete,Comoros: Grande-Comore,Comoros,,Manihot esculenta,,"De Bruyn,A., Villemot,J., Lefeuvre,P., Villar,E., Hoareau,M., Harimalala,M., Abdoul-Karime,A.L., Abdou-Chakour,C., Reynaud,B., Harkins,G.W., Varsani,A., Martin,D.P., Lett,J.M., Lett,J.-M.","CIRAD, UMR PVBMT",France,1,2009,2012-06-20,ssDNA(+/-),B,comoros:grande-comore:gc50am4:2009,comoros:grande-comore:gc50am4:2009, || east african cassava mosaic kenya virus || begomovirus manihotiskenyaense || complete || comoros: grande-comore || comoros || manihot esculenta || 2009 || comoros:grande-comore:gc50am4:2009
JF909222.1,GenBank,set:3b0e35ccd61f8f2b6c1b305b0d487b8a1bedcdf8,,,,East African cassava mosaic Kenya virus,Begomovirus manihotiskenyaense,Begomovirus,Geminiviridae,,Comoros:Moheli:MO05AL2:2009,DNA-B,"East African cassava mosaic Kenya virus isolate Comoros:Moheli:MO05AL2:2009 segment DNA-B, complete sequence",2763,complete,Comoros: Moheli,Comoros,,Manihot esculenta,,"De Bruyn,A., Villemot,J., Lefeuvre,P., Villar,E., Hoareau,M., Harimalala,M., Abdoul-Karime,A.L., Abdou-Chakour,C., Reynaud,B., Harkins,G.W., Varsani,A., Martin,D.P., Lett,J.M., Lett,J.-M.","CIRAD, UMR PVBMT",France,1,2009,2012-06-20,ssDNA(+/-),B,comoros:moheli:mo05al2:2009,comoros:moheli:mo05al2:2009, || east african cassava mosaic kenya virus || begomovirus manihotiskenyaense || complete || comoros: moheli || comoros || manihot esculenta || 2009 || comoros:moheli:mo05al2:2009
JF909223.1,GenBank,set:238b9a3b84d8192f9fa5daca674f9c43ece6d15d,,,,East African cassava mosaic Kenya virus,Begomovirus manihotiskenyaense,Begomovirus,Geminiviridae,,Comoros:Moheli:MO14AC3:2009,DNA-B,"East African cassava mosaic Kenya virus isolate Comoros:Moheli:MO14AC3:2009 segment DNA-B, complete sequence",2775,complete,Comoros: Moheli,Comoros,,Manihot esculenta,,"De Bruyn,A., Villemot,J., Lefeuvre,P., Villar,E., Hoareau,M., Harimalala,M., Abdoul-Karime,A.L., Abdou-Chakour,C., Reynaud,B., Harkins,G.W., Varsani,A., Martin,D.P., Lett,J.M., Lett,J.-M.","CIRAD, UMR PVBMT",France,1,2009,2012-06-20,ssDNA(+/-),B,comoros:moheli:mo14ac3:2009,comoros:moheli:mo14ac3:2009, || east african cassava mosaic kenya virus || begomovirus manihotiskenyaense || complete || comoros: moheli || comoros || manihot esculenta || 2009 || comoros:moheli:mo14ac3:2009
JF909224.1,GenBank,set:d0e9ce4433436c39811cf44ccf0df2144a8cd6de,,,,East African cassava mosaic Kenya virus,Begomovirus manihotiskenyaense,Begomovirus,Geminiviridae,,Comoros:Moheli:MO16AF2:2009,DNA-B,"East African cassava mosaic Kenya virus isolate Comoros:Moheli:MO16AF2:2009 segment DNA-B, complete sequence",2762,complete,Comoros: Moheli,Comoros,,Manihot esculenta,,"De Bruyn,A., Villemot,J., Lefeuvre,P., Villar,E., Hoareau,M., Harimalala,M., Abdoul-Karime,A.L., Abdou-Chakour,C., Reynaud,B., Harkins,G.W., Varsani,A., Martin,D.P., Lett,J.M., Lett,J.-M.","CIRAD, UMR PVBMT",France,1,2009,2012-06-20,ssDNA(+/-),B,comoros:moheli:mo16af2:2009,comoros:moheli:mo16af2:2009, || east african cassava mosaic kenya virus || begomovirus manihotiskenyaense || complete || comoros: moheli || comoros || manihot esculenta || 2009 || comoros:moheli:mo16af2:2009
JF909225.1,GenBank,set:2eadf54a65d7f0112d2352779de1dd7ace643248,,,,East African cassava mosaic Kenya virus,Begomovirus manihotiskenyaense,Begomovirus,Geminiviridae,,Comoros:Moheli:MO17AM2:2009,DNA-B,"East African cassava mosaic Kenya virus isolate Comoros:Moheli:MO17AM2:2009 segment DNA-B, complete sequence",2762,complete,Comoros: Moheli,Comoros,,Manihot esculenta,,"De Bruyn,A., Villemot,J., Lefeuvre,P., Villar,E., Hoareau,M., Harimalala,M., Abdoul-Karime,A.L., Abdou-Chakour,C., Reynaud,B., Harkins,G.W., Varsani,A., Martin,D.P., Lett,J.M., Lett,J.-M.","CIRAD, UMR PVBMT",France,1,2009,2012-06-20,ssDNA(+/-),B,comoros:moheli:mo17am2:2009,comoros:moheli:mo17am2:2009, || east african cassava mosaic kenya virus || begomovirus manihotiskenyaense || complete || comoros: moheli || comoros || manihot esculenta || 2009 || comoros:moheli:mo17am2:2009
JF909226.1,GenBank,set:c793f481a58a17823fcc548bd61836b5518d813e,,,,East African cassava mosaic Kenya virus,Begomovirus manihotiskenyaense,Begomovirus,Geminiviridae,,Comoros:Moheli:MO21AD3:2009,DNA-B,"East African cassava mosaic Kenya virus isolate Comoros:Moheli:MO21AD3:2009 segment DNA-B, complete sequence",2755,complete,Comoros: Moheli,Comoros,,Manihot esculenta,,"De Bruyn,A., Villemot,J., Lefeuvre,P., Villar,E., Hoareau,M., Harimalala,M., Abdoul-Karime,A.L., Abdou-Chakour,C., Reynaud,B., Harkins,G.W., Varsani,A., Martin,D.P., Lett,J.M., Lett,J.-M.","CIRAD, UMR PVBMT",France,1,2009,2012-06-20,ssDNA(+/-),B,comoros:moheli:mo21ad3:2009,comoros:moheli:mo21ad3:2009, || east african cassava mosaic kenya virus || begomovirus manihotiskenyaense || complete || comoros: moheli || comoros || manihot esculenta || 2009 || comoros:moheli:mo21ad3:2009
JF909227.1,GenBank,set:c4d0e922a9845925f5de577169fc163749483709,,,,East African cassava mosaic Kenya virus,Begomovirus manihotiskenyaense,Begomovirus,Geminiviridae,,Seychelles:La Digue:SC04AP1:2009,DNA-B,"East African cassava mosaic Kenya virus isolate Seychelles:La Digue:SC04AP1:2009 segment DNA-B, complete sequence",2774,complete,Seychelles: La Digue,Seychelles,,Manihot esculenta,,"De Bruyn,A., Villemot,J., Lefeuvre,P., Villar,E., Hoareau,M., Harimalala,M., Abdoul-Karime,A.L., Abdou-Chakour,C., Reynaud,B., Harkins,G.W., Varsani,A., Martin,D.P., Lett,J.M., Lett,J.-M.","CIRAD, UMR PVBMT",France,1,2009,2012-06-20,ssDNA(+/-),B,seychelles:la digue:sc04ap1:2009,seychelles:la digue:sc04ap1:2009, || east african cassava mosaic kenya virus || begomovirus manihotiskenyaense || complete || seychelles: la digue || seychelles || manihot esculenta || 2009 || seychelles:la digue:sc04ap1:2009
JF909228.1,GenBank,set:d17dea06fce8d6d351f43111e1f93fedcb69a417,,,,East African cassava mosaic Kenya virus,Begomovirus manihotiskenyaense,Begomovirus,Geminiviridae,,Seychelles:Mahe:SC17AR2:2005,DNA-B,"East African cassava mosaic Kenya virus isolate Seychelles:Mahe:SC17AR2:2005 segment DNA-B, complete sequence",2774,complete,Seychelles: Mahe,Seychelles,,Manihot esculenta,,"De Bruyn,A., Villemot,J., Lefeuvre,P., Villar,E., Hoareau,M., Harimalala,M., Abdoul-Karime,A.L., Abdou-Chakour,C., Reynaud,B., Harkins,G.W., Varsani,A., Martin,D.P., Lett,J.M., Lett,J.-M.","CIRAD, UMR PVBMT",France,1,2005,2012-06-20,ssDNA(+/-),B,seychelles:mahe:sc17ar2:2005,seychelles:mahe:sc17ar2:2005, || east african cassava mosaic kenya virus || begomovirus manihotiskenyaense || complete || seychelles: mahe || seychelles || manihot esculenta || 2005 || seychelles:mahe:sc17ar2:2005
JF909229.1,GenBank,set:8db0042678cc2fe63b484d00ab2992044b18b68f,,,,East African cassava mosaic Kenya virus,Begomovirus manihotiskenyaense,Begomovirus,Geminiviridae,,Comoros:Mayotte:YT01A01:2005,DNA-B,"East African cassava mosaic Kenya virus isolate Comoros:Mayotte:YT01A01:2005 segment DNA-B, complete sequence",2765,complete,Mayotte,Mayotte,,Manihot esculenta,,"De Bruyn,A., Villemot,J., Lefeuvre,P., Villar,E., Hoareau,M., Harimalala,M., Abdoul-Karime,A.L., Abdou-Chakour,C., Reynaud,B., Harkins,G.W., Varsani,A., Martin,D.P., Lett,J.M., Lett,J.-M.","CIRAD, UMR PVBMT",France,1,2005,2012-06-20,ssDNA(+/-),B,comoros:mayotte:yt01a01:2005,comoros:mayotte:yt01a01:2005, || east african cassava mosaic kenya virus || begomovirus manihotiskenyaense || complete || mayotte || mayotte || manihot esculenta || 2005 || comoros:mayotte:yt01a01:2005
JF909230.1,GenBank,set:2b1fcf38c9350237adfdd391e79709ce265bbc5b,,,,East African cassava mosaic Kenya virus,Begomovirus manihotiskenyaense,Begomovirus,Geminiviridae,,Comoros:Mayotte:YT02A06:2005,DNA-B,"East African cassava mosaic Kenya virus isolate Comoros:Mayotte:YT02A06:2005 segment DNA-B, complete sequence",2762,complete,Mayotte,Mayotte,,Manihot esculenta,,"De Bruyn,A., Villemot,J., Lefeuvre,P., Villar,E., Hoareau,M., Harimalala,M., Abdoul-Karime,A.L., Abdou-Chakour,C., Reynaud,B., Harkins,G.W., Varsani,A., Martin,D.P., Lett,J.M., Lett,J.-M.","CIRAD, UMR PVBMT",France,1,2005,2012-06-20,ssDNA(+/-),B,comoros:mayotte:yt02a06:2005,comoros:mayotte:yt02a06:2005, || east african cassava mosaic kenya virus || begomovirus manihotiskenyaense || complete || mayotte || mayotte || manihot esculenta || 2005 || comoros:mayotte:yt02a06:2005
JF909231.1,GenBank,set:030cbbe07a4f92410643ff9557535bac3721bcca,,,,East African cassava mosaic Kenya virus,Begomovirus manihotiskenyaense,Begomovirus,Geminiviridae,,Comoros:Mayotte:YT07A31:2005,DNA-B,"East African cassava mosaic Kenya virus isolate Comoros:Mayotte:YT07A31:2005 segment DNA-B, complete sequence",2763,complete,Mayotte,Mayotte,,Manihot esculenta,,"De Bruyn,A., Villemot,J., Lefeuvre,P., Villar,E., Hoareau,M., Harimalala,M., Abdoul-Karime,A.L., Abdou-Chakour,C., Reynaud,B., Harkins,G.W., Varsani,A., Martin,D.P., Lett,J.M., Lett,J.-M.","CIRAD, UMR PVBMT",France,1,2005,2012-06-20,ssDNA(+/-),B,comoros:mayotte:yt07a31:2005,comoros:mayotte:yt07a31:2005, || east african cassava mosaic kenya virus || begomovirus manihotiskenyaense || complete || mayotte || mayotte || manihot esculenta || 2005 || comoros:mayotte:yt07a31:2005
JF909232.1,GenBank,set:c896b39e0d25306a290650b7380b13785634bb71,,,,East African cassava mosaic Kenya virus,Begomovirus manihotiskenyaense,Begomovirus,Geminiviridae,,Comoros:Mayotte:YT08A36:2005,DNA-B,"East African cassava mosaic Kenya virus isolate Comoros:Mayotte:YT08A36:2005 segment DNA-B, complete sequence",2766,complete,Mayotte,Mayotte,,Manihot esculenta,,"De Bruyn,A., Villemot,J., Lefeuvre,P., Villar,E., Hoareau,M., Harimalala,M., Abdoul-Karime,A.L., Abdou-Chakour,C., Reynaud,B., Harkins,G.W., Varsani,A., Martin,D.P., Lett,J.M., Lett,J.-M.","CIRAD, UMR PVBMT",France,1,2005,2012-06-20,ssDNA(+/-),B,comoros:mayotte:yt08a36:2005,comoros:mayotte:yt08a36:2005, || east african cassava mosaic kenya virus || begomovirus manihotiskenyaense || complete || mayotte || mayotte || manihot esculenta || 2005 || comoros:mayotte:yt08a36:2005
JF909233.1,GenBank,set:ffa21af669c51fa8f531c7d9672a8dd1625eb533,,,,East African cassava mosaic Kenya virus,Begomovirus manihotiskenyaense,Begomovirus,Geminiviridae,,Comoros:Mayotte:YT10A46:2005,DNA-B,"East African cassava mosaic Kenya virus isolate Comoros:Mayotte:YT10A46:2005 segment DNA-B, complete sequence",2761,complete,Mayotte,Mayotte,,Manihot esculenta,,"De Bruyn,A., Villemot,J., Lefeuvre,P., Villar,E., Hoareau,M., Harimalala,M., Abdoul-Karime,A.L., Abdou-Chakour,C., Reynaud,B., Harkins,G.W., Varsani,A., Martin,D.P., Lett,J.M., Lett,J.-M.","CIRAD, UMR PVBMT",France,1,2005,2012-06-20,ssDNA(+/-),B,comoros:mayotte:yt10a46:2005,comoros:mayotte:yt10a46:2005, || east african cassava mosaic kenya virus || begomovirus manihotiskenyaense || complete || mayotte || mayotte || manihot esculenta || 2005 || comoros:mayotte:yt10a46:2005
JF909234.1,GenBank,set:eb11d588df8ea1e39a5dafe2652afba72de1735e,,,,East African cassava mosaic Kenya virus,Begomovirus manihotiskenyaense,Begomovirus,Geminiviridae,,Comoros:Mayotte:YT11A51:2005,DNA-B,"East African cassava mosaic Kenya virus isolate Comoros:Mayotte:YT11A51:2005 segment DNA-B, complete sequence",2768,complete,Mayotte,Mayotte,,Manihot esculenta,,"De Bruyn,A., Villemot,J., Lefeuvre,P., Villar,E., Hoareau,M., Harimalala,M., Abdoul-Karime,A.L., Abdou-Chakour,C., Reynaud,B., Harkins,G.W., Varsani,A., Martin,D.P., Lett,J.M., Lett,J.-M.","CIRAD, UMR PVBMT",France,1,2005,2012-06-20,ssDNA(+/-),B,comoros:mayotte:yt11a51:2005,comoros:mayotte:yt11a51:2005, || east african cassava mosaic kenya virus || begomovirus manihotiskenyaense || complete || mayotte || mayotte || manihot esculenta || 2005 || comoros:mayotte:yt11a51:2005
JF909235.1,GenBank,set:c81c6cef595367c9eccb6fc2bdf21f89a9875c32,,,,East African cassava mosaic Kenya virus,Begomovirus manihotiskenyaense,Begomovirus,Geminiviridae,,Comoros:Mayotte:YT12A56:2005,DNA-B,"East African cassava mosaic Kenya virus isolate Comoros:Mayotte:YT12A56:2005 segment DNA-B, complete sequence",2761,complete,Mayotte,Mayotte,,Manihot esculenta,,"De Bruyn,A., Villemot,J., Lefeuvre,P., Villar,E., Hoareau,M., Harimalala,M., Abdoul-Karime,A.L., Abdou-Chakour,C., Reynaud,B., Harkins,G.W., Varsani,A., Martin,D.P., Lett,J.M., Lett,J.-M.","CIRAD, UMR PVBMT",France,1,2005,2012-06-20,ssDNA(+/-),B,comoros:mayotte:yt12a56:2005,comoros:mayotte:yt12a56:2005, || east african cassava mosaic kenya virus || begomovirus manihotiskenyaense || complete || mayotte || mayotte || manihot esculenta || 2005 || comoros:mayotte:yt12a56:2005
JF909236.1,GenBank,set:597bcfc910b657b20f66a0868d850c8d62ff0eef,,,,East African cassava mosaic Kenya virus,Begomovirus manihotiskenyaense,Begomovirus,Geminiviridae,,Comoros:Mayotte:YT23A02:2003,DNA-B,"East African cassava mosaic Kenya virus isolate Comoros:Mayotte:YT23A02:2003 segment DNA-B, complete sequence",2764,complete,Mayotte,Mayotte,,Manihot esculenta,,"De Bruyn,A., Villemot,J., Lefeuvre,P., Villar,E., Hoareau,M., Harimalala,M., Abdoul-Karime,A.L., Abdou-Chakour,C., Reynaud,B., Harkins,G.W., Varsani,A., Martin,D.P., Lett,J.M., Lett,J.-M.","CIRAD, UMR PVBMT",France,1,2003,2012-06-20,ssDNA(+/-),B,comoros:mayotte:yt23a02:2003,comoros:mayotte:yt23a02:2003, || east african cassava mosaic kenya virus || begomovirus manihotiskenyaense || complete || mayotte || mayotte || manihot esculenta || 2003 || comoros:mayotte:yt23a02:2003
JF909237.1,GenBank,set:1b40b88158e862c94dd204711def844267e1a337,,,,East African cassava mosaic Kenya virus,Begomovirus manihotiskenyaense,Begomovirus,Geminiviridae,,Comoros:Mayotte:YT25A13:2003,DNA-B,"East African cassava mosaic Kenya virus isolate Comoros:Mayotte:YT25A13:2003 segment DNA-B, complete sequence",2762,complete,Mayotte,Mayotte,,Manihot esculenta,,"De Bruyn,A., Villemot,J., Lefeuvre,P., Villar,E., Hoareau,M., Harimalala,M., Abdoul-Karime,A.L., Abdou-Chakour,C., Reynaud,B., Harkins,G.W., Varsani,A., Martin,D.P., Lett,J.M., Lett,J.-M.","CIRAD, UMR PVBMT",France,1,2003,2012-06-20,ssDNA(+/-),B,comoros:mayotte:yt25a13:2003,comoros:mayotte:yt25a13:2003, || east african cassava mosaic kenya virus || begomovirus manihotiskenyaense || complete || mayotte || mayotte || manihot esculenta || 2003 || comoros:mayotte:yt25a13:2003
JF909238.1,GenBank,set:bb4eee9b19dff2d30abcaec6d6604129f5fd5c62,,,,East African cassava mosaic Kenya virus,Begomovirus manihotiskenyaense,Begomovirus,Geminiviridae,,Comoros:Mayotte:YT33A26:2003,DNA-B,"East African cassava mosaic Kenya virus isolate Comoros:Mayotte:YT33A26:2003 segment DNA-B, complete sequence",2761,complete,Mayotte,Mayotte,,Manihot esculenta,,"De Bruyn,A., Villemot,J., Lefeuvre,P., Villar,E., Hoareau,M., Harimalala,M., Abdoul-Karime,A.L., Abdou-Chakour,C., Reynaud,B., Harkins,G.W., Varsani,A., Martin,D.P., Lett,J.M., Lett,J.-M.","CIRAD, UMR PVBMT",France,1,2003,2012-06-20,ssDNA(+/-),B,comoros:mayotte:yt33a26:2003,comoros:mayotte:yt33a26:2003, || east african cassava mosaic kenya virus || begomovirus manihotiskenyaense || complete || mayotte || mayotte || manihot esculenta || 2003 || comoros:mayotte:yt33a26:2003
JF909239.1,GenBank,set:a1e88869a605ec9c50b5f5592a48dde19ef6e693,,,,East African cassava mosaic Kenya virus,Begomovirus manihotiskenyaense,Begomovirus,Geminiviridae,,Comoros:Mayotte:YT36A77:2004,DNA-B,"East African cassava mosaic Kenya virus isolate Comoros:Mayotte:YT36A77:2004 segment DNA-B, complete sequence",2684,complete,Mayotte,Mayotte,,Manihot esculenta,,"De Bruyn,A., Villemot,J., Lefeuvre,P., Villar,E., Hoareau,M., Harimalala,M., Abdoul-Karime,A.L., Abdou-Chakour,C., Reynaud,B., Harkins,G.W., Varsani,A., Martin,D.P., Lett,J.M., Lett,J.-M.","CIRAD, UMR PVBMT",France,1,2004,2012-06-20,ssDNA(+/-),B,comoros:mayotte:yt36a77:2004,comoros:mayotte:yt36a77:2004, || east african cassava mosaic kenya virus || begomovirus manihotiskenyaense || complete || mayotte || mayotte || manihot esculenta || 2004 || comoros:mayotte:yt36a77:2004
JF909240.1,GenBank,set:fc89cbf37f065758bf0957d5b6a09312069e7983,,,,East African cassava mosaic Kenya virus,Begomovirus manihotiskenyaense,Begomovirus,Geminiviridae,,Comoros:Mayotte:YT39A37:2004,DNA-B,"East African cassava mosaic Kenya virus isolate Comoros:Mayotte:YT39A37:2004 segment DNA-B, complete sequence",2762,complete,Mayotte,Mayotte,,Manihot esculenta,,"De Bruyn,A., Villemot,J., Lefeuvre,P., Villar,E., Hoareau,M., Harimalala,M., Abdoul-Karime,A.L., Abdou-Chakour,C., Reynaud,B., Harkins,G.W., Varsani,A., Martin,D.P., Lett,J.M., Lett,J.-M.","CIRAD, UMR PVBMT",France,1,2004,2012-06-20,ssDNA(+/-),B,comoros:mayotte:yt39a37:2004,comoros:mayotte:yt39a37:2004, || east african cassava mosaic kenya virus || begomovirus manihotiskenyaense || complete || mayotte || mayotte || manihot esculenta || 2004 || comoros:mayotte:yt39a37:2004
JF909241.1,GenBank,set:9a10a554a67d09f7d559695f2ecfbb78b63cb682,,,,East African cassava mosaic Kenya virus,Begomovirus manihotiskenyaense,Begomovirus,Geminiviridae,,Comoros:Mayotte:YT42A41:2008,DNA-B,"East African cassava mosaic Kenya virus isolate Comoros:Mayotte:YT42A41:2008 segment DNA-B, complete sequence",2761,complete,Mayotte,Mayotte,,Manihot esculenta,,"De Bruyn,A., Villemot,J., Lefeuvre,P., Villar,E., Hoareau,M., Harimalala,M., Abdoul-Karime,A.L., Abdou-Chakour,C., Reynaud,B., Harkins,G.W., Varsani,A., Martin,D.P., Lett,J.M., Lett,J.-M.","CIRAD, UMR PVBMT",France,1,2008,2012-06-20,ssDNA(+/-),B,comoros:mayotte:yt42a41:2008,comoros:mayotte:yt42a41:2008, || east african cassava mosaic kenya virus || begomovirus manihotiskenyaense || complete || mayotte || mayotte || manihot esculenta || 2008 || comoros:mayotte:yt42a41:2008
JF909242.1,GenBank,set:53fb0c9d1023b252217334f877a89b0e4bc8ed26,,,,East African cassava mosaic Kenya virus,Begomovirus manihotiskenyaense,Begomovirus,Geminiviridae,,Comoros:Mayotte:YT42B03:2008,DNA-B,"East African cassava mosaic Kenya virus isolate Comoros:Mayotte:YT42B03:2008 segment DNA-B, complete sequence",2762,complete,Mayotte,Mayotte,,Manihot esculenta,,"De Bruyn,A., Villemot,J., Lefeuvre,P., Villar,E., Hoareau,M., Harimalala,M., Abdoul-Karime,A.L., Abdou-Chakour,C., Reynaud,B., Harkins,G.W., Varsani,A., Martin,D.P., Lett,J.M., Lett,J.-M.","CIRAD, UMR PVBMT",France,1,2008,2012-06-20,ssDNA(+/-),B,comoros:mayotte:yt42b03:2008,comoros:mayotte:yt42b03:2008, || east african cassava mosaic kenya virus || begomovirus manihotiskenyaense || complete || mayotte || mayotte || manihot esculenta || 2008 || comoros:mayotte:yt42b03:2008
JF909243.1,GenBank,set:a6895d7d1d527f568cf9e33cb74bedb24b931160,,,,East African cassava mosaic Kenya virus,Begomovirus manihotiskenyaense,Begomovirus,Geminiviridae,,Comoros:Mayotte:YT43A46:2008,DNA-B,"East African cassava mosaic Kenya virus isolate Comoros:Mayotte:YT43A46:2008 segment DNA-B, complete sequence",2766,complete,Mayotte,Mayotte,,Manihot esculenta,,"De Bruyn,A., Villemot,J., Lefeuvre,P., Villar,E., Hoareau,M., Harimalala,M., Abdoul-Karime,A.L., Abdou-Chakour,C., Reynaud,B., Harkins,G.W., Varsani,A., Martin,D.P., Lett,J.M., Lett,J.-M.","CIRAD, UMR PVBMT",France,1,2008,2012-06-20,ssDNA(+/-),B,comoros:mayotte:yt43a46:2008,comoros:mayotte:yt43a46:2008, || east african cassava mosaic kenya virus || begomovirus manihotiskenyaense || complete || mayotte || mayotte || manihot esculenta || 2008 || comoros:mayotte:yt43a46:2008
JF909244.1,GenBank,set:c6f645da735a6a9ba8006aa1d9100c3c5736e9db,,,,East African cassava mosaic Kenya virus,Begomovirus manihotiskenyaense,Begomovirus,Geminiviridae,,Comoros:Mayotte:YT43B04:2008,DNA-B,"East African cassava mosaic Kenya virus isolate Comoros:Mayotte:YT43B04:2008 segment DNA-B, complete sequence",2766,complete,Mayotte,Mayotte,,Manihot esculenta,,"De Bruyn,A., Villemot,J., Lefeuvre,P., Villar,E., Hoareau,M., Harimalala,M., Abdoul-Karime,A.L., Abdou-Chakour,C., Reynaud,B., Harkins,G.W., Varsani,A., Martin,D.P., Lett,J.M., Lett,J.-M.","CIRAD, UMR PVBMT",France,1,2008,2012-06-20,ssDNA(+/-),B,comoros:mayotte:yt43b04:2008,comoros:mayotte:yt43b04:2008, || east african cassava mosaic kenya virus || begomovirus manihotiskenyaense || complete || mayotte || mayotte || manihot esculenta || 2008 || comoros:mayotte:yt43b04:2008
JF909245.1,GenBank,set:7cc94e5e6c3cf771c13752f5712085cc063e0f2b,,,,East African cassava mosaic Kenya virus,Begomovirus manihotiskenyaense,Begomovirus,Geminiviridae,,Comoros:Mayotte:YT44A51:2008,DNA-B,"East African cassava mosaic Kenya virus isolate Comoros:Mayotte:YT44A51:2008 segment DNA-B, complete sequence",2764,complete,Mayotte,Mayotte,,Manihot esculenta,,"De Bruyn,A., Villemot,J., Lefeuvre,P., Villar,E., Hoareau,M., Harimalala,M., Abdoul-Karime,A.L., Abdou-Chakour,C., Reynaud,B., Harkins,G.W., Varsani,A., Martin,D.P., Lett,J.M., Lett,J.-M.","CIRAD, UMR PVBMT",France,1,2008,2012-06-20,ssDNA(+/-),B,comoros:mayotte:yt44a51:2008,comoros:mayotte:yt44a51:2008, || east african cassava mosaic kenya virus || begomovirus manihotiskenyaense || complete || mayotte || mayotte || manihot esculenta || 2008 || comoros:mayotte:yt44a51:2008
JF909246.1,GenBank,set:0965c366c611804f33178c1c329e5640c4e2e7be,,,,East African cassava mosaic Kenya virus,Begomovirus manihotiskenyaense,Begomovirus,Geminiviridae,,Comoros:Mayotte:YT45B07:2008,DNA-B,"East African cassava mosaic Kenya virus isolate Comoros:Mayotte:YT45B07:2008 segment DNA-B, complete sequence",2767,complete,Mayotte,Mayotte,,Manihot esculenta,,"De Bruyn,A., Villemot,J., Lefeuvre,P., Villar,E., Hoareau,M., Harimalala,M., Abdoul-Karime,A.L., Abdou-Chakour,C., Reynaud,B., Harkins,G.W., Varsani,A., Martin,D.P., Lett,J.M., Lett,J.-M.","CIRAD, UMR PVBMT",France,1,2008,2012-06-20,ssDNA(+/-),B,comoros:mayotte:yt45b07:2008,comoros:mayotte:yt45b07:2008, || east african cassava mosaic kenya virus || begomovirus manihotiskenyaense || complete || mayotte || mayotte || manihot esculenta || 2008 || comoros:mayotte:yt45b07:2008
JF909247.1,GenBank,set:a8c79e57c162a50405a0597f5eeefbadb89766ce,,,,East African cassava mosaic Kenya virus,Begomovirus manihotiskenyaense,Begomovirus,Geminiviridae,,Comoros:Mayotte:YT45E12:2008,DNA-B,"East African cassava mosaic Kenya virus isolate Comoros:Mayotte:YT45E12:2008 segment DNA-B, complete sequence",2767,complete,Mayotte,Mayotte,,Manihot esculenta,,"De Bruyn,A., Villemot,J., Lefeuvre,P., Villar,E., Hoareau,M., Harimalala,M., Abdoul-Karime,A.L., Abdou-Chakour,C., Reynaud,B., Harkins,G.W., Varsani,A., Martin,D.P., Lett,J.M., Lett,J.-M.","CIRAD, UMR PVBMT",France,1,2008,2012-06-20,ssDNA(+/-),B,comoros:mayotte:yt45e12:2008,comoros:mayotte:yt45e12:2008, || east african cassava mosaic kenya virus || begomovirus manihotiskenyaense || complete || mayotte || mayotte || manihot esculenta || 2008 || comoros:mayotte:yt45e12:2008
JF909248.1,GenBank,set:43383fda5e5c9b29a96893ea55da84965ccebf9f,,,,East African cassava mosaic Kenya virus,Begomovirus manihotiskenyaense,Begomovirus,Geminiviridae,,Comoros:Mayotte:YT49B14:2008,DNA-B,"East African cassava mosaic Kenya virus isolate Comoros:Mayotte:YT49B14:2008 segment DNA-B, complete sequence",2767,complete,Mayotte,Mayotte,,Manihot esculenta,,"De Bruyn,A., Villemot,J., Lefeuvre,P., Villar,E., Hoareau,M., Harimalala,M., Abdoul-Karime,A.L., Abdou-Chakour,C., Reynaud,B., Harkins,G.W., Varsani,A., Martin,D.P., Lett,J.M., Lett,J.-M.","CIRAD, UMR PVBMT",France,1,2008,2012-06-20,ssDNA(+/-),B,comoros:mayotte:yt49b14:2008,comoros:mayotte:yt49b14:2008, || east african cassava mosaic kenya virus || begomovirus manihotiskenyaense || complete || mayotte || mayotte || manihot esculenta || 2008 || comoros:mayotte:yt49b14:2008
JF909249.1,GenBank,set:306bdb6aea7013c67f081553be0ab9e7a7aa49fa,,,,East African cassava mosaic Kenya virus,Begomovirus manihotiskenyaense,Begomovirus,Geminiviridae,,Comoros:Mayotte:YT50A75:2008,DNA-B,"East African cassava mosaic Kenya virus isolate Comoros:Mayotte:YT50A75:2008 segment DNA-B, complete sequence",2761,complete,Mayotte,Mayotte,,Manihot esculenta,,"De Bruyn,A., Villemot,J., Lefeuvre,P., Villar,E., Hoareau,M., Harimalala,M., Abdoul-Karime,A.L., Abdou-Chakour,C., Reynaud,B., Harkins,G.W., Varsani,A., Martin,D.P., Lett,J.M., Lett,J.-M.","CIRAD, UMR PVBMT",France,1,2008,2012-06-20,ssDNA(+/-),B,comoros:mayotte:yt50a75:2008,comoros:mayotte:yt50a75:2008, || east african cassava mosaic kenya virus || begomovirus manihotiskenyaense || complete || mayotte || mayotte || manihot esculenta || 2008 || comoros:mayotte:yt50a75:2008
JF909250.1,GenBank,set:157fce4702246a47ec200ff14da9ffa5edd21619,,,,East African cassava mosaic Kenya virus,Begomovirus manihotiskenyaense,Begomovirus,Geminiviridae,,Comoros:Mayotte:YT51A01:2008,DNA-B,"East African cassava mosaic Kenya virus isolate Comoros:Mayotte:YT51A01:2008 segment DNA-B, complete sequence",2746,complete,Mayotte,Mayotte,,Manihot esculenta,,"De Bruyn,A., Villemot,J., Lefeuvre,P., Villar,E., Hoareau,M., Harimalala,M., Abdoul-Karime,A.L., Abdou-Chakour,C., Reynaud,B., Harkins,G.W., Varsani,A., Martin,D.P., Lett,J.M., Lett,J.-M.","CIRAD, UMR PVBMT",France,1,2008,2012-06-20,ssDNA(+/-),B,comoros:mayotte:yt51a01:2008,comoros:mayotte:yt51a01:2008, || east african cassava mosaic kenya virus || begomovirus manihotiskenyaense || complete || mayotte || mayotte || manihot esculenta || 2008 || comoros:mayotte:yt51a01:2008
JF909251.1,GenBank,set:a99df178abdc2682c8c30a7ede765959ac3abbf5,,,,East African cassava mosaic Kenya virus,Begomovirus manihotiskenyaense,Begomovirus,Geminiviridae,,Comoros:Mayotte:YT53B10:2008,DNA-B,"East African cassava mosaic Kenya virus isolate Comoros:Mayotte:YT53B10:2008 segment DNA-B, complete sequence",2763,complete,Mayotte,Mayotte,,Manihot esculenta,,"De Bruyn,A., Villemot,J., Lefeuvre,P., Villar,E., Hoareau,M., Harimalala,M., Abdoul-Karime,A.L., Abdou-Chakour,C., Reynaud,B., Harkins,G.W., Varsani,A., Martin,D.P., Lett,J.M., Lett,J.-M.","CIRAD, UMR PVBMT",France,1,2008,2012-06-20,ssDNA(+/-),B,comoros:mayotte:yt53b10:2008,comoros:mayotte:yt53b10:2008, || east african cassava mosaic kenya virus || begomovirus manihotiskenyaense || complete || mayotte || mayotte || manihot esculenta || 2008 || comoros:mayotte:yt53b10:2008
JF909252.1,GenBank,set:e45961d132576ff3adee6c39bb15c5dec14f52bb,,,,East African cassava mosaic Kenya virus,Begomovirus manihotiskenyaense,Begomovirus,Geminiviridae,,Comoros:Mayotte:YT58A27:2008,DNA-B,"East African cassava mosaic Kenya virus isolate Comoros:Mayotte:YT58A27:2008 segment DNA-B, complete sequence",2766,complete,Mayotte,Mayotte,,Manihot esculenta,,"De Bruyn,A., Villemot,J., Lefeuvre,P., Villar,E., Hoareau,M., Harimalala,M., Abdoul-Karime,A.L., Abdou-Chakour,C., Reynaud,B., Harkins,G.W., Varsani,A., Martin,D.P., Lett,J.M., Lett,J.-M.","CIRAD, UMR PVBMT",France,1,2008,2012-06-20,ssDNA(+/-),B,comoros:mayotte:yt58a27:2008,comoros:mayotte:yt58a27:2008, || east african cassava mosaic kenya virus || begomovirus manihotiskenyaense || complete || mayotte || mayotte || manihot esculenta || 2008 || comoros:mayotte:yt58a27:2008
JF909253.1,GenBank,set:1f99a8c16154fdfa28aa0c98ae7235d45d3d875a,,,,East African cassava mosaic Kenya virus,Begomovirus manihotiskenyaense,Begomovirus,Geminiviridae,,Comoros:Mayotte:YT58B26:2008,DNA-B,"East African cassava mosaic Kenya virus isolate Comoros:Mayotte:YT58B26:2008 segment DNA-B, complete sequence",2768,complete,Mayotte,Mayotte,,Manihot esculenta,,"De Bruyn,A., Villemot,J., Lefeuvre,P., Villar,E., Hoareau,M., Harimalala,M., Abdoul-Karime,A.L., Abdou-Chakour,C., Reynaud,B., Harkins,G.W., Varsani,A., Martin,D.P., Lett,J.M., Lett,J.-M.","CIRAD, UMR PVBMT",France,1,2008,2012-06-20,ssDNA(+/-),B,comoros:mayotte:yt58b26:2008,comoros:mayotte:yt58b26:2008, || east african cassava mosaic kenya virus || begomovirus manihotiskenyaense || complete || mayotte || mayotte || manihot esculenta || 2008 || comoros:mayotte:yt58b26:2008
JF909254.1,GenBank,set:54412407cf01e474f666fac48f5af6eb8786fd89,,,,East African cassava mosaic Kenya virus,Begomovirus manihotiskenyaense,Begomovirus,Geminiviridae,,Comoros:Mayotte:YT72AL1:2008,DNA-B,"East African cassava mosaic Kenya virus isolate Comoros:Mayotte:YT72AL1:2008 segment DNA-B, complete sequence",2768,complete,Mayotte,Mayotte,,Manihot esculenta,,"De Bruyn,A., Villemot,J., Lefeuvre,P., Villar,E., Hoareau,M., Harimalala,M., Abdoul-Karime,A.L., Abdou-Chakour,C., Reynaud,B., Harkins,G.W., Varsani,A., Martin,D.P., Lett,J.M., Lett,J.-M.","CIRAD, UMR PVBMT",France,1,2008,2012-06-20,ssDNA(+/-),B,comoros:mayotte:yt72al1:2008,comoros:mayotte:yt72al1:2008, || east african cassava mosaic kenya virus || begomovirus manihotiskenyaense || complete || mayotte || mayotte || manihot esculenta || 2008 || comoros:mayotte:yt72al1:2008
JF909255.1,GenBank,set:3da03409185b56111c275ccfc8de673894ab4df3,,,,East African cassava mosaic Kenya virus,Begomovirus manihotiskenyaense,Begomovirus,Geminiviridae,,Comoros:Mayotte:YT72B18:2008,DNA-B,"East African cassava mosaic Kenya virus isolate Comoros:Mayotte:YT72B18:2008 segment DNA-B, complete sequence",2769,complete,Mayotte,Mayotte,,Manihot esculenta,,"De Bruyn,A., Villemot,J., Lefeuvre,P., Villar,E., Hoareau,M., Harimalala,M., Abdoul-Karime,A.L., Abdou-Chakour,C., Reynaud,B., Harkins,G.W., Varsani,A., Martin,D.P., Lett,J.M., Lett,J.-M.","CIRAD, UMR PVBMT",France,1,2008,2012-06-20,ssDNA(+/-),B,comoros:mayotte:yt72b18:2008,comoros:mayotte:yt72b18:2008, || east african cassava mosaic kenya virus || begomovirus manihotiskenyaense || complete || mayotte || mayotte || manihot esculenta || 2008 || comoros:mayotte:yt72b18:2008
